run_id,platform,label,N,frames,duration_ms,fps_mean,fps_median,fps_p1_low,fps_p5_low,frame_ms_mean,frame_ms_median,frame_ms_stddev,frame_ms_p95,frame_ms_p99,frame_ms_max,jank_60_share,jank_30_share,update_ms_median,update_ms_p99,render_ms_median,render_ms_p99,other_ms_median,gpu_ms_median,gpu_ms_p99,gpu_samples,heap_mb_start,heap_mb_peak,heap_mb_end
amd-ryzen-5 · chrome|s5|005_r3f-state_i1,amd-ryzen-5 · chrome,r3f-state,100,1434.0,3000.795,477.8733635583722,492.6108376011435,314.6774556327698,349.0315603314644,2.0926046025117073,2.0299999993294477,0.24603363967340733,2.625,2.9733499999716884,3.594999998807907,0.0,0.0,0.08499999903142452,0.17500000074505806,0.49499999918043613,0.6949999996833504,1.4450000002980232,0.05264,0.05872,1433.0,13.6322,26.866,22.6665
amd-ryzen-5 · chrome|s5|005_r3f-state_i1,amd-ryzen-5 · chrome,r3f-state,141,1195.0,3002.25,398.0348072279124,405.6795132091079,286.7570385723877,314.5492349424139,2.5123430962343094,2.4649999998509884,0.2258466099905778,2.956499999761581,3.246800000891088,4.014999998733401,0.0,0.0,0.0949999988079071,0.1699999999254942,0.625,0.724999999627471,1.7299999985843897,0.06512,0.06785119999999999,1194.0,22.9602,35.0258,35.0258
amd-ryzen-5 · chrome|s5|005_r3f-state_i1,amd-ryzen-5 · chrome,r3f-state,200,951.0,3001.0,316.8943685438187,325.2032521113155,225.81859237380033,254.12273585766937,3.155625657202944,3.074999999254942,0.2661757487363712,3.6299999998882413,4.250000000931323,4.75,0.0,0.0,0.12000000104308128,0.19749999884516,0.7899999991059303,0.9849999994039536,2.1549999993294477,0.09264,0.1041632,950.0,43.4506,51.4497,21.824
amd-ryzen-5 · chrome|s5|005_r3f-state_i1,amd-ryzen-5 · chrome,r3f-state,283,709.0,3002.42,236.14284477188988,243.0133657219155,182.33915081769516,198.1599433828733,4.234724964738964,4.115000000223517,0.29379282682736396,4.763000000268221,5.297600000649689,5.695000000298023,0.0,0.0,0.15000000037252903,0.22000000067055225,1.075000001117587,1.3288000000268214,2.875,0.15056,0.19967199999999988,708.0,48.2873,57.9185,54.67
amd-ryzen-5 · chrome|s5|005_r3f-state_i1,amd-ryzen-5 · chrome,r3f-state,400,517.0,3005.09,172.04143636297937,175.2848378592358,101.25556905461755,136.54486864116924,5.812553191489074,5.705000000074506,0.6427281512639137,6.426000000536442,7.0514000011980515,18.805000001564622,0.0019342359767891683,0.0,0.2350000012665987,0.3342000007629393,1.5700000002980232,1.8100000005215406,3.8850000016391277,0.26504,0.27069600000000005,516.0,62.8698,65.0104,46.2106
amd-ryzen-5 · chrome|s5|005_r3f-state_i1,amd-ryzen-5 · chrome,r3f-state,566,347.0,3003.28,115.54034255875652,119.54572623709258,80.65600215018047,89.32089846263064,8.654985590781534,8.365000000223517,0.7379461517843069,10.371499999798834,11.690399999395012,12.830000000074506,0.0,0.0,0.3799999989569187,1.535400000214577,2.405000001192093,3.361200000308455,5.589999999850988,0.35504,0.362256,346.0,57.9568,57.9568,51.7249
amd-ryzen-5 · chrome|s5|005_r3f-state_i1,amd-ryzen-5 · chrome,r3f-state,800,263.0,3003.92,87.55226504034945,90.45680687715588,64.90345610621313,73.2538810454908,11.421749049429375,11.054999999701977,0.782279760613893,13.032999998517335,13.645899999886751,15.419999999925494,0.0,0.0,0.47000000067055225,0.6307000002264976,3.224999999627471,3.691899999789894,7.349999999627471,0.54544,0.7258303999999998,262.0,66.3669,76.3253,76.3253
amd-ryzen-5 · chrome|s5|005_r3f-state_i1,amd-ryzen-5 · chrome,r3f-state,1131,186.0,3004.685,61.90332763670169,64.02048655523977,47.93863854403517,51.68107037197072,16.154220430100317,15.620000000111759,1.1113199164764158,18.80375000135973,19.458999999612576,20.859999999403954,0.21505376344086022,0.0,0.6449999995529652,0.9322499997913838,4.679999999701977,6.382750000432137,10.27250000089407,2.20312,3.0850927999999973,185.0,78.4306,94.4996,66.8259
amd-ryzen-5 · chrome|s5|005_r3f-state_i1,amd-ryzen-5 · chrome,r3f-state,1600,124.0,3001.215,41.316600110290715,42.18964244171936,35.2050695308434,36.30093474903706,24.203346774192347,23.702500000596046,1.2323987979976805,27.26524999886751,27.45655000075698,28.404999999329448,1.0,0.0,1.0099999997764826,4.340799999833107,8.042500000447035,9.435599999725817,14.62250000052154,3.90368,5.1174360000000005,123.0,96.7484,108.2164,97.4854
amd-ryzen-5 · chrome|s5|005_r3f-state_i1,amd-ryzen-5 · chrome,r3f-state,2263,92.0,3010.07,30.56407326075171,31.570639305631587,25.796465883777223,26.423569824140205,32.71815217391628,31.674999999813735,2.0151366377645066,36.433000000473115,38.49654999896884,38.76500000059605,1.0,0.2391304347826087,1.3849999997764826,1.850400000549853,9.612500000745058,10.981550000067802,20.734999999403954,6.36592,7.22775999999999,91.0,139.6514,145.8065,145.8065
amd-ryzen-5 · chrome|s5|005_r3f-state_i1,amd-ryzen-5 · chrome,r3f-state,3200,64.0,3003.54,21.30818966952964,22.026431717880936,17.77777777777778,18.354236769737994,46.93031249998603,45.40000000037253,3.1310835230106067,53.12975000031292,54.80415000004693,56.25,1.0,1.0,1.877500000409782,2.4955500004440547,13.837500000372529,17.658099999558168,29.447499999776483,10.34024,12.2288048,63.0,178.2101,199.1461,199.1461
amd-ryzen-5 · chrome|s5|005_r3f-state_i1,amd-ryzen-5 · chrome,r3f-state,4525,61.0,4206.185,14.502452935377887,15.05570611263357,13.378821325654489,13.4327355765464,68.95385245902494,66.4199999999255,4.185713041047954,74.12000000104308,74.57400000095367,74.74500000104308,1.0,1.0,2.649999998509884,3.9389999996870757,20.144999999552965,22.175000001117585,43.71000000089407,14.908760000000001,16.288723999999995,60.0,265.2038,273.9486,259.501
amd-ryzen-5 · chrome|s5|005_r3f-state_i1,amd-ryzen-5 · chrome,r3f-state,6400,61.0,6322.845,9.64755580755364,9.460290430909561,8.110300081053992,8.452370890041752,103.65319672129193,105.7050000000745,6.380974588102543,111.74499999918044,119.66099999994039,123.30000000074506,1.0,1.0,3.444999998435378,14.438999999687075,32.32000000029802,38.76400000043213,69.86499999836087,22.40532,34.68730039999998,60.0,319.8193,422.5619,422.5619
amd-ryzen-5 · chrome|s5|006_r3f-ref_i1,amd-ryzen-5 · chrome,r3f-ref,100,2729.0,3000.725,909.4468836693281,921.658985415643,560.22408963239,665.1993152444835,1.0995694393556212,1.0850000008940697,0.159307656075436,1.3550000004470348,1.585000000372529,2.5200000014156103,0.0,0.0,0.11999999918043613,0.2050000000745058,0.599999999627471,0.8350000003725291,0.3549999985843897,0.06032,1.4652096,2724.0,11.5002,16.9058,15.6328
amd-ryzen-5 · chrome|s5|006_r3f-ref_i1,amd-ryzen-5 · chrome,r3f-ref,141,2290.0,3000.55,763.193414540478,772.2007722451996,469.2832764050165,559.2896040816285,1.3102838427950851,1.2949999999254942,0.19265432898805404,1.6300000008195639,1.849999999627471,2.9950000010430813,0.0,0.0,0.125,0.21055000077933136,0.7949999999254942,1.1199999993853271,0.35999999940395355,0.08432,1.4998207999999997,2285.0,18.5422,22.3963,19.4432
amd-ryzen-5 · chrome|s5|006_r3f-ref_i1,amd-ryzen-5 · chrome,r3f-ref,200,1895.0,3000.62,631.5361491960053,636.9426750383288,419.7761194131964,475.9975693685467,1.58344063324495,1.5700000002980232,0.22304994099010775,1.949999999254942,2.1853000004589553,2.8450000006705523,0.0,0.0,0.15999999828636646,0.2599999997764826,1.0599999986588955,1.4752999995648859,0.3399999998509884,0.12656,1.001468799999995,1889.0,15.1647,25.2359,25.2359
amd-ryzen-5 · chrome|s5|006_r3f-ref_i1,amd-ryzen-5 · chrome,r3f-ref,283,1325.0,3000.72,441.5606921007379,448.4304931836484,279.4797377042426,339.4101463029622,2.264694339621742,2.230000000447035,0.28905879297818127,2.6879999995231625,2.9625999999046324,5.904999999329448,0.0,0.0,0.3049999997019768,0.43000000111758707,1.5800000000745058,2.189000000208616,0.3399999998509884,0.10224,1.2955359999999978,1321.0,27.257,28.6,20.3027
amd-ryzen-5 · chrome|s5|006_r3f-ref_i1,amd-ryzen-5 · chrome,r3f-ref,400,1072.0,3001.215,357.188671921223,364.2987250632299,206.14306328687027,267.5213890893769,2.799640858208816,2.744999999180436,0.38775441841262176,3.364500000327825,3.6549999998696148,7.4849999994039536,0.0,0.0,0.36999999918043613,0.5214500011131166,2.049999998882413,2.736450000964105,0.3200000002980232,0.18016,1.9163839999999968,1071.0,28.3811,29.1601,24.013
amd-ryzen-5 · chrome|s5|006_r3f-ref_i1,amd-ryzen-5 · chrome,r3f-ref,566,859.0,3000.16,286.31806303680156,291.5451895297047,196.9230769321058,222.2339806358234,3.49261932479428,3.4299999997019768,0.31672982411227235,4.035500000044703,4.740499999821185,5.825000001117587,0.0,0.0,0.41499999910593033,0.61420000039041,2.7400000002235174,3.874200000166893,0.26500000059604645,0.19912,0.28567199999999987,858.0,30.0849,43.0134,43.0134
amd-ryzen-5 · chrome|s5|006_r3f-ref_i1,amd-ryzen-5 · chrome,r3f-ref,800,659.0,3001.99,219.52105103612968,230.41474645280036,159.8508059217777,166.614599602222,4.555371775417638,4.3400000017136335,0.722692464412839,5.777000000327826,6.184699999988077,6.324999999254942,0.0,0.0,0.5500000007450581,0.8320999996364115,3.425000000745058,4.9783999997004855,0.3399999998509884,0.54592,3.2692120000000013,654.0,24.3901,35.6251,35.6251
amd-ryzen-5 · chrome|s5|006_r3f-ref_i1,amd-ryzen-5 · chrome,r3f-ref,1131,491.0,3002.535,163.52848509675178,166.94490817407095,130.48442342480823,140.97330317830404,6.115142566191749,5.990000000223517,0.32789803673888623,6.7374999998137355,7.388500001467765,7.7349999994039536,0.0,0.0,0.775000000372529,1.0479999998584397,4.9400000013411045,6.003999998606744,0.26500000059604645,2.08734,2.551224400000001,490.0,43.5409,55.9799,55.9799
amd-ryzen-5 · chrome|s5|006_r3f-ref_i1,amd-ryzen-5 · chrome,r3f-ref,1600,365.0,3002.16,121.57912969328146,125.15644555344498,94.9367088618787,102.29016309667523,8.225095890411367,7.990000000223517,0.517276048118966,9.268999999389052,10.042599999606615,10.599999999627471,0.0,0.0,0.8849999997764826,1.359199999496342,6.860000001266599,8.385800000429153,0.25,3.64734,4.6467972,364.0,69.3989,82.9864,82.9864
amd-ryzen-5 · chrome|s5|006_r3f-ref_i1,amd-ryzen-5 · chrome,r3f-ref,2263,298.0,3005.9,99.13836122297738,101.21457489993033,60.91989034405913,71.33031028565833,10.086912751672852,9.879999999888241,1.2002626813487227,12.605249999649821,14.866800000239161,16.424999998882413,0.0,0.0,1.0299999993294477,1.9359000005014233,8.575000000186265,12.846050000675021,0.28250000067055225,6.154,9.308561600000003,295.0,44.2333,59.799,59.799
amd-ryzen-5 · chrome|s5|006_r3f-ref_i1,amd-ryzen-5 · chrome,r3f-ref,3200,188.0,3006.81,62.524735517032134,64.31902234947326,49.7883993053634,53.26074091594384,15.993670212768732,15.547500000335276,0.9240418293545374,17.704750000312924,19.885599999316035,20.084999999031425,0.19148936170212766,0.0,1.775000000372529,2.460349998697638,13.517500000074506,17.084450000822542,0.26999999955296516,10.3536,12.06126399999999,187.0,91.1727,105.4692,105.4692
amd-ryzen-5 · chrome|s5|006_r3f-ref_i1,amd-ryzen-5 · chrome,r3f-ref,4525,134.0,3003.145,44.61989014850097,44.95897493409138,33.92130257750461,35.61676362361687,22.411529850742934,22.2425000006333,1.8574716248947123,26.043750000279395,28.832699999101457,29.480000000447035,1.0,0.0,1.875,3.071100000925358,19.992499999701977,25.887499999422577,0.3250000001862645,15.53776,19.485742400000003,133.0,69.4557,85.1272,85.1272
amd-ryzen-5 · chrome|s5|006_r3f-ref_i1,amd-ryzen-5 · chrome,r3f-ref,6400,93.0,3002.755,30.971557786110523,30.726686126971558,27.22199537132219,27.79611549226983,32.28768817203179,32.544999999925494,1.4880771733131515,34.55699999891221,35.87480000078678,36.7350000012666,1.0,0.17204301075268819,3.1799999997019768,4.120200000405311,28.925000000745058,32.223000000193714,0.3200000002980232,22.425960000000003,25.005960400000006,92.0,159.0259,171.5468,171.5468
amd-ryzen-5 · chrome|s5|006_r3f-ref_i1,amd-ryzen-5 · chrome,r3f-ref,9051,71.0,3014.495,23.552867063975658,23.778385447796612,18.70557426146872,19.49761154279374,42.457676056326484,42.05499999970198,3.136803973065943,46.950000000186265,52.89999999981373,53.459999999031425,1.0,1.0,3.5600000005215406,7.565499999374151,38.100000001490116,46.059499999880785,0.34999999962747097,33.233360000000005,41.17915400000001,70.0,217.4599,231.1612,231.1612
amd-ryzen-5 · chrome|s5|006_r3f-ref_i1,amd-ryzen-5 · chrome,r3f-ref,12800,61.0,3770.86,16.176681181483705,16.791201410544943,13.644426252042559,14.122631516956469,61.81737704917056,59.55499999970198,3.6701565142317705,68.89500000141561,71.25599999986588,73.28999999910593,1.0,1.0,4.849999999627471,8.166000000387427,53.99500000104308,62.36199999973178,0.39000000059604645,48.87726,52.1501592,60.0,398.1419,411.8797,401.2646
amd-ryzen-5 · chrome|s5|006_r3f-ref_i1,amd-ryzen-5 · chrome,r3f-ref,18102,61.0,5493.675,11.10367832097671,11.160714285528675,8.476372112628686,8.712825278755734,90.06024590165156,89.60000000149012,7.700007003707677,108.79999999888241,117.4620000012219,117.97500000149012,1.0,1.0,6.185000000521541,12.138000000640746,78.4199999999255,99.4039999999106,0.4150000009685755,69.26276,80.57791519999999,60.0,651.7868,676.0842,662.7439
amd-ryzen-5 · chrome|s5|007_threejs_i1,amd-ryzen-5 · chrome,threejs,100,2773.0,3000.12,924.2963614785529,947.8672988459588,346.86536484334016,570.7550096508049,1.0819040750093916,1.0549999997019768,0.25990032115532485,1.3669999998062854,1.7878000000864287,5.075000001117587,0.0,0.0,0.0800000000745058,0.1699999999254942,0.6099999994039536,0.9164000006765137,0.34999999962747097,0.05056,0.9176567999999988,2768.0,7.6935,14.9635,14.9635
amd-ryzen-5 · chrome|s5|007_threejs_i1,amd-ryzen-5 · chrome,threejs,141,2193.0,3000.405,730.9013283203864,743.494423421151,398.481973482421,510.34741083723264,1.3681737346106666,1.3450000006705523,0.22924872419783413,1.727000000327826,2.045399999842047,4.064999999478459,0.0,0.0,0.11500000022351742,0.2149999998509884,0.8450000006705523,1.219999998807907,0.3650000002235174,0.07184,1.2167180000000073,2186.0,14.5745,19.4399,19.4399
amd-ryzen-5 · chrome|s5|007_threejs_i1,amd-ryzen-5 · chrome,threejs,200,1738.0,3000.37,579.2618910332378,584.795321331668,326.79738561202197,423.7914552094412,1.7263348676645818,1.7100000008940697,0.261461233190825,2.100749999471008,2.3531500001437955,4.429999999701977,0.0,0.0,0.15000000037252903,0.2531499993428582,1.184999999590218,1.6531499990262086,0.35500000044703484,0.09776,0.8917720000000006,1731.0,18.9769,24.3795,22.7733
amd-ryzen-5 · chrome|s5|007_threejs_i1,amd-ryzen-5 · chrome,threejs,283,1482.0,3001.875,493.6914428482199,500.0,268.8946509005768,351.0353170027204,2.025556680161943,2.0,0.3388242427777714,2.5197499996051196,3.0566500004194697,4.985000001266599,0.0,0.0,0.1900000013411045,0.3049999997019768,1.4299999997019768,2.0099999997764826,0.34999999962747097,0.1828,1.12302,1476.0,18.9455,24.448,12.4985
amd-ryzen-5 · chrome|s5|007_threejs_i1,amd-ryzen-5 · chrome,threejs,400,987.0,3002.04,328.7764320261161,334.4481605101154,194.93177387945687,243.9874520738028,3.041580547113443,2.9900000002235174,0.435562556621558,3.7299999998882414,4.129900000020861,7.58500000089407,0.0,0.0,0.2850000001490116,0.43500000052154064,2.3650000002235174,3.1370999998599287,0.3300000000745058,0.1656,2.2981127999999993,983.0,22.7542,26.6093,24.0367
amd-ryzen-5 · chrome|s5|007_threejs_i1,amd-ryzen-5 · chrome,threejs,566,790.0,3001.84,263.1719212216638,269.17900404848206,167.3440114821715,198.45308365982095,3.799797468354242,3.7149999998509884,0.46356462786620223,4.60774999987334,5.146099999733269,7.994999999180436,0.0,0.0,0.34500000067055225,0.5655499995686114,3.0600000005215406,4.344999999012798,0.2999999988824129,0.15632,1.9548272000000002,789.0,23.6248,34.7833,34.7833
amd-ryzen-5 · chrome|s5|007_threejs_i1,amd-ryzen-5 · chrome,threejs,800,632.0,3000.53,210.6294554629153,213.78941741362146,136.0235774219242,159.072249588822,4.747674050631851,4.677500000223517,0.5283605460742183,5.6117499996908,6.5122500000149,9.785000000149012,0.0,0.0,0.3849999997764826,0.6103500000387422,4.0,5.64745000014081,0.2649999987334013,0.36996,1.2591520000000043,631.0,36.3792,37.1212,34.332
amd-ryzen-5 · chrome|s5|007_threejs_i1,amd-ryzen-5 · chrome,threejs,1131,476.0,3002.35,158.54247506122172,162.66775109468298,93.54536950469853,117.5478496381481,6.307457983192495,6.14750000089407,0.7516706644313448,7.487500000279397,8.87624999973923,12.025000000372529,0.0,0.0,0.6050000004470348,0.9550000000745058,5.267500000074506,7.53249999973923,0.26999999955296516,2.08804,3.6267535999999994,475.0,43.8283,47.8519,30.8001
amd-ryzen-5 · chrome|s5|007_threejs_i1,amd-ryzen-5 · chrome,threejs,1600,353.0,3005.855,117.43746787525221,120.2645820881206,84.42380751336485,91.82240466736687,8.515169971667378,8.31499999947846,0.8364672903431128,10.245999999716878,11.33819999985397,12.285000000149012,0.0,0.0,0.6999999992549419,1.122399999573827,7.349999999627471,10.140199999138716,0.25500000081956387,3.87724,5.538740800000001,352.0,34.7875,58.7825,58.7825
amd-ryzen-5 · chrome|s5|007_threejs_i1,amd-ryzen-5 · chrome,threejs,2263,269.0,3009.745,89.37634251409115,90.6618313745053,65.33812479311476,70.3291947304652,11.188643122673533,11.029999999329448,1.1032417965784487,13.387000000104308,14.828199998810886,15.675000000745058,0.0,0.0,0.9050000011920929,1.4712000009417532,9.790000000968575,13.166399998962877,0.2599999997764826,6.4242799999999995,8.685539199999997,268.0,39.8357,63.106,31.9627
amd-ryzen-5 · chrome|s5|007_threejs_i1,amd-ryzen-5 · chrome,threejs,3200,184.0,3000.0,61.333333333333336,62.607606823645064,43.84042086703794,49.940349027075555,16.304347826086957,15.972500000149012,1.2759590238052603,18.972999999858438,21.050950000919396,22.81000000052154,0.29891304347826086,0.0,1.3274999996647239,2.290199999418109,14.25,18.697600000333026,0.2575000002980232,10.64392,13.02772880000001,183.0,74.6654,81.5191,81.5191
amd-ryzen-5 · chrome|s5|007_threejs_i1,amd-ryzen-5 · chrome,threejs,4525,133.0,3007.145,44.22799698718212,44.89337822596076,22.024006166143494,31.65642229664855,22.610112781951525,22.27500000037253,2.7814586636737797,25.969999998435377,32.66719999924307,45.40500000119209,1.0,0.015037593984962405,1.5649999994784594,3.0457999999076133,20.359999999403954,30.50180000007157,0.3050000015646219,15.54394,21.3451608,132.0,110.5242,113.669,71.9769
amd-ryzen-5 · chrome|s5|007_threejs_i1,amd-ryzen-5 · chrome,threejs,6400,93.0,3008.5,30.912414824663454,30.897574540185197,26.072220050499496,26.476915439481893,32.3494623655914,32.36500000022352,2.084756197481382,36.301999999210224,37.79839999988675,38.35499999858439,1.0,0.24731182795698925,2.4149999991059303,4.573200000226498,29.56499999947846,34.87800000101328,0.31499999947845936,22.78568,26.472150800000023,92.0,106.4469,127.8095,108.0511
amd-ryzen-5 · chrome|s5|007_threejs_i1,amd-ryzen-5 · chrome,threejs,9051,66.0,3043.2,21.687697160875317,22.00462097071043,16.95633743122199,17.639795378535894,46.10909090910784,45.4449999993667,3.9920174107578363,52.75125000067055,58.285999999288464,58.97499999962747,1.0,1.0,3.139999999664724,6.308500001486391,41.625,54.17299999929964,0.3300000000745058,33.14884,45.41764,65.0,97.5655,118.339,87.0674
amd-ryzen-5 · chrome|s5|007_threejs_i1,amd-ryzen-5 · chrome,threejs,12800,61.0,3847.73,15.853503234372711,16.126431220828973,13.48890537536946,13.899506567459277,63.077540983613886,62.00999999977648,2.792947460793166,68.66499999910593,72.95,74.13499999977648,1.0,1.0,4.0849999990314245,6.6159999996423675,57.44500000029802,65.72799999974667,0.3650000002235174,48.304860000000005,51.75811159999999,60.0,201.463,216.0797,214.2479
amd-ryzen-5 · chrome|s5|007_threejs_i1,amd-ryzen-5 · chrome,threejs,18102,61.0,5305.84,11.496765827842852,11.784809380646182,8.330556481105726,8.879943168367639,86.98098360655493,84.85500000044703,6.698284532877358,93.90999999828637,119.48500000052154,120.04000000096858,1.0,1.0,5.1900000013411045,8.692000000551335,78.98999999836087,109.50799999982118,0.35500000044703484,69.80514,86.59491999999992,60.0,186.3118,209.7732,187.0548
amd-ryzen-5 · chrome|s5|008_r3f-ref-central_i1,amd-ryzen-5 · chrome,r3f-ref-central,100,2726.0,3000.11,908.6333501106765,921.6589869978768,432.4151184915863,607.386896510414,1.1005539251648584,1.0849999990314245,0.23386592534167913,1.3799999989569187,1.6787499994970858,7.779999999329448,0.0,0.0,0.0949999988079071,0.1837499993853271,0.6100000012665987,0.9049999993294477,0.3650000002235174,0.0648,1.1158112000000058,2719.0,11.0894,17.0818,15.1935
amd-ryzen-5 · chrome|s5|008_r3f-ref-central_i1,amd-ryzen-5 · chrome,r3f-ref-central,141,2315.0,3000.015,771.6628083524716,778.2101166412745,509.35666050460196,579.1991941717703,1.2959028077756354,1.2850000001490116,0.1836443981215966,1.5949999993667006,1.7743000002577907,3.1399999987334013,0.0,0.0,0.10500000044703484,0.1900000013411045,0.8000000007450581,1.1200000010430813,0.3600000012665987,0.08848,1.3911403999999996,2310.0,17.863,22.4975,18.8906
amd-ryzen-5 · chrome|s5|008_r3f-ref-central_i1,amd-ryzen-5 · chrome,r3f-ref-central,200,1865.0,3000.425,621.5786096968053,625.0000001455192,430.9828804345421,478.59201317799926,1.608806970509783,1.599999999627471,0.2175769072540857,1.950000001117587,2.1649999991059303,2.8399999998509884,0.0,0.0,0.13500000163912773,0.22000000067055225,1.094999998807907,1.5136000008881083,0.34999999962747097,0.13776,1.1297532000000001,1860.0,14.3091,24.0909,24.0909
amd-ryzen-5 · chrome|s5|008_r3f-ref-central_i1,amd-ryzen-5 · chrome,r3f-ref-central,283,1402.0,3000.24,467.29594965732593,468.38407499048805,293.68575627570755,354.4393529165379,2.1399714693296885,2.1349999997764826,0.3163883206870128,2.6050000003539027,2.7948499999381604,6.589999999850988,0.0,0.0,0.2000000011175871,0.30000000074505806,1.5549999997019768,2.1049500004388393,0.35999999940395355,0.18944,1.4957359999999944,1397.0,25.6473,28.0469,19.6279
amd-ryzen-5 · chrome|s5|008_r3f-ref-central_i1,amd-ryzen-5 · chrome,r3f-ref-central,400,1094.0,3001.94,364.4310012856724,367.6470588587763,230.6273062465114,275.64380694294675,2.744003656308356,2.7199999997392297,0.3993204589250074,3.3650000002235174,3.630700000673532,6.39500000141561,0.0,0.0,0.26000000163912773,0.37035000097006526,2.0649999994784594,2.845350000597536,0.34999999962747097,0.26352,1.9593919999999947,1089.0,26.954,28.5564,22.9499
amd-ryzen-5 · chrome|s5|008_r3f-ref-central_i1,amd-ryzen-5 · chrome,r3f-ref-central,566,869.0,3001.895,289.48380939359646,295.8579880939424,205.04933999430426,220.02200220382682,3.4544246260085334,3.380000000819564,0.3400261956233915,4.171999999880789,4.7766000000387425,4.935000000521541,0.0,0.0,0.3250000011175871,0.4716000003367659,2.775000000372529,3.989600000232456,0.27500000037252903,0.19928,0.3613328,868.0,27.1549,40.2899,40.2899
amd-ryzen-5 · chrome|s5|008_r3f-ref-central_i1,amd-ryzen-5 · chrome,r3f-ref-central,800,636.0,3003.255,211.77022930128174,217.03743896172992,147.14898836280454,159.2397585698459,4.722099056602134,4.607499999925494,0.7305967496829601,5.9849999994039536,6.47649999987334,7.275000000372529,0.0,0.0,0.5149999987334013,0.6800000015646219,3.755000000819564,5.2910000000149005,0.33500000089406967,0.54144,3.3047503999999974,633.0,23.5692,34.4541,34.4541
amd-ryzen-5 · chrome|s5|008_r3f-ref-central_i1,amd-ryzen-5 · chrome,r3f-ref-central,1131,503.0,3005.235,167.37459799320177,173.16017314900307,94.00263207132794,123.56662712402635,5.974622266400406,5.775000000372529,0.7098453597350485,6.9889999993145455,8.49980000000447,13.595000000670552,0.0,0.0,0.5099999997764826,0.7798000011965635,4.970000000670552,7.193800001069909,0.2800000011920929,2.07314,2.8880996000000003,502.0,49.8945,52.6531,30.379
amd-ryzen-5 · chrome|s5|008_r3f-ref-central_i1,amd-ryzen-5 · chrome,r3f-ref-central,1600,372.0,3002.48,123.89757800216641,127.06480304775087,95.81603320892867,106.58771280532939,8.071182795700127,7.870000000111759,0.4558847905401635,8.963999999873339,9.688849999774249,10.730000000447035,0.0,0.0,0.7600000016391277,1.0474000008031739,6.865000000223517,8.238649999350313,0.25,3.64788,4.33926,371.0,50.5355,63.9755,63.9755
amd-ryzen-5 · chrome|s5|008_r3f-ref-central_i1,amd-ryzen-5 · chrome,r3f-ref-central,2263,289.0,3010.245,96.00547463747259,99.65122072597417,64.4745325605681,69.11702994322204,10.416072664357026,10.035000000149012,1.3850448967749125,12.953000000119207,14.789800000041723,15.580000000074506,0.0,0.0,0.9199999999254942,1.436800000369549,8.794999999925494,13.222400000616908,0.28999999910593033,6.27112,9.0558648,288.0,41.5934,56.7101,56.7101
amd-ryzen-5 · chrome|s5|008_r3f-ref-central_i1,amd-ryzen-5 · chrome,r3f-ref-central,3200,192.0,3000.03,63.99936000641424,65.75702778427721,49.443757726497864,54.15977132516713,15.625156249996508,15.207499999552965,0.8923577373570178,17.490249999798834,18.955150000657888,20.22499999962747,0.08854166666666667,0.0,1.3550000004470348,1.9780499998107557,13.609999999403954,16.829049999415876,0.26999999955296516,10.35108,11.654036,191.0,86.6658,101.8146,101.8146
amd-ryzen-5 · chrome|s5|008_r3f-ref-central_i1,amd-ryzen-5 · chrome,r3f-ref-central,4525,144.0,3005.36,47.91439295126992,47.84688995343237,39.30045195473718,41.17768169626782,20.870555555551416,20.899999999441206,1.3528825882566307,22.94324999991804,24.860450001116842,25.445000000298023,1.0,0.0,1.5775000005960464,2.668049999959764,18.985000000335276,22.503200000319627,0.3049999997019768,15.53484,17.890416800000004,143.0,64.8613,81.6667,81.6667
amd-ryzen-5 · chrome|s5|008_r3f-ref-central_i1,amd-ryzen-5 · chrome,r3f-ref-central,6400,96.0,3029.955,31.683638865922973,31.885213231606016,24.50079627619204,25.483388016460978,31.562031250000775,31.362500000745058,2.3817480950616643,37.16624999884516,39.79850000096485,40.81499999947846,1.0,0.16666666666666666,2.6325000002980232,4.347750000283121,28.345000000670552,35.180500000156464,0.3300000000745058,22.61408,28.98186320000001,95.0,159.1621,165.2218,157.4217
amd-ryzen-5 · chrome|s5|008_r3f-ref-central_i1,amd-ryzen-5 · chrome,r3f-ref-central,9051,68.0,3030.225,22.44057784486847,22.759601706970127,18.491124260329553,18.7488281982638,44.56213235296309,43.9375,3.165942635844172,49.68500000042841,53.67464999977499,54.080000000074506,1.0,1.0,3.290000000037253,5.802700000051408,40.20750000048429,49.43860000072047,0.3525000009685755,33.3422,41.0420424,67.0,207.0002,220.1004,220.1004
amd-ryzen-5 · chrome|s5|008_r3f-ref-central_i1,amd-ryzen-5 · chrome,r3f-ref-central,12800,61.0,3824.57,15.949505434596633,16.14335297433512,12.70728762970814,13.09643340472559,62.697868852463905,61.94500000029802,4.818779017086608,71.89499999955297,77.28499999977647,78.69499999843538,1.0,1.0,4.324999999254942,7.395000001043081,55.12000000104308,66.37400000095367,0.4100000001490116,49.17904,55.53802399999999,60.0,380.3764,386.1718,386.1718
amd-ryzen-5 · chrome|s5|008_r3f-ref-central_i1,amd-ryzen-5 · chrome,r3f-ref-central,18102,61.0,5287.75,11.536097584038579,11.47315282237598,10.036633713075158,10.149879893141662,86.68442622950819,87.16000000014901,4.416139065766485,93.34999999962747,99.29599999897182,99.63499999977648,1.0,1.0,5.134999999776483,9.123999999091028,77.00999999977648,87.96200000047683,0.46000000089406967,70.04536,76.19978400000001,60.0,616.3628,634.6635,632.2917
amd-ryzen-5 · chrome|s5|009_r3f-ref-central_i2,amd-ryzen-5 · chrome,r3f-ref-central,100,2819.0,3000.87,939.3942423366457,947.8672988459588,591.2786401000604,691.8363312737024,1.0645157857393333,1.0549999997019768,0.15607586283966796,1.324999999254942,1.484099999591709,2.1649999991059303,0.0,0.0,0.07499999925494194,0.15409999951720318,0.6099999994039536,0.8540999987721452,0.35500000044703484,0.0656,1.3185328000000056,2815.0,11.4594,17.1786,15.995
amd-ryzen-5 · chrome|s5|009_r3f-ref-central_i2,amd-ryzen-5 · chrome,r3f-ref-central,141,2222.0,3001.645,740.2607570183452,746.268656799405,451.5599343296039,541.384187691459,1.3508753375335523,1.3399999998509884,0.20049058748678047,1.6847500004805616,1.8989500002004205,3.3799999989569187,0.0,0.0,0.10500000044703484,0.19394999904558044,0.8450000006705523,1.2200000006705523,0.375,0.08496,1.383617600000001,2217.0,18.6472,22.3073,19.2233
amd-ryzen-5 · chrome|s5|009_r3f-ref-central_i2,amd-ryzen-5 · chrome,r3f-ref-central,200,1875.0,3000.7,624.8542006866617,630.9148268839676,442.586673183777,479.4926657921292,1.600373333332936,1.5849999990314245,0.21916127437813188,1.9700000006705523,2.161300000362098,2.3900000005960464,0.0,0.0,0.13500000163912773,0.21500000033527614,1.0800000000745058,1.542600000426173,0.34999999962747097,0.13696,1.1856048,1869.0,14.183,24.0347,24.0347
amd-ryzen-5 · chrome|s5|009_r3f-ref-central_i2,amd-ryzen-5 · chrome,r3f-ref-central,283,1372.0,3000.03,457.3287600458351,461.8937646249262,269.84950702240195,347.17790313067195,2.186610787171523,2.1649999991059303,0.31623329033948355,2.6072499999776486,2.801450000442564,6.939999999478459,0.0,0.0,0.18500000052154064,0.2850000001490116,1.599999999627471,2.1099999994039536,0.3600000012665987,0.17784,1.5354315999999935,1368.0,25.5027,28.2266,19.3057
amd-ryzen-5 · chrome|s5|009_r3f-ref-central_i2,amd-ryzen-5 · chrome,r3f-ref-central,400,1089.0,3001.845,362.77689221120903,367.64705873289466,246.27508927200856,284.90780067543676,2.7565151515157673,2.7200000006705523,0.37122214691090544,3.3149999994784594,3.531200000941752,6.495000001043081,0.0,0.0,0.24499999918043613,0.36560000009834714,2.0950000006705523,2.7905999992042774,0.35500000044703484,0.264,1.9653280000000006,1085.0,26.3201,29.437,29.437
amd-ryzen-5 · chrome|s5|009_r3f-ref-central_i2,amd-ryzen-5 · chrome,r3f-ref-central,566,916.0,3002.685,305.0603043610665,314.218381856252,221.7021800779478,234.19203747481237,3.2780403930116364,3.182499999180436,0.49533755943872915,4.08500000089407,4.436249999701977,4.740000000223517,0.0,0.0,0.30500000063329935,0.44425000045448554,2.4874999998137355,3.5649999994784594,0.3500000014901161,0.35392,2.54539,912.0,22.1533,35.9444,35.9444
amd-ryzen-5 · chrome|s5|009_r3f-ref-central_i2,amd-ryzen-5 · chrome,r3f-ref-central,800,662.0,3002.86,220.4564981384851,227.7904328192193,122.4614756628302,156.8403792676649,4.536042296071607,4.389999999664724,0.6962926254878797,5.739750000275671,6.291049999967215,13.675000000745058,0.0,0.0,0.4725000001490116,0.6999999999813735,3.6225000005215406,5.206949999667704,0.2850000001490116,0.41976,2.3727167999999903,658.0,39.731,46.4733,22.2143
amd-ryzen-5 · chrome|s5|009_r3f-ref-central_i2,amd-ryzen-5 · chrome,r3f-ref-central,1131,503.0,3001.795,167.56640610035413,171.821305833126,104.94280617162165,134.15615776790972,5.967783300198659,5.820000000298023,0.5315365296912457,6.564500001259148,7.473799999654294,12.899999998509884,0.0,0.0,0.5850000008940697,0.7899000009521843,4.950000001117587,6.507699999772014,0.27999999932944775,2.0907,2.580790000000001,502.0,41.0027,48.1139,27.398
amd-ryzen-5 · chrome|s5|009_r3f-ref-central_i2,amd-ryzen-5 · chrome,r3f-ref-central,1600,360.0,3005.885,119.7650608722645,125.62814068940699,79.0513833968815,89.91907283541956,8.349680555554935,7.96000000089407,0.8643608878767536,10.25074999993667,11.708150000218307,14.015000000596046,0.0,0.0,0.8350000008940697,1.282899999860679,6.869999999180436,10.085250000171364,0.25,3.65484,5.285700000000006,359.0,32.4024,45.0967,45.0967
amd-ryzen-5 · chrome|s5|009_r3f-ref-central_i2,amd-ryzen-5 · chrome,r3f-ref-central,2263,264.0,3009.41,87.72483642972773,89.94827974156121,69.61364427770782,75.65176909086895,11.399280303030867,11.117499999701977,0.631509638075656,12.494250000920147,13.522000000439585,14.449999999254942,0.0,0.0,1.1049999995157123,1.5668500009551645,9.782500000670552,11.731649999823421,0.2649999987334013,6.20576,7.293343199999999,263.0,65.6574,79.8355,79.8355
amd-ryzen-5 · chrome|s5|009_r3f-ref-central_i2,amd-ryzen-5 · chrome,r3f-ref-central,3200,195.0,3011.215,64.75791333398965,67.11409395805356,47.270148898305344,52.279988382111675,15.44212820512744,14.900000000372529,1.1751558172595913,17.717499999329444,20.021299998760224,21.155000001192093,0.13333333333333333,0.0,1.300000000745058,2.2489000010117888,13.325000001117587,17.872800000831486,0.26500000059604645,10.41954,12.656531999999986,194.0,51.0224,66.7958,66.7958
amd-ryzen-5 · chrome|s5|009_r3f-ref-central_i2,amd-ryzen-5 · chrome,r3f-ref-central,4525,136.0,3011.105,45.16614332611444,46.59289458276728,36.02954422520164,39.04978848021772,22.140477941179757,21.46250000037253,1.2977120720012878,24.416250000242144,26.114500000234703,27.755000000819564,1.0,0.0,1.7799999993294477,2.8540000003762556,19.34750000014901,22.27299999939278,0.32499999925494194,15.55972,17.8584896,135.0,117.9881,123.8516,118.6858
amd-ryzen-5 · chrome|s5|009_r3f-ref-central_i2,amd-ryzen-5 · chrome,r3f-ref-central,6400,98.0,3008.705,32.57215313565058,32.64240248106075,26.136957658281286,27.27582679877698,30.701071428572188,30.634999999776483,1.9388469377660318,34.213249999284734,37.634350000210105,38.25999999977648,1.0,0.08163265306122448,2.219999998807907,3.908899999354035,28.019999999552965,34.019850000794975,0.3475000001490116,22.57052,25.122483199999987,97.0,84.2249,97.4302,97.4302
amd-ryzen-5 · chrome|s5|009_r3f-ref-central_i2,amd-ryzen-5 · chrome,r3f-ref-central,9051,68.0,3023.815,22.488148249814135,22.98190175227163,18.191740949386965,19.204916458503487,44.46786764705115,43.512500000186265,2.580389782418763,48.27024999912828,52.350299999322736,54.97000000067055,1.0,1.0,3.6749999998137355,5.047250000052151,39.6725000012666,47.54930000072344,0.35000000055879354,33.15588,38.16995600000003,67.0,203.2498,216.4279,216.4279
amd-ryzen-5 · chrome|s5|009_r3f-ref-central_i2,amd-ryzen-5 · chrome,r3f-ref-central,12800,61.0,3872.705,15.751264297176993,15.886885376046791,11.886366337694739,12.78064158818339,63.486967213115975,62.94500000029802,5.044967317251367,73.08999999985099,79.71700000055134,84.13000000081956,1.0,1.0,3.8399999998509884,5.860999998822807,55.66000000014901,72.5640000000596,0.4050000011920929,49.32834,66.67528879999996,60.0,275.0777,284.768,280.8641
amd-ryzen-5 · chrome|s5|009_r3f-ref-central_i2,amd-ryzen-5 · chrome,r3f-ref-central,18102,61.0,5327.39,11.450259883356235,11.533360244497327,9.97755051138655,10.055304172963787,87.33426229509173,86.7050000000745,5.228393302856261,98.33999999985099,99.80200000070036,100.22499999962747,1.0,1.0,5.199999999254942,7.306000000238417,77.54000000096858,90.43399999961257,0.4349999986588955,70.35481999999999,76.544658,60.0,520.5687,537.0213,537.0213
amd-ryzen-5 · chrome|s5|010_threejs_i2,amd-ryzen-5 · chrome,threejs,100,2991.0,3000.32,996.8936646756689,1005.0251264559621,639.6823647377431,741.5702376618641,1.0031160147108986,0.9949999991804361,0.14834894994007233,1.25,1.3815000006929026,2.2649999987334013,0.0,0.0,0.07499999925494194,0.15499999951571225,0.5800000000745058,0.8100000005215406,0.3300000000745058,0.05536,0.8059375999999993,2983.0,8.0754,14.9514,12.9708
amd-ryzen-5 · chrome|s5|010_threejs_i2,amd-ryzen-5 · chrome,threejs,141,2402.0,3000.81,800.4505450193723,800.0,525.2215779139594,599.4005994641747,1.2492964196505085,1.25,0.1787133674058606,1.5350000001490116,1.7747999985143499,2.4049999993294477,0.0,0.0,0.09999999962747097,0.1749999988824129,0.7850000001490116,1.0800000000745058,0.3449999988079071,0.08288,1.0502816,2397.0,13.9109,20.4343,20.4343
amd-ryzen-5 · chrome|s5|010_threejs_i2,amd-ryzen-5 · chrome,threejs,200,1813.0,3000.565,604.2195386536586,604.22960681553,405.7252339045752,455.6385267850906,1.6550275785987194,1.655000001192093,0.23576790674619524,2.0350000001490116,2.2900000007450583,3.5399999991059303,0.0,0.0,0.15000000037252903,0.23000000044703484,1.1449999995529652,1.6044000003486867,0.3449999988079071,0.10784,1.1067512000000002,1807.0,20.6277,25.0967,25.0967
amd-ryzen-5 · chrome|s5|010_threejs_i2,amd-ryzen-5 · chrome,threejs,283,1341.0,3000.33,446.950835408094,447.4272931842002,295.5553029231587,337.47198227937383,2.237382550335626,2.2349999994039536,0.31875078313742683,2.7599999997764826,3.1280000001192065,4.035000000149012,0.0,0.0,0.20999999903142452,0.3349999990314245,1.6549999993294477,2.2910000000149005,0.35999999940395355,0.1528,1.9007060000000027,1336.0,18.7141,23.5054,23.5054
amd-ryzen-5 · chrome|s5|010_threejs_i2,amd-ryzen-5 · chrome,threejs,400,1054.0,3002.17,351.0793859108665,359.0664272698366,245.0079627619204,270.6641682267212,2.8483586337760203,2.7850000001490116,0.3667187355577562,3.489999999012798,3.7747000004351143,4.740000000223517,0.0,0.0,0.28999999910593033,0.4199999999254942,2.175000000745058,3.019999999552965,0.3150000013411045,0.18392,1.8189264,1052.0,19.8731,28.7088,28.2585
amd-ryzen-5 · chrome|s5|010_threejs_i2,amd-ryzen-5 · chrome,threejs,566,844.0,3001.53,281.189926470896,291.33284784814737,183.67581219273882,214.2966477899447,3.556315165875983,3.432499999180436,0.46046786275141066,4.359249999560415,4.687099999543277,7.259999999776483,0.0,0.0,0.2824999997392297,0.43285000016912784,2.844999998807907,3.990649999808517,0.31499999947845936,0.17968,2.181124,843.0,29.9204,40.9069,27.806
amd-ryzen-5 · chrome|s5|010_threejs_i2,amd-ryzen-5 · chrome,threejs,800,655.0,3001.42,218.23003778212188,221.48394247630816,142.02864244564805,168.7274261164385,4.582320610686909,4.514999998733401,0.4277571523960263,5.251499999687075,6.269199999570847,9.159999998286366,0.0,0.0,0.3999999985098839,0.6900000013411045,3.8600000012665987,5.349600000567735,0.24500000104308128,0.33728,0.7664160000000001,654.0,42.6191,43.3238,40.8516
amd-ryzen-5 · chrome|s5|010_threejs_i2,amd-ryzen-5 · chrome,threejs,1131,496.0,3005.075,165.05411678570937,172.8608470136978,116.22838878697999,124.52007886497896,6.0586189516151565,5.785000000149012,0.9425054499391899,7.636249999515712,8.41699999915436,8.695000000298023,0.0,0.0,0.5549999997019768,0.8402500016614796,4.867499999701977,7.217499999888242,0.3399999998509884,2.1292400000000002,4.678971599999996,492.0,28.7662,45.7378,25.5575
amd-ryzen-5 · chrome|s5|010_threejs_i2,amd-ryzen-5 · chrome,threejs,1600,373.0,3006.885,124.0486417006396,127.14558168742285,83.20621273123832,103.92909726237012,8.061353887398864,7.865000000223517,0.569457842696593,8.850000000372528,9.697799998894334,15.119999999180436,0.0,0.0,0.7050000000745058,0.9805999995023007,6.935000000521541,8.319199999496337,0.24000000022351742,3.84232,4.650224400000001,372.0,50.4729,55.9749,55.9749
amd-ryzen-5 · chrome|s5|010_threejs_i2,amd-ryzen-5 · chrome,threejs,2263,268.0,3010.46,89.02294001584018,92.54974549075261,60.141332132393096,70.95876204249181,11.233059701488923,10.804999999701977,0.9411824004319587,12.981499999482184,14.659650000072999,16.794999999925494,0.0037313432835820895,0.0,0.8650000002235174,1.5516000003926453,9.697499999776483,12.734050000030543,0.26500000059604645,6.386,7.279527199999999,267.0,70.2009,77.6988,75.5675
amd-ryzen-5 · chrome|s5|010_threejs_i2,amd-ryzen-5 · chrome,threejs,3200,207.0,3002.38,68.94530339262302,71.32667617916445,49.25501785440171,55.60962046399472,14.504251207733429,14.019999999552965,1.120657441718807,16.330500001087785,19.663999999724325,20.375,0.043478260869565216,0.0,1.1350000016391277,1.8822999997809529,12.615000000223517,17.483899999707933,0.2549999989569187,10.3382,13.010492,206.0,50.7385,67.001,49.0312
amd-ryzen-5 · chrome|s5|010_threejs_i2,amd-ryzen-5 · chrome,threejs,4525,135.0,3000.47,44.99295110434486,46.57661854008028,33.003300329221474,37.25898096769801,22.225703703694872,21.469999998807907,1.52700433031888,24.626499999687077,27.826399998888366,30.300000000745058,1.0,0.0,1.6649999991059303,2.5741999995335925,19.594999998807907,23.769700000174343,0.30000000074505806,15.63002,19.521309999999986,134.0,88.3443,96.7228,96.0495
amd-ryzen-5 · chrome|s5|010_threejs_i2,amd-ryzen-5 · chrome,threejs,6400,95.0,3020.04,31.45653699951925,31.979533099273937,16.597510373443985,23.487962419414266,31.789894736832693,31.269999999552965,3.572370404638503,35.23300000056624,38.39029999922966,60.25,1.0,0.24210526315789474,2.194999998435378,3.4376999988406913,28.154999999329448,34.60019999943677,0.3349999990314245,22.76178,30.278024799999947,94.0,150.6054,150.6054,90.0371
amd-ryzen-5 · chrome|s5|010_threejs_i2,amd-ryzen-5 · chrome,threejs,9051,66.0,3015.215,21.88898635752451,21.898609438282804,19.129603061281784,19.626443361776456,45.6850757575735,45.66500000003725,2.4950692131718966,49.74500000057742,51.137499998509874,52.274999998509884,1.0,1.0,3.397499999962747,5.190249999705694,41.79749999940395,46.14550000028684,0.3274999996647239,33.17536,37.156808,65.0,143.726,161.8518,146.2089
amd-ryzen-5 · chrome|s5|010_threejs_i2,amd-ryzen-5 · chrome,threejs,12800,61.0,3750.11,16.266189525109848,16.736401673640167,13.609145345589496,14.101720409875192,61.47721311474433,59.75,3.361299169197013,67.07000000029802,71.46999999955295,73.48000000044703,1.0,1.0,3.9100000001490116,6.75800000056624,55.30000000074506,64.99900000020861,0.36999999918043613,48.66024,56.345854,60.0,132.8271,155.2854,126.7431
amd-ryzen-5 · chrome|s5|010_threejs_i2,amd-ryzen-5 · chrome,threejs,18102,61.0,5501.475,11.08793550820537,11.359763717001218,8.896797153142858,9.349289454031886,90.18811475409225,88.02999999932945,5.2321252185201095,99.625,109.49299999922513,112.39999999850988,1.0,1.0,5.884999999776483,10.338999999314545,81.41499999910593,98.5030000001192,0.3849999997764826,70.46006,80.63305799999999,60.0,282.7153,303.8274,279.8338
amd-ryzen-5 · chrome|s5|011_r3f-state_i2,amd-ryzen-5 · chrome,r3f-state,100,1454.0,3000.28,484.6214353328106,498.7531170031122,306.7148647073241,362.05466018603545,2.0634662998619873,2.005000000819564,0.2317093336969067,2.4967500006780026,2.834999999906868,5.080000000074506,0.0,0.0,0.08499999903142452,0.1699999999254942,0.48499999940395355,0.6023500001244249,1.4349999986588955,0.04768,0.056396800000000004,1453.0,14.8617,27.0721,12.1749
amd-ryzen-5 · chrome|s5|011_r3f-state_i2,amd-ryzen-5 · chrome,r3f-state,141,1194.0,3002.42,397.67920544095415,406.50406489290935,265.92529916452463,305.0514450987298,2.514589614740306,2.4600000008940697,0.264514530933096,3.056749999336898,3.31035000057891,4.600000001490116,0.0,0.0,0.09999999962747097,0.17535000067204204,0.5949999988079071,0.7107000007480376,1.7599999997764826,0.06496,0.06928,1193.0,17.8513,45.7123,45.7123
amd-ryzen-5 · chrome|s5|011_r3f-state_i2,amd-ryzen-5 · chrome,r3f-state,200,937.0,3001.625,312.1642443676342,322.06119158004105,215.105162553395,248.01186144233085,3.2034418356456777,3.105000000447035,0.28330868116638147,3.744999999180436,4.2789999996125685,5.994999999180436,0.0,0.0,0.125,0.19640000000596033,0.7850000001490116,0.9381999998539685,2.199999999254942,0.09248,0.101864,936.0,50.4208,50.5157,21.7099
amd-ryzen-5 · chrome|s5|011_r3f-state_i2,amd-ryzen-5 · chrome,r3f-state,283,699.0,3002.44,232.8106473402038,240.09603835953155,181.2962683046001,197.2272173510512,4.295336194562916,4.1650000009685755,0.3010428293581358,4.824999999254942,5.1952000002935526,5.660000000149012,0.0,0.0,0.1550000011920929,0.235100001245737,1.094999998807907,1.3049999997019768,2.9149999991059303,0.15384,0.20416,698.0,45.8843,56.9174,45.148
amd-ryzen-5 · chrome|s5|011_r3f-state_i2,amd-ryzen-5 · chrome,r3f-state,400,519.0,3000.67,172.9613719602665,179.05102951475666,93.8086303959632,126.11294675549307,5.781637764932419,5.58500000089407,0.7835601578860628,6.782999999448656,7.821900000087919,20.134999999776483,0.0019267822736030828,0.0,0.22499999962747097,0.3340999992191794,1.4900000002235174,2.2152000010386166,3.8650000002235174,0.2656,0.2707984,518.0,58.558,65.755,36.4498
amd-ryzen-5 · chrome|s5|011_r3f-state_i2,amd-ryzen-5 · chrome,r3f-state,566,357.0,3008.055,118.68134060049945,120.48192772706615,98.63554167037528,102.49299128335369,8.425924369747065,8.299999998882413,0.39122034288052593,9.50700000077486,9.836600000336766,10.360000001266599,0.0,0.0,0.40000000037252903,1.4771999999880792,2.4100000001490116,2.7921999994665385,5.5,0.35536,0.36352,356.0,54.5136,63.9428,33.9696
amd-ryzen-5 · chrome|s5|011_r3f-state_i2,amd-ryzen-5 · chrome,r3f-state,800,266.0,3002.545,88.59151153438387,91.70105455210306,73.12614259199391,75.05556998928674,11.287763157894457,10.905000001192093,0.7364465782307833,12.87000000057742,13.41549999974668,13.775000000372529,0.0,0.0,0.4699999997392297,0.6099999994039536,2.980000000447035,3.5567500011995437,7.4500000001862645,0.54656,0.5545856,265.0,53.8992,76.1732,63.8295
amd-ryzen-5 · chrome|s5|011_r3f-state_i2,amd-ryzen-5 · chrome,r3f-state,1131,188.0,3010.345,62.45131371988076,64.29834432056009,50.23863351086097,53.172633817865325,16.01247340424898,15.552499999292195,0.9868074295576371,17.959500000532717,19.554650000557302,19.904999999329448,0.2074468085106383,0.0,0.6399999987334013,1.0628999995067632,4.3599999994039536,5.168250001017004,10.537499999627471,2.15444,3.2721552,187.0,72.1608,96.9978,96.9978
amd-ryzen-5 · chrome|s5|011_r3f-state_i2,amd-ryzen-5 · chrome,r3f-state,1600,119.0,3015.215,39.46650570523359,40.5597241949786,32.05641929765817,32.15330696745216,25.337941176469336,24.654999999329448,1.7876400516538087,29.194000000320372,31.13409999996424,31.195000000298023,1.0,0.0,1.1299999989569187,4.596399999707937,7.8900000005960464,8.949600000195206,15.610000001266599,3.9368999999999996,4.548824,118.0,86.3694,108.5675,101.5344
amd-ryzen-5 · chrome|s5|011_r3f-state_i2,amd-ryzen-5 · chrome,r3f-state,2263,92.0,3016.66,30.49730496641831,31.429244912501375,25.71685740017354,26.35740643124599,32.78978260869727,31.81749999988824,2.082389914118308,36.86850000014529,38.80765000065789,38.88499999977648,1.0,0.20652173913043478,1.4899999983608723,1.8175500006042427,9.230000000447035,10.44635000018403,21.107499999925494,6.42032,7.835935999999999,91.0,135.0079,146.2477,146.2477
amd-ryzen-5 · chrome|s5|011_r3f-state_i2,amd-ryzen-5 · chrome,r3f-state,3200,66.0,3002.1,21.984610772462005,22.666742222627192,19.00418092009835,19.303156065896495,45.48636363635799,44.11749999970198,2.844646868433178,50.852500000502914,51.96025000000372,52.619999999180436,1.0,1.0,2.047500000335276,2.6722499995492397,13.079999999143183,13.813500000815838,28.927500000223517,10.3788,12.8041312,65.0,181.5888,199.3571,189.8
amd-ryzen-5 · chrome|s5|011_r3f-state_i2,amd-ryzen-5 · chrome,r3f-state,4525,61.0,4073.43,14.975094699063066,15.422578655186584,12.997985312188485,13.149243918453218,66.77754098360167,64.83999999985099,4.39858704802402,73.73499999940395,76.49399999976158,76.93500000052154,1.0,1.0,2.9399999994784594,3.5339999999850984,18.695000000298023,21.38300000056624,42.9850000012666,15.0458,18.316490799999997,60.0,266.4734,274.7516,260.3001
amd-ryzen-5 · chrome|s5|011_r3f-state_i2,amd-ryzen-5 · chrome,r3f-state,6400,61.0,6240.25,9.775249389046913,9.555661729540757,9.043635541396274,9.084714967026915,102.29918032786885,104.65000000037253,5.230829139250781,107.57000000029802,110.36200000084936,110.57500000111759,1.0,1.0,3.744999999180436,14.504999998956919,31.524999998509884,37.10300000086427,69.16499999910593,22.79884,28.472565199999995,60.0,313.2284,408.3089,408.3089
amd-ryzen-5 · chrome|s5|012_r3f-ref_i2,amd-ryzen-5 · chrome,r3f-ref,100,2698.0,3000.7,899.1235378408355,909.0909093987843,576.2411347146631,666.3848621015018,1.1121942179396285,1.099999999627471,0.1531217126736784,1.3650000002235174,1.554999999757856,2.205000000074506,0.0,0.0,0.11500000022351742,0.2050000000745058,0.6100000012665987,0.8450000006705523,0.35500000044703484,0.05872,1.5076432000000035,2694.0,14.7459,17.5979,12.827
amd-ryzen-5 · chrome|s5|012_r3f-ref_i2,amd-ryzen-5 · chrome,r3f-ref,141,2276.0,3001.2,758.3633213383197,763.3587783220438,503.3173186810798,571.6453774629626,1.3186291739891278,1.3100000005215406,0.1809747393434125,1.62999999942258,1.8062499999068677,2.675000000745058,0.0,0.0,0.14000000059604645,0.23000000044703484,0.7850000001490116,1.099999999627471,0.35999999940395355,0.08416,1.3987640000000034,2271.0,17.0235,22.7023,22.7023
amd-ryzen-5 · chrome|s5|012_r3f-ref_i2,amd-ryzen-5 · chrome,r3f-ref,200,1868.0,3001.455,622.3648197290826,625.9780907084332,401.8305614472584,463.95609877516335,1.6067746252677058,1.5975000001490116,0.231420235020108,1.9899999995715916,2.183299999628215,2.9649999998509884,0.0,0.0,0.18999999947845936,0.29830000109970495,1.040000000037253,1.4916499998793002,0.34999999962747097,0.12944,1.1248311999999998,1863.0,16.2852,26.2036,26.2036
amd-ryzen-5 · chrome|s5|012_r3f-ref_i2,amd-ryzen-5 · chrome,r3f-ref,283,1350.0,3002.44,449.6342974381618,451.4672686533968,291.0882221095932,348.6587047436556,2.224029629629243,2.2149999998509884,0.29204644475280006,2.6400000005960464,2.8650000002235174,5.495000001043081,0.0,0.0,0.3050000015646219,0.4450000002980232,1.530000001192093,2.1150000002235174,0.35500000044703484,0.16624,1.3053839999999988,1347.0,27.5388,28.5098,19.9866
amd-ryzen-5 · chrome|s5|012_r3f-ref_i2,amd-ryzen-5 · chrome,r3f-ref,400,1078.0,3002.165,359.0742014513929,368.6635944194146,224.34099833994128,275.5680341186118,2.7849397031531593,2.712500000372529,0.36169789571310235,3.340749999694526,3.621149999368936,6.660000000149012,0.0,0.0,0.34999999962747097,0.5134499994851651,2.044999999925494,2.7722999995015565,0.32499999925494194,0.16992,1.9518719999999996,1075.0,28.0136,28.7912,23.7874
amd-ryzen-5 · chrome|s5|012_r3f-ref_i2,amd-ryzen-5 · chrome,r3f-ref,566,880.0,3001.47,293.18967039477434,295.8579882569834,231.01357205431609,251.65146272316198,3.4107613636371257,3.3799999989569187,0.2072170271574108,3.8049999997019768,4.084199999980629,4.475000001490116,0.0,0.0,0.4550000000745058,0.6449999995529652,2.650000000372529,3.2886499987915183,0.2599999997764826,0.19616,0.22549760000000016,879.0,30.301,43.5824,43.5824
amd-ryzen-5 · chrome|s5|012_r3f-ref_i2,amd-ryzen-5 · chrome,r3f-ref,800,679.0,3004.045,226.0285714759918,232.82887078401563,158.4576785940732,168.76342435764295,4.424219440356095,4.294999999925494,0.5600284262674954,5.654999999329448,6.1611000003293155,6.444999998435378,0.0,0.0,0.5449999999254942,0.775000000372529,3.4349999986588955,5.05770000036806,0.2999999988824129,0.43320000000000003,1.245044800000002,678.0,24.4133,35.9456,35.9456
amd-ryzen-5 · chrome|s5|012_r3f-ref_i2,amd-ryzen-5 · chrome,r3f-ref,1131,497.0,3004.87,165.39817030348317,170.5029837957186,130.9328968871505,139.06191151963753,6.0460160965815755,5.865000000223517,0.39034856185409494,6.757000000029802,7.3708000010252,7.719999998807907,0.0,0.0,0.7949999999254942,1.0871999990940104,4.800000000745058,6.187200000509621,0.26999999955296516,2.09318,2.868434000000001,496.0,43.8332,56.1652,56.1652
amd-ryzen-5 · chrome|s5|012_r3f-ref_i2,amd-ryzen-5 · chrome,r3f-ref,1600,397.0,3003.03,132.19981152372392,134.6801347004063,85.65310491958745,99.68781972404587,7.564307304784205,7.424999998882413,0.7479238680421684,9.071000000089407,10.619999998658903,12.115000000223517,0.0,0.0,0.9199999999254942,1.600200001448393,6.259999999776483,8.804000001102699,0.2649999987334013,3.618,5.8999864,395.0,34.936,49.2057,49.2057
amd-ryzen-5 · chrome|s5|012_r3f-ref_i2,amd-ryzen-5 · chrome,r3f-ref,2263,258.0,3002.475,85.92910848545682,88.45643520799311,60.331825037029404,68.84089148827957,11.637500000005776,11.304999999701977,0.8368130495381503,13.153500000573693,15.368350000046199,16.630000000819564,0.0,0.0,1.4199999999254942,2.2864500006474557,9.605000000447035,13.004099999256434,0.26999999955296516,6.2414,7.8729776000000005,257.0,70.0564,83.4845,83.4845
amd-ryzen-5 · chrome|s5|012_r3f-ref_i2,amd-ryzen-5 · chrome,r3f-ref,3200,200.0,3001.135,66.64145398324797,69.61364427319458,33.50083752135612,47.49804070620749,15.005674999998883,14.365000000223517,1.9516439196880715,17.065499999653543,26.066450000517065,32.994999999180436,0.065,0.0,1.315000000409782,2.8053500015474855,12.797499999403954,21.688499998878676,0.2599999997764826,10.36336,14.4920464,199.0,120.1157,126.2881,58.3506
amd-ryzen-5 · chrome|s5|012_r3f-ref_i2,amd-ryzen-5 · chrome,r3f-ref,4525,132.0,3015.63,43.77194815015292,45.10599909613678,35.267148650475555,36.4376157655396,22.845681818173915,22.170000000856817,1.6269664287901668,25.917249999474723,27.950799999367444,28.355000000447035,1.0,0.0,2.590000000782311,4.74974999891594,19.145000000484288,24.179800000395623,0.31499999947845936,15.4718,19.573271999999985,131.0,116.4301,131.7389,131.7389
amd-ryzen-5 · chrome|s5|012_r3f-ref_i2,amd-ryzen-5 · chrome,r3f-ref,6400,100.0,3003.59,33.29349212109674,33.65870077419232,26.813245743450803,28.068599657891802,30.03589999999851,29.709999999962747,2.041265375500699,34.11724999956787,36.978199999630455,37.294999999925494,1.0,0.07,2.5975000001490116,5.2157999998517335,26.797500000335276,31.86400000065566,0.3525000009685755,22.55692,25.471984799999987,99.0,90.3288,103.5216,103.5216
amd-ryzen-5 · chrome|s5|012_r3f-ref_i2,amd-ryzen-5 · chrome,r3f-ref,9051,67.0,3014.905,22.222922446980885,22.637238257505356,18.87326601823337,19.373587342403173,44.99858208954223,44.17499999888241,3.0437978179539917,50.28650000039488,51.648500001020736,52.9850000012666,1.0,1.0,4.699999999254942,8.555100000947714,39.00999999977648,44.72409999992699,0.3500000014901161,33.17936,38.68999999999999,66.0,226.514,227.1406,227.1406
amd-ryzen-5 · chrome|s5|012_r3f-ref_i2,amd-ryzen-5 · chrome,r3f-ref,12800,61.0,3788.065,16.10320836627893,16.587874263872077,13.153567905229858,13.42071711364216,62.09942622949965,60.28500000014901,4.347752110548159,71.9199999999255,75.03200000077486,76.02500000037253,1.0,1.0,4.574999999254942,8.582000000402328,54.07000000029802,69.42400000020861,0.4100000001490116,49.03632,59.78236359999999,60.0,290.554,302.6323,297.5952
amd-ryzen-5 · chrome|s5|012_r3f-ref_i2,amd-ryzen-5 · chrome,r3f-ref,18102,61.0,5270.915,11.572943217636556,11.659767970536352,9.490367277287444,9.79831795539381,86.4084426229667,85.76500000059605,5.902442752894879,96.77500000037253,103.33599999994038,105.36999999918044,1.0,1.0,6.615000000223517,10.228000000119204,75.9550000000745,88.91100000031291,0.43999999947845936,70.49516,78.9491568,60.0,555.0243,570.4151,570.4151
amd-ryzen-5 · chrome|s5|013_threejs_i3,amd-ryzen-5 · chrome,threejs,100,2774.0,3000.84,924.4078324736199,961.5384623650792,286.4113715879341,497.1271096202626,1.0817736121124193,1.0399999991059303,0.3140764019140651,1.405000001192093,2.7799999993294477,5.089999999850988,0.0,0.0,0.07500000111758709,0.2013499994762241,0.599999999627471,0.9100000001490116,0.34500000067055225,0.0536,0.8549332000000001,2768.0,10.5152,11.8117,11.6899
amd-ryzen-5 · chrome|s5|013_threejs_i3,amd-ryzen-5 · chrome,threejs,141,2296.0,3000.32,765.2517064845656,792.0792078039317,262.733623952048,413.4254474226868,1.3067595818816629,1.2625000001862645,0.361993506887512,1.7362500010058284,3.130499999038877,5.310000000521541,0.0,0.0,0.08999999985098839,0.2050000000745058,0.7899999991059303,1.1705000000074524,0.35500000044703484,0.0744,1.010908,2291.0,17.3066,19.1701,17.3894
amd-ryzen-5 · chrome|s5|013_threejs_i3,amd-ryzen-5 · chrome,threejs,200,1792.0,3000.055,597.3223824230482,613.4969329079307,248.48351969922038,368.59107099769415,1.6741378348212623,1.6299999989569187,0.36431857638028514,2.1472500009462228,3.225299999024705,5.405000001192093,0.0,0.0,0.14499999955296516,0.2804499994032081,1.1050000004470348,1.6558999994769685,0.3500000014901161,0.10592,1.1887380000000003,1784.0,22.0515,24.1415,20.9745
amd-ryzen-5 · chrome|s5|013_threejs_i3,amd-ryzen-5 · chrome,threejs,283,1455.0,3001.555,484.74873857055576,498.7531174664539,222.82349194235678,280.49398106519084,2.0629243986252246,2.0049999989569187,0.46756119114058764,2.729499999806284,4.017300000116229,5.050000000745058,0.0,0.0,0.2000000011175871,0.3572999999672176,1.405000001192093,2.074599999189377,0.35500000044703484,0.15856,1.0506095999999978,1447.0,19.3864,24.458,12.4884
amd-ryzen-5 · chrome|s5|013_threejs_i3,amd-ryzen-5 · chrome,threejs,400,1028.0,3001.155,342.5347907722959,350.8771929136604,190.00570016804633,228.85348889617018,2.9194114785985694,2.8500000005587935,0.4970987579999261,3.694749999698251,4.684599999599159,7.169999999925494,0.0,0.0,0.2749999985098839,0.46000000089406967,2.1974999997764826,3.0509499995410443,0.3449999988079071,0.19872,2.000712,1025.0,24.0994,26.6373,13.1185
amd-ryzen-5 · chrome|s5|013_threejs_i3,amd-ryzen-5 · chrome,threejs,566,798.0,3000.665,265.94104973388977,272.4795640382292,174.32449259412013,200.35961983391604,3.7602318295751487,3.669999999925494,0.46788578122634333,4.658000001125037,5.010900001563131,7.054999999701977,0.0,0.0,0.3399999998509884,0.5651500012539326,3.0,4.161650000140069,0.31499999947845936,0.15984,2.527612799999995,797.0,17.8952,31.6305,26.2311
amd-ryzen-5 · chrome|s5|013_threejs_i3,amd-ryzen-5 · chrome,threejs,800,713.0,3001.055,237.58311660401785,247.52475253002584,144.38943894256298,165.51985055333026,4.209053295932261,4.03999999910593,0.6197199847869117,5.432000000029802,6.27000000141561,7.870000001043081,0.0,0.0,0.4299999997019768,0.5987999998778104,3.274999998509884,5.287600000798702,0.34000000171363354,0.54776,3.5993771999999997,710.0,19.514,43.1839,43.1839
amd-ryzen-5 · chrome|s5|013_threejs_i3,amd-ryzen-5 · chrome,threejs,1131,484.0,3001.8,161.23659137846622,164.33853736287097,97.83539195357388,125.66760917466696,6.202066115704019,6.08500000089407,0.6001316865115469,7.137750000506639,8.05514999991284,11.860000001266599,0.0,0.0,0.5299999993294477,0.8200000002980232,5.259999999776483,7.067949998993437,0.27500000037252903,2.06804,3.2347112000000005,483.0,33.0564,36.271,36.0539
amd-ryzen-5 · chrome|s5|013_threejs_i3,amd-ryzen-5 · chrome,threejs,1600,350.0,3003.755,116.52082143846769,119.08306043518145,68.27492034384242,88.94469732691245,8.582157142859485,8.397499999962747,0.8467949795361801,9.772749999165537,11.72305000027641,16.18999999947846,0.0,0.0,0.7524999994784594,1.1786500002071252,7.392500000074506,10.486549998987462,0.25,3.80776,5.098137599999999,349.0,55.0629,55.0629,42.4821
amd-ryzen-5 · chrome|s5|013_threejs_i3,amd-ryzen-5 · chrome,threejs,2263,256.0,3006.535,85.14785292703638,88.45643520799311,49.07373328551559,61.80628879009784,11.744277343750582,11.304999999701977,1.3427197906996708,13.83875000057742,16.69799999995157,22.705000000074506,0.01171875,0.0,0.9900000002235174,1.6910000003874293,10.084999999031425,15.100000000093127,0.25500000081956387,6.4542,9.197548000000005,255.0,55.6355,63.8469,35.3957
amd-ryzen-5 · chrome|s5|013_threejs_i3,amd-ryzen-5 · chrome,threejs,3200,187.0,3014.415,62.03525393817887,63.492063492063494,45.13653802510463,51.4388591993601,16.119866310155647,15.75,1.072358148358957,17.884999999590214,19.995800001397722,22.155000001192093,0.25668449197860965,0.0,1.2949999999254942,2.2417000005766727,14.21000000089407,17.495099999532094,0.2599999997764826,10.5524,12.806674000000006,186.0,60.7633,77.7713,65.3761
amd-ryzen-5 · chrome|s5|013_threejs_i3,amd-ryzen-5 · chrome,threejs,4525,138.0,3017.915,45.72693399252162,46.20004620100037,26.378264310104704,34.60008073386363,21.86894927535584,21.644999999552965,2.1693312276794328,23.923500000126662,31.52549999969079,37.91000000014901,1.0,0.007246376811594203,1.6149999992921948,2.151350000239908,19.677500000223517,26.842150000557268,0.3174999998882413,15.62468,19.35347679999997,137.0,102.86,117.5219,59.943
amd-ryzen-5 · chrome|s5|013_threejs_i3,amd-ryzen-5 · chrome,threejs,6400,94.0,3027.255,31.05123288258655,31.029400356802235,26.420079260497815,27.744061037149343,32.20484042554063,32.22750000003725,1.645867658897314,35.0425000006333,36.134149999003846,37.84999999962747,1.0,0.24468085106382978,2.5799999991431832,3.329299999643107,29.334999999962747,32.209449999220666,0.32499999925494194,22.65532,24.8704688,93.0,111.3179,119.777,119.777
amd-ryzen-5 · chrome|s5|013_threejs_i3,amd-ryzen-5 · chrome,threejs,9051,68.0,3012.175,22.57504959042062,22.474435329755888,20.52123948267651,20.64480611067208,44.29669117645415,44.49500000011176,2.088435572807708,47.566000000294295,48.572550000846384,48.730000000447035,1.0,1.0,3.2075000004842877,4.817949999868866,41.010000000707805,44.18935000002384,0.3399999998509884,33.03836,36.396264000000016,67.0,98.6832,116.7948,89.0015
amd-ryzen-5 · chrome|s5|013_threejs_i3,amd-ryzen-5 · chrome,threejs,12800,61.0,3811.0,16.006297559695618,16.189088553943378,14.432096983877953,14.487504527397292,62.47540983606557,61.77000000141561,2.4397937574316026,68.63499999977648,69.11900000013411,69.28999999910593,1.0,1.0,4.304999999701977,5.819999999925494,57.09500000067055,63.43300000093877,0.3650000002235174,48.47166,51.5033992,60.0,196.6822,211.2778,210.5042
amd-ryzen-5 · chrome|s5|013_threejs_i3,amd-ryzen-5 · chrome,threejs,18102,61.0,5315.63,11.475591792508503,11.727453969548476,9.926543577504281,10.134792743432275,87.14147540981897,85.27000000141561,4.071563412392336,96.03500000014901,99.80700000040233,100.74000000022352,1.0,1.0,5.379999998956919,7.185999999940395,79.4199999999255,93.4339999999851,0.38000000081956387,70.10774,81.8668876,60.0,180.6852,200.7687,184.7457
amd-ryzen-5 · chrome|s5|014_r3f-state_i3,amd-ryzen-5 · chrome,r3f-state,100,1455.0,3001.78,484.7124039737506,492.6108376011435,341.67175108636235,383.94880682118014,2.0630790378002266,2.0299999993294477,0.17582974039504407,2.346499999053776,2.7895999990403655,3.0849999990314245,0.0,0.0,0.08499999903142452,0.16500000096857548,0.5,0.6200000010430813,1.4399999994784594,0.04608,0.05472,1454.0,13.4712,27.0639,19.9484
amd-ryzen-5 · chrome|s5|014_r3f-state_i3,amd-ryzen-5 · chrome,r3f-state,141,1173.0,3001.435,390.8130610857127,396.8253968957916,277.9181404744642,308.0681999294181,2.5587681159424736,2.519999999552965,0.23718547509226084,2.9620000004768365,3.3784000008553257,4.400000000372529,0.0,0.0,0.09500000067055225,0.1678000003844497,0.6300000008195639,0.8349999990314245,1.7949999999254942,0.06592,0.0717264,1172.0,17.8986,30.7603,23.4103
amd-ryzen-5 · chrome|s5|014_r3f-state_i3,amd-ryzen-5 · chrome,r3f-state,200,921.0,3001.5,306.84657671164416,312.5000000727596,230.0907580418184,255.1374136858717,3.258957654723127,3.199999999254942,0.24224852345573927,3.6649999991059303,4.0200000002980225,4.695000000298023,0.0,0.0,0.11500000022351742,0.1699999999254942,0.8299999982118607,1.1000000014901161,2.2400000002235174,0.09376,0.10128,920.0,44.4544,51.2517,40.4945
amd-ryzen-5 · chrome|s5|014_r3f-state_i3,amd-ryzen-5 · chrome,r3f-state,283,684.0,3001.155,227.9122537822033,233.37222869666857,177.67249038822524,192.8804424940955,4.387653508773672,4.285000000149012,0.3122690276688712,4.914250000845641,5.396800000444053,5.764999998733401,0.0,0.0,0.1450000014156103,0.23584999922662953,1.1950000002980232,1.4849999997206031,2.919999999925494,0.1576,0.20288,683.0,31.7592,58.2655,54.1916
amd-ryzen-5 · chrome|s5|014_r3f-state_i3,amd-ryzen-5 · chrome,r3f-state,400,514.0,3003.13,171.15476186518018,176.211453721359,96.85230024562522,128.83609472281972,5.842665369647776,5.675000000745058,0.7001039304554623,6.804999999701977,7.68775000030175,18.239999998360872,0.0019455252918287938,0.0,0.22499999962747097,0.44000000109896065,1.6199999991804361,2.0521999988332396,3.830000000074506,0.2648,0.2715008,513.0,60.5156,65.5734,44.7542
amd-ryzen-5 · chrome|s5|014_r3f-state_i3,amd-ryzen-5 · chrome,r3f-state,566,362.0,3003.075,120.54310997896816,122.28676245462144,99.50248756095961,103.231726551597,8.295787292815621,8.177500000223517,0.38433884165563426,9.33874999983236,9.858900000359863,10.234999999403954,0.0,0.0,0.3399999998509884,0.48754999877884925,2.397499999962747,2.698649999443441,5.439999999478459,0.35456,0.361952,361.0,62.8521,63.7589,51.2517
amd-ryzen-5 · chrome|s5|014_r3f-state_i3,amd-ryzen-5 · chrome,r3f-state,800,272.0,3005.765,90.49276972748903,92.29349330903906,73.50238882522174,76.72105993250284,11.050606617649251,10.834999999962747,0.6030842466097278,12.555750000942497,13.228850000202657,13.820000000298023,0.0,0.0,0.3849999997764826,0.5228999994881454,3.1200000010430813,3.5793499994277957,7.317499999888241,0.54624,0.5979320000000017,271.0,69.2198,75.6615,65.4489
amd-ryzen-5 · chrome|s5|014_r3f-state_i3,amd-ryzen-5 · chrome,r3f-state,1131,185.0,3003.125,61.602497398543186,63.15124723356731,51.03342689772067,52.487315565769926,16.23310810810811,15.83500000089407,0.9574554077220306,18.54400000050664,19.257999999448657,19.594999998807907,0.1891891891891892,0.0,0.5749999992549419,1.151199999451631,4.589999999850988,5.378600000068545,10.634999999776483,2.18224,2.983844,184.0,68.0942,97.1363,73.3031
amd-ryzen-5 · chrome|s5|014_r3f-state_i3,amd-ryzen-5 · chrome,r3f-state,1600,132.0,3002.92,43.957214977423064,44.817927170868344,35.410764872240975,37.40415186125614,22.749393939393375,22.3125,1.3160126612503145,25.846250000223517,26.852099999003112,28.240000000223517,1.0,0.0,0.8775000004097819,4.065350000690668,6.727500000037253,7.443800000678748,14.677500000223517,3.82544,4.36572,131.0,95.6259,124.2449,102.9151
amd-ryzen-5 · chrome|s5|014_r3f-state_i3,amd-ryzen-5 · chrome,r3f-state,2263,90.0,3015.01,29.850647261537002,30.61380682684401,26.312327324784512,26.49971844043925,33.50011111110863,32.66500000003725,1.8126158975879842,37.267750000208615,37.87594999955967,38.005000000819564,1.0,0.2777777777777778,1.4149999991059303,1.9810999985598028,9.707499999552965,10.652599999792875,21.44249999988824,6.36136,7.668321600000003,89.0,110.5418,133.7068,116.6804
amd-ryzen-5 · chrome|s5|014_r3f-state_i3,amd-ryzen-5 · chrome,r3f-state,3200,64.0,3016.31,21.217978258212337,21.878247552139246,18.903591682952147,19.111932216492217,47.129843749979045,45.70750000048429,2.838846312648202,51.72274999953807,52.36449999991804,52.899999998509884,1.0,1.0,2.0674999998882413,4.949250000808373,14.0699999993667,15.680350000038743,29.512500000186265,10.3578,11.273481600000002,63.0,169.1858,187.921,178.1765
amd-ryzen-5 · chrome|s5|014_r3f-state_i3,amd-ryzen-5 · chrome,r3f-state,4525,61.0,4113.6,14.828860365617835,15.49426712137981,12.334258402826885,12.755915555810732,67.43606557376438,64.53999999910593,4.68403744244346,76.80000000074506,78.69899999983608,81.07499999925494,1.0,1.0,2.4350000005215406,3.198999999836087,19.929999999701977,21.850999999791384,42.05500000156462,14.89324,16.8320728,60.0,254.5693,262.7715,248.3984
amd-ryzen-5 · chrome|s5|014_r3f-state_i3,amd-ryzen-5 · chrome,r3f-state,6400,61.0,6027.43,10.120399573284637,10.083694665733098,5.073824141211149,7.166147120972337,98.81032786884758,99.1699999999255,14.09813814165992,104.63499999977648,147.63800000064063,197.09000000171363,1.0,1.0,3.4149999991059303,7.368999999761572,27.799999998882413,42.94000000059604,67.69499999843538,22.22888,30.962189199999973,60.0,370.0342,418.5683,323.1634
amd-ryzen-5 · chrome|s5|015_r3f-ref-central_i3,amd-ryzen-5 · chrome,r3f-ref-central,100,2838.0,3000.045,945.9858102128703,956.9377991112895,590.1570240114055,694.7352862043047,1.0570983086680499,1.0449999999254942,0.1509452995420529,1.3049999997019768,1.5099999997764826,2.2899999991059303,0.0,0.0,0.08499999903142452,0.1600000001490116,0.599999999627471,0.8300000000745058,0.3500000014901161,0.06208,1.3388232000000002,2832.0,11.9358,16.8172,16.4815
amd-ryzen-5 · chrome|s5|015_r3f-ref-central_i3,amd-ryzen-5 · chrome,r3f-ref-central,141,2377.0,3000.8,792.1221007734222,796.8127496662473,510.2040816107289,596.0047478137974,1.2624316365161474,1.2549999989569187,0.17852503755976581,1.549999999254942,1.7124000003933886,3.2450000010430813,0.0,0.0,0.09999999962747097,0.1749999988824129,0.775000000372529,1.0811999998241653,0.35500000044703484,0.09152,1.3893376,2372.0,19.3589,22.2524,20.6717
amd-ryzen-5 · chrome|s5|015_r3f-ref-central_i3,amd-ryzen-5 · chrome,r3f-ref-central,200,1883.0,3000.205,627.6237790417499,632.911392375218,418.4100417547721,468.6759903067811,1.593311205523141,1.5800000000745058,0.23266742015351455,1.9849999994039536,2.2158999996632343,2.825000001117587,0.0,0.0,0.14000000059604645,0.24590000085532698,1.074999999254942,1.5308999994769696,0.34999999962747097,0.14352,1.1449556,1878.0,15.2766,25.3152,25.3152
amd-ryzen-5 · chrome|s5|015_r3f-ref-central_i3,amd-ryzen-5 · chrome,r3f-ref-central,283,1344.0,3000.005,447.9992533344554,449.4382023224399,251.42636107751568,318.4183637083458,2.2321465773815623,2.224999999627471,0.37758780186069124,2.775000000372529,3.221399999577551,7.780000001192093,0.0,0.0,0.19999999925494194,0.3300000000745058,1.6449999995529652,2.4314000007323906,0.36999999918043613,0.184,2.0455839999999994,1339.0,26.4007,28.0671,26.802
amd-ryzen-5 · chrome|s5|015_r3f-ref-central_i3,amd-ryzen-5 · chrome,r3f-ref-central,400,1091.0,3001.565,363.4770528041837,368.32412525041786,238.2654276720616,277.02252090536376,2.75120531622317,2.7149999998509884,0.38994405622726824,3.3624999998137355,3.633000000752506,5.735000001266599,0.0,0.0,0.27500000037252903,0.3849999997764826,2.074999999254942,2.8805000007152555,0.3399999998509884,0.26288,2.0150599999999996,1090.0,34.0575,36.789,36.789
amd-ryzen-5 · chrome|s5|015_r3f-ref-central_i3,amd-ryzen-5 · chrome,r3f-ref-central,566,955.0,3003.655,317.94596916097663,331.12582765935593,224.550898213611,235.713031926495,3.1451884816746905,3.0200000014156103,0.5146414111074996,4.078000000491738,4.337299999408424,4.830000000074506,0.0,0.0,0.2949999999254942,0.4299999997019768,2.3849999997764826,3.522299999073148,0.3449999988079071,0.35376,2.3892639999999985,948.0,22.5768,37.2733,37.2733
amd-ryzen-5 · chrome|s5|015_r3f-ref-central_i3,amd-ryzen-5 · chrome,r3f-ref-central,800,702.0,3002.835,233.77907877049222,239.8081534815029,107.55166320817149,159.00056785917093,4.277542735044008,4.169999999925494,0.910065866008862,5.0747499993070955,6.258999999780209,24.83999999985099,0.0014245014245014246,0.0,0.34999999962747097,0.5299999993294477,3.544999999925494,5.139050000607968,0.27999999932944775,0.38344,0.7227979999999936,700.0,40.9404,49.5269,19.9944
amd-ryzen-5 · chrome|s5|015_r3f-ref-central_i3,amd-ryzen-5 · chrome,r3f-ref-central,1131,506.0,3001.95,168.55710454864726,170.5756929420744,115.87485515543065,131.11315064721697,5.932707509883632,5.862500000745058,0.5049146398369965,6.845000000670552,8.198749999236314,8.93999999947846,0.0,0.0,0.5449999999254942,0.7845000001601874,5.012499999254942,7.10674999943003,0.27999999932944775,2.07392,2.9530015999999994,505.0,39.3707,46.4082,40.0935
amd-ryzen-5 · chrome|s5|015_r3f-ref-central_i3,amd-ryzen-5 · chrome,r3f-ref-central,1600,323.0,3007.925,107.38299658399727,114.15525114446527,21.42092109977822,54.66908121741977,9.312461300311904,8.759999999776483,5.599074934180204,10.980000000260768,13.498600000143048,107.18999999947846,0.006191950464396285,0.0030959752321981426,0.8150000013411045,1.1416999994218346,7.66499999910593,10.53000000018625,0.27500000037252903,3.94516,6.143896000000003,322.0,76.2612,78.9797,67.7925
amd-ryzen-5 · chrome|s5|015_r3f-ref-central_i3,amd-ryzen-5 · chrome,r3f-ref-central,2263,273.0,3008.34,90.74772133469406,94.20631182090845,66.11570248340992,73.60851593932323,11.019560439559895,10.615000000223517,0.8542460927133043,12.860999999940395,13.702600000649687,15.484999999403954,0.0,0.0,0.9450000002980232,1.5412000009417524,9.405000001192093,11.981999999582763,0.26999999955296516,6.3261199999999995,8.301775600000004,272.0,40.5904,55.0127,55.0127
amd-ryzen-5 · chrome|s5|015_r3f-ref-central_i3,amd-ryzen-5 · chrome,r3f-ref-central,3200,193.0,3012.79,64.06022324823743,65.9195781069299,46.59832246249459,54.0962913983505,15.610310880824382,15.17000000178814,0.9569577482604423,17.12099999971688,18.594999999552925,21.459999999031425,0.12435233160621761,0.0,1.3500000014901161,2.040600000023841,13.570000000298023,16.201200001016208,0.2599999997764826,10.374500000000001,12.655170000000007,192.0,85.6374,100.5178,100.5178
amd-ryzen-5 · chrome|s5|015_r3f-ref-central_i3,amd-ryzen-5 · chrome,r3f-ref-central,4525,143.0,3014.61,47.43565502666677,47.28132387623576,36.97541135155315,40.38772213283632,21.08118881119767,21.15000000037253,1.3201012228854674,23.374500000290574,25.25959999911488,27.044999999925494,1.0,0.0,1.6349999997764826,2.550800000876188,19.195000000298023,22.577199999503794,0.31000000052154064,15.56554,18.452520400000004,142.0,65.8093,82.1365,82.1365
amd-ryzen-5 · chrome|s5|015_r3f-ref-central_i3,amd-ryzen-5 · chrome,r3f-ref-central,6400,97.0,3019.675,32.12266220701766,32.102728731558294,27.590012416129447,28.458610508402273,31.130670103100464,31.15000000037253,1.781427860768673,33.828999999538055,35.23219999946653,36.244999999180436,1.0,0.12371134020618557,2.5849999990314245,3.488800000101321,28.279999999329448,32.225000000148995,0.3300000000745058,22.743940000000002,27.573259999999994,96.0,156.2357,163.9279,154.4993
amd-ryzen-5 · chrome|s5|015_r3f-ref-central_i3,amd-ryzen-5 · chrome,r3f-ref-central,9051,70.0,3039.14,23.03283165633343,23.086690523191518,19.37046004842615,19.862288135710795,43.41628571426762,43.31499999947846,2.565964192277129,48.05225000018254,50.5002999994345,51.625,1.0,1.0,3.212500000372529,5.52154999980703,39.7425000006333,44.64584999997169,0.34999999962747097,33.39948,40.0121792,69.0,202.6634,216.4051,216.4051
amd-ryzen-5 · chrome|s5|015_r3f-ref-central_i3,amd-ryzen-5 · chrome,r3f-ref-central,12800,61.0,3780.315,16.136221452439376,16.002560409608307,14.262283391525525,14.490653528521069,61.972377049202315,62.49000000022352,3.2820191455853394,67.16500000096858,69.87799999937415,70.11500000022352,1.0,1.0,4.240000000223517,5.835999999567866,54.37999999895692,62.25800000019371,0.4199999999254942,49.2215,58.52510359999999,60.0,371.2638,379.479,377.7703
amd-ryzen-5 · chrome|s5|015_r3f-ref-central_i3,amd-ryzen-5 · chrome,r3f-ref-central,18102,61.0,5368.065,11.363498765380964,11.55001155000161,9.154155986799285,9.413388976857687,88.00106557379247,86.5800000000745,6.237718941766204,98.10000000149012,107.41600000075995,109.24000000022352,1.0,1.0,5.235000001266599,8.476000000908966,77.72000000067055,95.04399999938904,0.4299999997019768,71.09304,85.92889399999997,60.0,616.3793,632.4711,632.4711
amd-ryzen-5 · chrome|s5|016_r3f-ref_i3,amd-ryzen-5 · chrome,r3f-ref,100,2741.0,3000.31,913.5722641992072,921.6589869978768,567.4653215183638,678.4697288572218,1.0946041590662245,1.0849999990314245,0.15129772638877206,1.3300000000745058,1.5129999998956913,2.6799999997019768,0.0,0.0,0.09999999962747097,0.17999999970197678,0.6099999994039536,0.8280000004917378,0.35999999940395355,0.06496,1.3508991999999995,2735.0,11.2393,16.9832,15.4633
amd-ryzen-5 · chrome|s5|016_r3f-ref_i3,amd-ryzen-5 · chrome,r3f-ref,141,2385.0,3000.995,794.73641242343,800.0,498.8072001396467,587.6107942658285,1.2582788259954636,1.25,0.19026778152693596,1.5639999996870741,1.757400000616906,3.375,0.0,0.0,0.11999999918043613,0.2299999985843897,0.7549999989569187,1.055799999535083,0.3500000014901161,0.10048,1.0500415999999975,2379.0,18.3339,22.4541,19.7833
amd-ryzen-5 · chrome|s5|016_r3f-ref_i3,amd-ryzen-5 · chrome,r3f-ref,200,1806.0,3000.2,601.9598693421933,606.0606059237726,413.935839968213,456.9107754756652,1.661240310077107,1.650000000372529,0.22542882705756456,2.0487499991431832,2.312500001303854,2.7400000002235174,0.0,0.0,0.19999999925494194,0.30975000048056267,1.0800000000745058,1.5449999999254942,0.34999999962747097,0.132,1.10588,1801.0,15.4329,25.0903,25.0903
amd-ryzen-5 · chrome|s5|016_r3f-ref_i3,amd-ryzen-5 · chrome,r3f-ref,283,1318.0,3000.97,439.1913281371375,439.56043948846195,282.9162132684182,341.4224183264633,2.2769119878609034,2.275000000372529,0.3018989278538738,2.6899999997578563,2.898300000410526,6.089999999850988,0.0,0.0,0.31499999947845936,0.4450000002980232,1.5899999998509884,2.0874499997496594,0.3549999985843897,0.1696,1.6650955999999995,1314.0,26.952,28.9172,19.913
amd-ryzen-5 · chrome|s5|016_r3f-ref_i3,amd-ryzen-5 · chrome,r3f-ref,400,1019.0,3001.89,339.4528113954201,344.8275861626006,220.33711577015376,262.3638987311251,2.9459175662419983,2.900000000372529,0.4126528020555663,3.5310000009834757,3.825500000007449,6.804999999701977,0.0,0.0,0.41499999910593033,0.604099998772144,2.125,2.8031999997422092,0.34500000067055225,0.26432,2.256472000000001,1016.0,27.9945,28.694,23.3002
amd-ryzen-5 · chrome|s5|016_r3f-ref_i3,amd-ryzen-5 · chrome,r3f-ref,566,860.0,3001.035,286.5678007753849,290.2757619487637,197.06860451373134,228.9304157968914,3.4895755813955223,3.4450000002980232,0.2711236912917723,3.920249999966472,4.768449999969452,5.285000000149012,0.0,0.0,0.47000000067055225,0.6991000002063807,2.6974999997764826,3.7393499996885646,0.2599999997764826,0.19952,0.2563487999999998,859.0,29.7348,42.7177,42.7177
amd-ryzen-5 · chrome|s5|016_r3f-ref_i3,amd-ryzen-5 · chrome,r3f-ref,800,644.0,3003.765,214.3975976816667,223.21428569201237,150.73483230862763,159.57314184692672,4.664231366457661,4.480000000447035,0.7512757884364369,6.017750001046807,6.394999999552965,7.134999999776483,0.0,0.0,0.5649999994784594,0.8999999995715916,3.5924999993294477,5.1864000004902495,0.3300000000745058,0.544,2.978568,643.0,24.0307,34.977,34.977
amd-ryzen-5 · chrome|s5|016_r3f-ref_i3,amd-ryzen-5 · chrome,r3f-ref,1131,478.0,3003.36,159.1550796441635,165.70008284595008,113.02627861382196,122.05152697054113,6.283179916316745,6.035000000149012,0.5744175183278251,7.48724999949336,8.668799999449403,9.0,0.0,0.0,0.8149999994784594,1.1830500007793314,4.945000000298023,7.211849999632688,0.2724999999627471,2.10084,2.9153280000000006,477.0,43.4195,55.521,55.521
amd-ryzen-5 · chrome|s5|016_r3f-ref_i3,amd-ryzen-5 · chrome,r3f-ref,1600,383.0,3006.38,127.39573839630904,130.80444735885862,81.19079837782115,104.24382080895232,7.849556135772374,7.644999999552965,0.6657125744420394,8.63800000064075,9.531199999041856,16.904999999329448,0.0026109660574412533,0.0,0.7850000001490116,1.1317999992519618,6.625,8.10809999961406,0.2549999989569187,3.65808,4.873165999999999,382.0,81.3947,82.4051,78.9373
amd-ryzen-5 · chrome|s5|016_r3f-ref_i3,amd-ryzen-5 · chrome,r3f-ref,2263,293.0,3006.63,97.45129929525802,100.1502253439854,59.3383770985345,68.74033339154738,10.261535836173914,9.984999999403954,1.353401864074864,12.690000000223517,15.46319999910891,17.114999998360872,0.0034129692832764505,0.0,1.1950000002980232,2.332800000086426,8.455000000074506,13.305799999833107,0.27999999932944775,6.20122,9.430981999999988,292.0,44.3029,59.4369,59.4369
amd-ryzen-5 · chrome|s5|016_r3f-ref_i3,amd-ryzen-5 · chrome,r3f-ref,3200,190.0,3014.59,63.02681293310513,65.46644844756676,42.94610264091048,48.64076095785881,15.866263157893952,15.274999999441206,1.3958381958426374,19.012499999906865,20.864849999230316,23.28500000014901,0.1736842105263158,0.0,1.7299999995157123,2.615099998656654,13.294999999925494,17.948199999965695,0.2599999997764826,10.37312,13.185376000000005,189.0,91.2171,105.6893,105.6893
amd-ryzen-5 · chrome|s5|016_r3f-ref_i3,amd-ryzen-5 · chrome,r3f-ref,4525,138.0,3029.085,45.55831216358872,47.158688988280424,33.738191632250015,36.50856430138747,21.949891304340806,21.205000000074506,1.7689134842962229,24.936000000778588,28.38904999908059,29.640000000596046,1.0,0.0,1.737500000745058,3.516950000002979,19.09250000026077,25.603099999539545,0.31499999947845936,15.65244,19.211100799999972,137.0,69.3455,85.0958,85.0958
amd-ryzen-5 · chrome|s5|016_r3f-ref_i3,amd-ryzen-5 · chrome,r3f-ref,6400,66.0,3018.76,21.86328161231926,22.31146809491588,15.782828282512776,16.765864699248482,45.73878787878449,44.8199999993667,5.794745501966087,55.875,60.66250000102443,63.3600000012666,1.0,1.0,4.8624999998137355,7.256249999999998,39.482499999925494,51.69574999948963,0.4199999999254942,32.8282,43.1043168,65.0,158.1132,166.9266,166.9266
amd-ryzen-5 · chrome|s5|016_r3f-ref_i3,amd-ryzen-5 · chrome,r3f-ref,9051,72.0,3008.61,23.931317119870727,24.060150376478983,19.2474256567908,20.101849370111946,41.786249999991725,41.56249999906868,2.909597250858452,46.194249999430035,51.071050000656406,51.955000000074506,1.0,1.0,3.3849999997764826,7.813000000603498,37.79000000003725,42.8454499991797,0.3399999998509884,33.42064,38.825552,71.0,217.3842,231.0785,231.0785
amd-ryzen-5 · chrome|s5|016_r3f-ref_i3,amd-ryzen-5 · chrome,r3f-ref,12800,61.0,3857.955,15.81148561867591,15.817779184100859,13.710838417671203,14.022623165285568,63.24516393442745,63.21999999880791,3.6254350277052207,70.02500000037253,71.53700000047684,72.93500000052154,1.0,1.0,5.08500000089407,9.14300000034272,54.69500000029802,65.65600000023842,0.4100000001490116,49.937619999999995,59.16698639999999,60.0,398.0989,411.2191,401.5954
amd-ryzen-5 · chrome|s5|017_r3f-ref_i4,amd-ryzen-5 · chrome,r3f-ref,100,2708.0,3000.28,902.5824256404753,913.2420093499054,540.5946539953404,646.4433643527458,1.107932053175528,1.0949999997392297,0.16778635410772164,1.3899999999441206,1.6349999997764826,2.3049999997019768,0.0,0.0,0.11500000022351742,0.2149999998509884,0.6050000004470348,0.8799999989569187,0.35999999940395355,0.06848,1.1604352000000002,2703.0,11.1052,17.0368,15.1804
amd-ryzen-5 · chrome|s5|017_r3f-ref_i4,amd-ryzen-5 · chrome,r3f-ref,141,2272.0,3000.79,757.1339547254813,766.2835250792109,490.4146232381938,565.1271535830299,1.3207702464784796,1.3049999997019768,0.18549059286277236,1.6299999989569187,1.819999998975545,3.200000001117587,0.0,0.0,0.125,0.2199999988079071,0.7949999999254942,1.1264499996975061,0.3600000012665987,0.09088,1.4304784000000004,2267.0,18.1168,22.4493,18.7167
amd-ryzen-5 · chrome|s5|017_r3f-ref_i4,amd-ryzen-5 · chrome,r3f-ref,200,1801.0,3001.53,600.0273194005731,600.600600251215,402.7746700035968,458.9027126181244,1.6665907828980175,1.6650000009685755,0.23092665671022436,2.030000001192093,2.2349999994039536,3.9149999991059303,0.0,0.0,0.17999999970197678,0.28999999910593033,1.1099999994039536,1.5350000001490116,0.35500000044703484,0.12832,1.0927119999999984,1796.0,14.3365,23.9498,23.9498
amd-ryzen-5 · chrome|s5|017_r3f-ref_i4,amd-ryzen-5 · chrome,r3f-ref,283,1312.0,3002.355,436.99029595121783,439.56043948846195,271.68234062882163,333.1197950127428,2.2883803353647747,2.275000000372529,0.32900223987292193,2.7572500003501776,3.022249998673799,6.964999999850988,0.0,0.0,0.26999999955296516,0.40445000110194135,1.6150000002235174,2.1638999993354093,0.3650000002235174,0.17880000000000001,1.9738300000000006,1308.0,26.1465,28.1281,19.661
amd-ryzen-5 · chrome|s5|017_r3f-ref_i4,amd-ryzen-5 · chrome,r3f-ref,400,1050.0,3001.29,349.8495646872887,354.92457842382134,214.50021450398535,264.22764228292493,2.8583714285705772,2.817500000819564,0.4182305492340035,3.480000000447035,3.717649999335408,7.080000000074506,0.0,0.0,0.3849999997764826,0.5775499996356666,2.0899999998509884,2.794999999925494,0.3399999998509884,0.25808,2.0753103999999998,1049.0,27.8458,28.6508,23.5702
amd-ryzen-5 · chrome|s5|017_r3f-ref_i4,amd-ryzen-5 · chrome,r3f-ref,566,861.0,3002.97,286.71615101061343,294.1176470265978,197.6772918269249,212.787015039546,3.4877700348418212,3.400000000372529,0.3816234727704898,4.330000000074506,4.919999999925494,5.525000000372529,0.0,0.0,0.40000000037252903,0.6099999994039536,2.724999999627471,3.917000000551343,0.27999999932944775,0.20176,1.4464819999999996,860.0,29.9655,42.9327,42.9327
amd-ryzen-5 · chrome|s5|017_r3f-ref_i4,amd-ryzen-5 · chrome,r3f-ref,800,651.0,3002.28,216.835205244063,224.2152465918242,150.77271013974703,162.4489174261445,4.611797235022012,4.46000000089407,0.7192893364937766,5.867500000633299,6.269999999552965,7.285000000149012,0.0,0.0,0.5649999994784594,0.8525000000372529,3.5599999986588955,5.204999999143183,0.3399999998509884,0.54592,2.334143199999996,647.0,24.1562,35.2388,35.2388
amd-ryzen-5 · chrome|s5|017_r3f-ref_i4,amd-ryzen-5 · chrome,r3f-ref,1131,489.0,3003.74,162.79704634887295,167.92611250839437,119.63511290377166,134.3258521310808,6.142617586912523,5.955000000074506,0.43712981876802887,6.898999999836087,7.745599999278784,8.839999999850988,0.0,0.0,0.7900000009685755,1.1124000009894373,4.8900000005960464,6.206799999549985,0.26999999955296516,2.10302,2.7952887999999994,488.0,43.1448,55.5709,55.5709
amd-ryzen-5 · chrome|s5|017_r3f-ref_i4,amd-ryzen-5 · chrome,r3f-ref,1600,358.0,3005.705,119.10683184144523,126.18296528782162,79.93605116050097,86.43701538037676,8.395824022346577,7.925000000745058,0.9989029443221764,10.79150000065565,11.847950000874699,13.230000000447035,0.0,0.0,0.9250000007450581,1.5393000000528991,6.742499999701977,10.236449999902398,0.2599999997764826,3.6722,6.081364799999999,357.0,69.3469,81.8683,81.8683
amd-ryzen-5 · chrome|s5|017_r3f-ref_i4,amd-ryzen-5 · chrome,r3f-ref,2263,297.0,3006.11,98.79877981839482,100.35122930405956,68.7403333934334,77.70654677614817,10.121582491586755,9.964999999850988,1.0019291463351805,11.937999999150634,13.057000000178824,15.294999999925494,0.0,0.0,1.1199999991804361,1.880399999022484,8.525000000372529,11.215600000098354,0.2850000001490116,6.227880000000001,8.768257199999997,294.0,44.317,59.7203,59.7203
amd-ryzen-5 · chrome|s5|017_r3f-ref_i4,amd-ryzen-5 · chrome,r3f-ref,3200,189.0,3004.8,62.89936102238761,64.9350649413481,46.794571831462385,52.53787104766317,15.898412698406785,15.399999998509884,1.0354899749996969,17.872999999672174,19.608000000044708,21.369999999180436,0.1693121693121693,0.0,1.9150000009685755,3.290599999204278,13.224999999627471,16.475200000852354,0.26500000059604645,10.34694,12.4345336,188.0,90.9746,105.6024,105.6024
amd-ryzen-5 · chrome|s5|017_r3f-ref_i4,amd-ryzen-5 · chrome,r3f-ref,4525,141.0,3023.065,46.64140532870591,48.30917874570015,35.242290748898675,38.74896208209198,21.44017730496084,20.699999999254942,1.561164104388694,24.080000000074506,26.677999999374148,28.375,1.0,0.0,1.8549999985843897,2.9300000004470323,18.625,23.989000000059605,0.31000000052154064,15.52656,19.800185999999993,140.0,68.9935,85.4491,85.4491
amd-ryzen-5 · chrome|s5|017_r3f-ref_i4,amd-ryzen-5 · chrome,r3f-ref,6400,94.0,3015.37,31.17362048437422,31.57313126495901,25.028156676214124,26.016260162286446,32.07840425533025,31.672500000335276,2.2421659571458465,36.311000000406054,39.80155000090599,39.955000000074506,1.0,0.24468085106382978,3.2400000002235174,5.729199999514964,28.03749999962747,33.55884999893604,0.3300000000745058,22.51088,28.945430399999992,93.0,159.3639,172.0031,172.0031
amd-ryzen-5 · chrome|s5|017_r3f-ref_i4,amd-ryzen-5 · chrome,r3f-ref,9051,71.0,3024.435,23.475459052692976,23.63228169604884,20.108586366197684,20.402611534400442,42.59767605631914,42.315000001341105,2.901497621882669,47.480000000447035,49.113999999873336,49.730000000447035,1.0,1.0,3.855000000447035,6.742000000365077,37.93999999947846,44.05600000023842,0.3600000012665987,33.25958,41.465412400000005,70.0,219.597,231.5107,208.2313
amd-ryzen-5 · chrome|s5|017_r3f-ref_i4,amd-ryzen-5 · chrome,r3f-ref,12800,61.0,3723.2,16.383755908898852,17.107176460503386,13.438150910596178,13.747594170977827,61.03606557375828,58.455000000074506,4.284601509515094,70.14499999955297,73.14300000071525,74.41499999910593,1.0,1.0,5.320000000298023,7.051999999582767,52.63499999977648,60.99900000095367,0.39499999955296516,49.09312,55.987415599999984,60.0,403.9023,410.2414,410.2414
amd-ryzen-5 · chrome|s5|017_r3f-ref_i4,amd-ryzen-5 · chrome,r3f-ref,18102,61.0,5301.195,11.50683949562251,11.610356437832168,8.869966294110498,9.134644662324707,86.90483606557865,86.13000000081956,6.75452749193855,98.6550000011921,111.16799999959767,112.74000000022352,1.0,1.0,6.1650000009685755,8.670000000298021,75.57499999925494,96.53299999982119,0.41499999910593033,70.4256,95.0640552,60.0,656.0078,670.0744,669.2839
amd-ryzen-5 · chrome|s5|018_r3f-state_i4,amd-ryzen-5 · chrome,r3f-state,100,1433.0,3000.18,477.63800838621097,492.6108376011435,283.400809714462,340.0546003114959,2.09363572923915,2.0299999993294477,0.27665532511469954,2.60400000065565,3.035199999511243,5.305000001564622,0.0,0.0,0.08999999985098839,0.18340000085532698,0.4850000012665987,0.6684000002592805,1.4399999994784594,0.04784,0.05888,1432.0,12.2668,27.4687,21.3835
amd-ryzen-5 · chrome|s5|018_r3f-state_i4,amd-ryzen-5 · chrome,r3f-state,141,1213.0,3001.045,404.1925395987165,414.9377596311416,285.2388875663178,309.02348579654074,2.4740684253915295,2.4099999982863665,0.2469497037809972,3.0420000005513423,3.3193999985605473,3.8900000005960464,0.0,0.0,0.09500000067055225,0.18500000029802321,0.5950000006705523,0.7293999987095588,1.6950000002980232,0.06576,0.0688,1212.0,21.2478,39.1162,39.1162
amd-ryzen-5 · chrome|s5|018_r3f-state_i4,amd-ryzen-5 · chrome,r3f-state,200,942.0,3001.91,313.80021386382447,322.5806450062314,222.74470981683854,250.80711864373896,3.1867409766455936,3.100000001490116,0.27364989773876913,3.6150000001303852,4.260899999924004,4.759999999776483,0.0,0.0,0.125,0.18295000018551963,0.7799999993294477,0.9500000003539025,2.1950000002980232,0.09152,0.10342400000000002,941.0,45.9672,52.0911,52.0911
amd-ryzen-5 · chrome|s5|018_r3f-state_i4,amd-ryzen-5 · chrome,r3f-state,283,701.0,3001.145,233.57751791403095,240.9638554000564,177.8907242710615,194.9969357621952,4.281233951497223,4.150000000372529,0.3195255581776954,4.814999999478459,5.400000000372529,5.775000000372529,0.0,0.0,0.1600000001490116,0.2350000012665987,1.1349999997764826,1.349999999627471,2.8549999985843897,0.15216,0.20352,700.0,41.9462,58.6032,41.8774
amd-ryzen-5 · chrome|s5|018_r3f-state_i4,amd-ryzen-5 · chrome,r3f-state,400,529.0,3005.245,176.02558194095465,180.34265103939344,105.13036164729121,139.28695791576462,5.680992438561778,5.544999999925494,0.5231610179475421,6.310999999567866,6.975399999096991,13.544999999925494,0.0,0.0,0.22000000067055225,0.36439999930560646,1.4700000006705523,1.7552000005543242,3.8399999998509884,0.26496,0.2724368,528.0,52.3589,64.4047,41.6647
amd-ryzen-5 · chrome|s5|018_r3f-state_i4,amd-ryzen-5 · chrome,r3f-state,566,352.0,3000.175,117.32648928816856,119.40298507462687,95.4502068040298,99.65122072488613,8.523224431815008,8.375,0.43053374174238856,9.64624999994412,10.204500000067055,10.705000000074506,0.0,0.0,0.39499999955296516,0.5122499992698434,2.4599999990314245,2.832349999547005,5.529999999329448,0.35488,0.36232,351.0,51.6438,63.9597,61.6669
amd-ryzen-5 · chrome|s5|018_r3f-state_i4,amd-ryzen-5 · chrome,r3f-state,800,274.0,3002.72,91.2505994564724,93.76465073453653,69.20415224824289,76.07232722611778,10.958832116790768,10.66499999910593,0.7171935442052616,12.522250001039355,13.245100000612435,15.535000000149012,0.0,0.0,0.4550000000745058,0.6376999997161327,3.0950000006705523,3.6177000001631674,7.099999999627471,0.548,0.5910751999999995,273.0,46.7428,76.0107,65.6414
amd-ryzen-5 · chrome|s5|018_r3f-state_i4,amd-ryzen-5 · chrome,r3f-state,1131,189.0,3003.05,62.93601505138787,64.7039792944147,47.53981459859595,52.74416151556408,15.889153439147526,15.455000000074506,1.0509979161940892,18.150999999418854,19.04739999987185,21.034999998286366,0.20634920634920634,0.0,0.6899999994784594,1.1779999998957,4.574999999254942,5.869600000455977,10.160000000149012,2.1951400000000003,2.970421199999999,188.0,66.6522,83.5458,63.2383
amd-ryzen-5 · chrome|s5|018_r3f-state_i4,amd-ryzen-5 · chrome,r3f-state,1600,126.0,3013.115,41.81718918793032,42.7122263754794,33.57394661725691,34.94365335894352,23.913611111112886,23.41249999962747,1.60121212067974,27.793749999254942,29.13874999899417,29.78500000014901,1.0,0.0,1.3350000008940697,5.114999999757856,6.629999998956919,7.701249999925494,15.494999999180436,3.8226,4.664001600000001,125.0,96.4461,111.5228,86.6954
amd-ryzen-5 · chrome|s5|018_r3f-state_i4,amd-ryzen-5 · chrome,r3f-state,2263,95.0,3022.565,31.430258737203797,32.289312238892215,26.18829383357657,27.11129185322109,31.816473684205036,30.969999998807907,1.975419679883198,35.88950000088662,36.71859999991954,38.184999998658895,1.0,0.2,1.3899999987334013,1.8939000005647542,9.330000000074506,10.265400001034141,20.155000001192093,6.4192599999999995,7.175011999999998,94.0,128.0164,148.8913,144.2117
amd-ryzen-5 · chrome|s5|018_r3f-state_i4,amd-ryzen-5 · chrome,r3f-state,3200,66.0,3001.35,21.990104452985236,22.864982279463447,18.723085564448795,18.835347669301942,45.475000000022575,43.735000000335276,3.2533423049677466,51.68124999990687,53.40999999893829,53.41000000014901,1.0,1.0,1.9199999999254942,3.1282500007189737,13.06499999947846,16.708999999891958,28.59000000078231,10.40204,13.850375999999999,65.0,188.7993,201.7252,185.777
amd-ryzen-5 · chrome|s5|018_r3f-state_i4,amd-ryzen-5 · chrome,r3f-state,4525,61.0,4087.515,14.923492635505657,15.085231558084008,9.117016912023022,11.273745326074144,67.00844262293006,66.29000000096858,7.438728080219858,76.50500000081956,91.80500000007446,109.68500000052154,1.0,1.0,2.969999998807907,4.985999999940394,16.459999999031425,26.62799999974667,43.47000000067055,15.481100000000001,22.66836639999999,60.0,223.9476,229.7376,219.7804
amd-ryzen-5 · chrome|s5|018_r3f-state_i4,amd-ryzen-5 · chrome,r3f-state,6400,61.0,6188.27,9.857359165001593,9.748013842094698,8.12446683192809,8.672776155643687,101.44704918032053,102.58500000089407,6.56404482606506,110.71499999985099,116.37999999970197,123.08499999903142,1.0,1.0,4.154999999329448,15.167000000178813,27.744999999180436,36.78799999952316,70.18999999947846,22.34188,31.797943599999993,60.0,350.9758,432.3771,427.2867
amd-ryzen-5 · chrome|s5|019_threejs_i4,amd-ryzen-5 · chrome,threejs,100,2740.0,3000.46,913.1933103593731,952.3809517051627,274.20910985195883,498.42650032546044,1.0950583941602305,1.050000000745058,0.40790607279119395,1.4100000001490116,2.073049998935313,15.824999999254942,0.0,0.0,0.0800000000745058,0.18500000052154064,0.599999999627471,0.9500000011175871,0.35500000044703484,0.05104,0.8349327999999995,2733.0,7.966,14.6327,11.9537
amd-ryzen-5 · chrome|s5|019_threejs_i4,amd-ryzen-5 · chrome,threejs,141,2179.0,3000.745,726.1530053372063,738.007379830321,364.9635036553059,499.6414610074144,1.3771202386412025,1.3550000004470348,0.24609410175362173,1.7099999990314245,2.014399999678131,5.1650000009685755,0.0,0.0,0.10500000044703484,0.19499999884516,0.8699999991804361,1.199999999254942,0.3650000002235174,0.06496,1.0254087999999997,2174.0,17.3264,19.1301,16.5012
amd-ryzen-5 · chrome|s5|019_threejs_i4,amd-ryzen-5 · chrome,threejs,200,1824.0,3000.775,607.8429738983341,619.1950463539314,305.78442199101704,421.29629628176434,1.6451617324563446,1.6150000002235174,0.2844143806743762,2.0392499992623923,2.41655000122264,5.169999999925494,0.0,0.0,0.14499999955296516,0.23384999964386216,1.1100000012665987,1.581549999322742,0.34999999962747097,0.10992,1.092198799999997,1818.0,21.9253,24.1644,21.177
amd-ryzen-5 · chrome|s5|019_threejs_i4,amd-ryzen-5 · chrome,threejs,283,1519.0,3002.24,505.95555318691606,514.1388174019407,296.61854854482107,365.141187928647,1.9764581961818457,1.9450000002980232,0.3296449212523162,2.46549999974668,2.7623000004887572,4.650000000372529,0.0,0.0,0.1699999999254942,0.2599999997764826,1.3849999997764826,1.9782000001519913,0.34999999962747097,0.18944,1.3197523999999972,1514.0,19.3989,24.6435,13.3753
amd-ryzen-5 · chrome|s5|019_threejs_i4,amd-ryzen-5 · chrome,threejs,400,998.0,3000.035,332.66278560081815,337.83783773579376,208.937898998893,251.3916322390965,3.006047094188526,2.9600000008940697,0.3861915490361045,3.6437499987892803,4.040299999099225,6.2150000017136335,0.0,0.0,0.30000000074505806,0.48000000044703484,2.3450000006705523,3.1501500003971157,0.3049999997019768,0.09904,0.26596799999999865,996.0,24.4252,26.9638,12.542
amd-ryzen-5 · chrome|s5|019_threejs_i4,amd-ryzen-5 · chrome,threejs,566,798.0,3002.285,265.797550865411,272.4795640382292,169.02088615600908,194.93177387703713,3.7622619047620915,3.669999999925494,0.5099131377857248,4.755000000819564,5.182700001560149,6.419999999925494,0.0,0.0,0.36499999929219484,0.5751500010304151,2.980000000447035,4.350750001445412,0.30000000074505806,0.15488,0.3572319999999999,796.0,27.3888,38.1823,38.1823
amd-ryzen-5 · chrome|s5|019_threejs_i4,amd-ryzen-5 · chrome,threejs,800,644.0,3000.91,214.60157085682943,219.29824567853112,138.5361348461277,162.0048095205324,4.659798136646194,4.5599999986588955,0.5285791479238396,5.568499998468906,6.357849999852479,10.264999998733401,0.0,0.0,0.4550000000745058,0.665000000167638,3.8100000005215406,5.551249999646104,0.27000000048428774,0.32148,1.0184176000000005,643.0,39.321,40.8032,33.4995
amd-ryzen-5 · chrome|s5|019_threejs_i4,amd-ryzen-5 · chrome,threejs,1131,485.0,3002.695,161.52156645944788,165.97510377548915,94.49562957696574,119.51596035801222,6.191123711340821,6.024999998509884,0.7284053858812821,7.365000000968575,8.855800000056613,12.324999999254942,0.0,0.0,0.6150000002235174,0.9097999992221585,5.134999999776483,7.468200000524516,0.26999999955296516,2.0515,3.2183640000000002,484.0,42.7889,45.9977,24.9894
amd-ryzen-5 · chrome|s5|019_threejs_i4,amd-ryzen-5 · chrome,threejs,1600,353.0,3004.36,117.49590595004261,120.2645820881206,73.19751128235423,88.32774790057474,8.510934844190945,8.31499999947846,0.8801555769095258,9.791999999433756,12.3478000009805,14.744999999180436,0.0,0.0,0.8049999997019768,1.29,7.240000000223517,10.384800000488767,0.25,3.79336,5.593994400000001,352.0,48.4402,49.3451,34.2369
amd-ryzen-5 · chrome|s5|019_threejs_i4,amd-ryzen-5 · chrome,threejs,2263,257.0,3005.945,85.49723963677796,87.7577885071725,57.82853838219741,66.85981724897245,11.696284046693767,11.394999999552965,0.9689862137013321,13.064000000432133,16.138000000193713,17.634999999776483,0.011673151750972763,0.0,1.0350000001490116,1.7020000000298021,10.129999998956919,13.725800000280142,0.25500000081956387,6.46218,9.088355999999994,256.0,53.2329,63.1263,58.1096
amd-ryzen-5 · chrome|s5|019_threejs_i4,amd-ryzen-5 · chrome,threejs,3200,191.0,3012.675,63.398806708347514,64.55777921146354,48.4730974333767,51.8612423645832,15.773167539261165,15.490000000223517,1.2049585243967216,17.8125,20.426999999955296,20.62999999895692,0.2094240837696335,0.0,1.1150000002235174,2.0325000014156096,14.030000001192093,18.715000000968576,0.26000000163912773,10.491620000000001,14.570079999999981,190.0,41.3016,68.2522,68.2522
amd-ryzen-5 · chrome|s5|019_threejs_i4,amd-ryzen-5 · chrome,threejs,4525,133.0,3011.045,44.17071149717234,44.79283314819141,32.63707571738077,34.66404760532188,22.639436090225004,22.324999999254942,1.9062092175819016,26.58900000043213,29.40219999939203,30.640000000596046,1.0,0.0,1.7900000009685755,3.32580000050366,20.175000000745058,26.91560000002385,0.31499999947845936,15.603,21.8746708,132.0,77.7277,101.4099,80.8564
amd-ryzen-5 · chrome|s5|019_threejs_i4,amd-ryzen-5 · chrome,threejs,6400,94.0,3006.185,31.268867351823634,31.347962382079057,25.20478890941956,27.247028370677896,31.980691489347436,31.90000000037253,1.9466632054120103,35.3765000000596,36.07125000074503,39.67500000074506,1.0,0.19148936170212766,2.3100000005215406,3.265999999213958,29.274999999441206,33.453650000467874,0.3200000002980232,22.63524,27.9638672,93.0,76.5164,96.4809,67.6389
amd-ryzen-5 · chrome|s5|019_threejs_i4,amd-ryzen-5 · chrome,threejs,9051,66.0,3015.25,21.88873227758892,22.14348981392162,19.203072491873403,19.482417118861584,45.68560606060606,45.16000000014901,2.7868389197416743,50.6175000006333,51.4054999996908,52.07499999925494,1.0,1.0,3.4649999998509884,4.413749999459832,41.21750000026077,47.40049999961629,0.3349999990314245,33.36168,39.984744,65.0,150.79,158.7109,157.177
amd-ryzen-5 · chrome|s5|019_threejs_i4,amd-ryzen-5 · chrome,threejs,12800,61.0,3853.635,15.829210602458078,16.318537859186396,8.288094152667687,11.141026831290871,63.17434426229142,61.27999999932945,8.402183569229166,72.79999999888241,93.13599999994034,120.6550000011921,1.0,1.0,3.9349999986588955,8.263999998569487,55.93999999947846,77.17400000058112,0.3849999997764826,48.74192,64.47497159999996,60.0,266.204,267.3291,117.1098
amd-ryzen-5 · chrome|s5|019_threejs_i4,amd-ryzen-5 · chrome,threejs,18102,61.0,5317.8,11.470909022530524,11.702750146386416,9.71581248492454,10.282600126855497,87.17704918030955,85.44999999925494,3.6302977811836064,94.3099999986589,97.86999999955296,102.92499999888241,1.0,1.0,5.570000000298023,9.679999998584384,79.55000000074506,88.93399999998509,0.36499999836087227,70.46816000000001,74.59216319999999,60.0,277.6148,302.6544,302.6544
amd-ryzen-5 · chrome|s5|020_r3f-ref-central_i4,amd-ryzen-5 · chrome,r3f-ref-central,100,2807.0,3000.76,935.4296911449796,947.8672971724607,591.2786401233176,696.1364428093158,1.0690274314213668,1.055000001564622,0.150536809548811,1.3199999997392298,1.4700000005587937,2.7299999985843897,0.0,0.0,0.07500000111758709,0.15000000037252903,0.6099999994039536,0.8450000005587935,0.35500000044703484,0.06544,1.1999675999999984,2802.0,10.9373,17.207,15.4011
amd-ryzen-5 · chrome|s5|020_r3f-ref-central_i4,amd-ryzen-5 · chrome,r3f-ref-central,141,2330.0,3001.085,776.3858737754199,781.2500004092726,491.8208061717725,577.0857171184477,1.2880193133051048,1.2799999993294477,0.18300557600564196,1.5899999998509884,1.8235499995574358,2.955000000074506,0.0,0.0,0.09500000067055225,0.1699999999254942,0.7949999999254942,1.1099999994039536,0.35999999940395355,0.09072,1.1524943999999953,2325.0,18.0901,22.3863,19.2574
amd-ryzen-5 · chrome|s5|020_r3f-ref-central_i4,amd-ryzen-5 · chrome,r3f-ref-central,200,1904.0,3000.07,634.6518581232474,643.0868164583495,458.1072935338727,492.189726185564,1.5756670168068792,1.5550000006332994,0.20734325622311622,1.934249999094754,2.0850000008381904,2.4849999994039536,0.0,0.0,0.11999999918043613,0.19485000027343644,1.0849999990314245,1.5398500008881093,0.34500000067055225,0.15472,1.1565408,1897.0,14.4471,24.3626,24.3626
amd-ryzen-5 · chrome|s5|020_r3f-ref-central_i4,amd-ryzen-5 · chrome,r3f-ref-central,283,1382.0,3000.685,460.5615051232028,459.7701149819029,328.6978508155525,366.0477453653243,2.171262662806555,2.1749999998137355,0.2772225983772907,2.5850000008009375,2.7409500000253324,5.110000001266599,0.0,0.0,0.20999999903142452,0.29500000027939677,1.6050000004470348,2.0669000012986367,0.35500000044703484,0.18288,1.5478784000000008,1377.0,25.8583,28.2221,26.5707
amd-ryzen-5 · chrome|s5|020_r3f-ref-central_i4,amd-ryzen-5 · chrome,r3f-ref-central,400,1168.0,3000.555,389.261319989174,398.4063745374704,288.2599580701532,307.05701731977763,2.568968321917553,2.5099999997764826,0.3502480842287711,3.125,3.3299500006996086,3.8899999987334013,0.0,0.0,0.2749999985098839,0.39499999955296516,1.8725000005215406,2.56830000065267,0.3449999988079071,0.26368,1.754440000000004,1162.0,19.4698,29.0365,18.3498
amd-ryzen-5 · chrome|s5|020_r3f-ref-central_i4,amd-ryzen-5 · chrome,r3f-ref-central,566,865.0,3004.08,287.9417325770214,297.17682018828407,206.61157023441663,219.4549351889966,3.472924855491416,3.3650000002235174,0.4106485528108299,4.359000001102686,4.716800000146032,5.144999999552965,0.0,0.0,0.3600000012665987,0.5350000001490116,2.7200000006705523,3.8317999996989967,0.30000000074505806,0.19872,2.0110759999999996,863.0,21.4835,34.5575,34.5575
amd-ryzen-5 · chrome|s5|020_r3f-ref-central_i4,amd-ryzen-5 · chrome,r3f-ref-central,800,630.0,3003.245,209.7730954350315,215.74973032324138,148.14814814814815,158.32482124406096,4.767055555557211,4.634999999776483,0.7318614387189667,5.932750000990927,6.51564999992028,7.035000000149012,0.0,0.0,0.5,0.7271000005118553,3.7749999994412065,5.436300000492484,0.3399999998509884,0.5452,3.50078,626.0,21.7837,32.5125,32.5125
amd-ryzen-5 · chrome|s5|020_r3f-ref-central_i4,amd-ryzen-5 · chrome,r3f-ref-central,1131,528.0,3002.285,175.8660486929035,182.64840183891175,118.66619200252816,125.42814414529651,5.686145833333615,5.474999999627471,0.7399397787872155,7.586250000540167,8.129100000765177,8.570000000298023,0.0,0.0,0.5150000005960464,0.7686499998345973,4.654999999329448,7.0501499995589265,0.28999999910593033,2.01448,3.0715472000000004,527.0,27.1838,39.8255,39.8255
amd-ryzen-5 · chrome|s5|020_r3f-ref-central_i4,amd-ryzen-5 · chrome,r3f-ref-central,1600,380.0,3001.545,126.60146691121054,128.61736333788892,99.10802775171142,109.18912706297216,7.898802631578751,7.775000000372529,0.3692357513980366,8.580750000011175,9.500749999638645,10.359999999403954,0.0,0.0,0.7799999993294477,1.053150000479072,6.754999998956919,8.201300000548363,0.24500000104308128,3.6574,4.435555999999996,379.0,33.0578,46.6817,46.6817
amd-ryzen-5 · chrome|s5|020_r3f-ref-central_i4,amd-ryzen-5 · chrome,r3f-ref-central,2263,268.0,3005.27,89.17667963279169,91.61704076927046,67.92324673050628,76.42563198051803,11.213694029849078,10.915000000037253,0.6603654728892141,12.381250000465661,13.26940000079572,15.630000000819564,0.0,0.0,1.0350000001490116,1.6879999998211845,9.637500000186265,11.414699999727308,0.2599999997764826,6.27488,7.297717599999996,267.0,66.5999,81.1949,81.1949
amd-ryzen-5 · chrome|s5|020_r3f-ref-central_i4,amd-ryzen-5 · chrome,r3f-ref-central,3200,197.0,3000.665,65.65211378146468,67.5675675641661,48.756704047337784,53.96654074548567,15.231802030452315,14.800000000745058,1.0155730896845132,17.156000000238418,19.56579999871552,20.509999999776483,0.08629441624365482,0.0,1.275000000372529,2.205999999269842,13.285000000149012,17.101799999848005,0.25500000081956387,10.374020000000002,11.575552000000005,196.0,51.7627,67.6374,67.6374
amd-ryzen-5 · chrome|s5|020_r3f-ref-central_i4,amd-ryzen-5 · chrome,r3f-ref-central,4525,127.0,3021.55,42.03140772119233,44.483985764239954,7.675775253340091,19.096724911709348,23.791732283470434,22.480000000447035,10.591363758237053,25.69099999964237,60.986299999244295,130.27999999932945,1.0,0.015748031496062992,1.930000001564622,2.9961999996006483,20.22499999962747,26.1102000004798,0.3250000011175871,15.6075,553408.044481,126.0,120.1682,124.5376,120.4359
amd-ryzen-5 · chrome|s5|020_r3f-ref-central_i4,amd-ryzen-5 · chrome,r3f-ref-central,6400,98.0,3017.94,32.47248122892335,32.48335228179827,27.09659937727055,28.449502133788037,30.79530612244366,30.78500000014901,1.6650308526358033,33.53250000020489,34.95529999954626,36.90499999932945,1.0,0.07142857142857142,2.3900000005960464,3.7181499992683538,28.02500000130385,32.134999999254944,0.3349999990314245,22.52492,29.511430399999995,97.0,85.6371,98.8417,98.8417
amd-ryzen-5 · chrome|s5|020_r3f-ref-central_i4,amd-ryzen-5 · chrome,r3f-ref-central,9051,67.0,3038.56,22.049918382387876,22.077491996945465,17.18951439654853,18.703241895435596,45.35164179105256,45.294999999925494,2.7911718766712754,49.361500000022346,54.294199999570864,58.17499999888241,1.0,1.0,3.8200000002980232,5.005300000272693,40.94499999843538,49.76370000015946,0.3349999990314245,33.25402,39.43949799999995,66.0,208.1583,221.1068,221.1068
amd-ryzen-5 · chrome|s5|020_r3f-ref-central_i4,amd-ryzen-5 · chrome,r3f-ref-central,12800,61.0,3802.17,16.043469913234073,16.242995208454015,12.909055702600188,13.427324605639503,62.330655737703694,61.56499999947846,4.518838021376778,70.51999999955297,76.1570000000298,77.46499999985099,1.0,1.0,3.794999999925494,8.217000000178814,54.96999999880791,65.0550000000745,0.40000000037252903,49.28772,57.732789199999985,60.0,282.9145,288.976,288.2637
amd-ryzen-5 · chrome|s5|020_r3f-ref-central_i4,amd-ryzen-5 · chrome,r3f-ref-central,18102,61.0,5325.945,11.453366491767486,11.533360244745092,9.860960457534075,10.127095042743678,87.31057377049669,86.70499999821186,5.089072615165619,96.74000000022352,99.3640000000596,101.41000000014901,1.0,1.0,5.470000000670552,11.009000001102685,77.60500000044703,86.6320000000298,0.47000000067055225,70.56072,76.990912,60.0,519.4967,540.1044,531.5022
amd-ryzen-5 · chrome|s5|021_r3f-ref_i5,amd-ryzen-5 · chrome,r3f-ref,100,2678.0,3001.245,892.2963636759849,900.9009013846655,547.945205531075,655.9802712459314,1.1207038834948395,1.1099999994039536,0.15904352956481232,1.3699999991804361,1.5861500006541611,2.9350000005215406,0.0,0.0,0.10999999940395355,0.19500000029802322,0.625,0.8611499995924533,0.3600000012665987,0.06464,1.0568896000000092,2673.0,11.7308,16.9352,15.6576
amd-ryzen-5 · chrome|s5|021_r3f-ref_i5,amd-ryzen-5 · chrome,r3f-ref,141,2179.0,3001.135,726.0586411474866,732.6007324807699,459.3678224354232,534.4285820348746,1.3772992198255054,1.3650000002235174,0.20033526870629656,1.7050000000745058,1.9649999998509884,3.2099999990314245,0.0,0.0,0.14000000059604645,0.24109999999403853,0.8350000008940697,1.1911000011116257,0.36999999918043613,0.08944,1.5435647999999997,2174.0,18.3059,22.4949,18.6742
amd-ryzen-5 · chrome|s5|021_r3f-ref_i5,amd-ryzen-5 · chrome,r3f-ref,200,1806.0,3001.255,601.7482686407875,606.0606059237726,430.82814744588063,468.96982964367834,1.6618244739760906,1.650000000372529,0.21256149621137713,2.0299999993294477,2.1799999997019768,2.6299999989569187,0.0,0.0,0.18999999947845936,0.2900000008754432,1.090000000782311,1.5194999995641414,0.35500000044703484,0.12688,1.0930472000000013,1803.0,14.5204,24.16,24.16
amd-ryzen-5 · chrome|s5|021_r3f-ref_i5,amd-ryzen-5 · chrome,r3f-ref,283,1331.0,3002.27,443.3312127155027,447.42729281131506,283.28611896499206,344.6565184450795,2.2556498873038433,2.2350000012665987,0.292303738998901,2.6549999993294477,2.8734999997541313,6.360000001266599,0.0,0.0,0.3049999997019768,0.44999999925494194,1.5700000002980232,2.0535000000149015,0.34999999962747097,0.17248,1.62536,1326.0,26.358,28.0417,20.0033
amd-ryzen-5 · chrome|s5|021_r3f-ref_i5,amd-ryzen-5 · chrome,r3f-ref,400,1076.0,3002.035,358.4235360347053,366.63611365218765,219.25016443153473,267.00251887414953,2.78999535315999,2.727500000037253,0.3777388971213718,3.421250000130385,3.742499998770654,7.53999999910593,0.0,0.0,0.375,0.5849999999627471,2.0350000001490116,2.846250000409782,0.31499999947845936,0.13056,1.8792159999999989,1072.0,27.9398,28.7213,23.8561
amd-ryzen-5 · chrome|s5|021_r3f-ref_i5,amd-ryzen-5 · chrome,r3f-ref,566,864.0,3001.445,287.8613467846035,291.5451895297047,213.56113187952081,234.64571225782487,3.473894675926271,3.4299999997019768,0.2652792520953768,3.950000001117587,4.533700001109391,4.925000000745058,0.0,0.0,0.4199999999254942,0.6449999995529652,2.7400000002235174,3.5474000008031727,0.26500000059604645,0.19984,0.3256351999999998,863.0,29.8949,42.9791,42.9791
amd-ryzen-5 · chrome|s5|021_r3f-ref_i5,amd-ryzen-5 · chrome,r3f-ref,800,653.0,3003.845,217.3880476522105,226.75736960685046,153.23713446092012,161.62432445912836,4.600068912711594,4.410000000149012,0.7152452193496905,5.889000000059604,6.272399999946356,6.744999999180436,0.0,0.0,0.5599999986588955,0.8249999992549419,3.5399999991059303,5.154200000241399,0.3300000000745058,0.54304,2.5577951999999984,649.0,24.3571,35.4398,35.4398
amd-ryzen-5 · chrome|s5|021_r3f-ref_i5,amd-ryzen-5 · chrome,r3f-ref,1131,482.0,3003.985,160.45353089306263,165.63146996396625,116.39749745935663,127.90790630888073,6.232334024898893,6.0375000005587935,0.5299789138176527,7.283500000089407,8.026850000862032,9.139999998733401,0.0,0.0,0.7650000005960464,1.1695000002905724,4.980000000447035,6.9278499989956615,0.27500000037252903,2.09782,3.0450832,480.0,43.4138,55.7439,55.7439
amd-ryzen-5 · chrome|s5|021_r3f-ref_i5,amd-ryzen-5 · chrome,r3f-ref,1600,374.0,3007.47,124.35701769258434,130.3356142167072,82.79287981369804,91.84845005757987,8.04136363636543,7.6724999994039536,0.8440820712543378,10.159000001102685,11.424450000505894,13.035000000149012,0.0,0.0,0.7274999991059303,1.3963499997742472,6.7025000005960464,9.798099999427794,0.25500000081956387,3.68348,5.6048496,373.0,69.0656,82.5647,82.5647
amd-ryzen-5 · chrome|s5|021_r3f-ref_i5,amd-ryzen-5 · chrome,r3f-ref,2263,296.0,3001.495,98.61752226809668,99.60159362512844,63.81620931367717,76.11798287160379,10.140185810808042,10.040000000037253,0.984191597716618,12.061250000726432,13.436750000808411,15.720000000670552,0.0,0.0,1.1400000005960464,2.0149999988265335,8.522499999962747,10.80599999874833,0.2700000014156103,6.22068,8.284632,295.0,44.1938,59.7363,59.7363
amd-ryzen-5 · chrome|s5|021_r3f-ref_i5,amd-ryzen-5 · chrome,r3f-ref,3200,185.0,3007.76,61.507567093123704,63.51222610683089,47.29250413909394,50.83596927327237,16.258162162160954,15.744999999180436,1.0932253713441473,18.33000000119209,20.15859999872744,21.144999999552965,0.2756756756756757,0.0,1.8800000008195639,3.0833999995142216,13.56499999947846,17.69919999986887,0.27999999932944775,10.3178,14.0440796,184.0,90.7358,105.2676,105.2676
amd-ryzen-5 · chrome|s5|021_r3f-ref_i5,amd-ryzen-5 · chrome,r3f-ref,4525,135.0,3000.915,44.9862791848341,45.126353790310276,38.10975609723635,39.25288672355291,22.229000000007176,22.16000000014901,1.3122311807189426,24.6785000000149,25.755399999842048,26.240000000223517,1.0,0.0,1.8200000002980232,2.6448000007867813,20.00499999895692,22.884600000381468,0.32499999925494194,15.5089,18.2827204,134.0,69.091,84.3896,84.3896
amd-ryzen-5 · chrome|s5|021_r3f-ref_i5,amd-ryzen-5 · chrome,r3f-ref,6400,92.0,3008.61,30.578905208723704,30.43445179864333,22.758306782245548,26.11733211463885,32.702282608689174,32.85750000085682,2.012295230518657,35.482500000111756,37.83390000035988,43.93999999947846,1.0,0.25,3.327499999664724,4.688649999666961,29.062499999068677,34.15165000032635,0.3200000002980232,22.45568,26.770643999999983,91.0,158.3362,170.8495,170.8495
amd-ryzen-5 · chrome|s5|021_r3f-ref_i5,amd-ryzen-5 · chrome,r3f-ref,9051,71.0,3026.77,23.457348923112917,23.58768722647975,19.83536645874708,20.366598777901057,42.6305633802754,42.39500000141561,2.783952297002512,46.71750000026077,50.04750000014901,50.41499999910593,1.0,1.0,3.4799999985843897,6.281500000879165,38.53999999910593,45.00049999989569,0.3399999998509884,33.11626,39.069348800000014,70.0,223.2623,229.2218,213.6462
amd-ryzen-5 · chrome|s5|021_r3f-ref_i5,amd-ryzen-5 · chrome,r3f-ref,12800,61.0,3837.585,15.895413391491209,16.202203499988894,13.90047261616972,14.037386238692145,62.91122950821138,61.71999999880791,3.4724257438861748,70.44999999925494,71.4929999999702,71.93999999947846,1.0,1.0,5.004999998956919,6.189999999478459,55.144999999552965,61.80900000035763,0.40999999828636646,49.08734,55.18073719999999,60.0,392.4437,411.1379,396.8368
amd-ryzen-5 · chrome|s5|021_r3f-ref_i5,amd-ryzen-5 · chrome,r3f-ref,18102,61.0,5362.9,11.374442931994958,11.746050390587014,9.659036028093167,10.04016064248266,87.91639344262906,85.13499999977648,5.145364105410887,96.75,100.11900000087915,103.5300000011921,1.0,1.0,5.939999999478459,7.90100000090897,77.52999999932945,89.31199999898672,0.43999999947845936,69.94474,76.035128,60.0,663.1921,679.2011,656.502
amd-ryzen-5 · chrome|s5|022_threejs_i5,amd-ryzen-5 · chrome,threejs,100,2714.0,3000.295,904.5777165245643,925.9259258620492,413.856529746756,600.627321907735,1.1054882092851606,1.0800000000745058,0.2202075957544253,1.3899999993853271,1.7210999997146395,4.175000000745058,0.0,0.0,0.08499999903142452,0.1793499998375768,0.6299999989569187,0.9143499992415304,0.35500000044703484,0.05104,1.0057440000000013,2707.0,7.8155,14.7834,14.7834
amd-ryzen-5 · chrome|s5|022_threejs_i5,amd-ryzen-5 · chrome,threejs,141,2156.0,3000.43,718.5636725403406,732.6007334804588,308.27950677335707,459.41478286004815,1.3916651205935537,1.3649999983608723,0.2849401143602297,1.7599999997764826,2.349499999731777,4.744999999180436,0.0,0.0,0.10499999858438969,0.19500000029802322,0.8799999989569187,1.2272500010207286,0.3650000002235174,0.0704,0.9749,2151.0,14.3263,18.9792,18.9792
amd-ryzen-5 · chrome|s5|022_threejs_i5,amd-ryzen-5 · chrome,threejs,200,1751.0,3001.02,583.468287449021,591.7159765139668,304.44126071533253,408.3548462680774,1.7138892061676487,1.6899999994784594,0.28807574848946904,2.110000000335276,2.5174999991431832,4.365000000223517,0.0,0.0,0.15000000037252903,0.24000000022351742,1.1649999991059303,1.647499999962747,0.35999999940395355,0.1056,1.138508799999999,1745.0,18.122,23.6684,22.0239
amd-ryzen-5 · chrome|s5|022_threejs_i5,amd-ryzen-5 · chrome,threejs,283,1500.0,3000.55,499.9083501356843,507.61421302518687,259.6053997869596,350.24633992002015,2.0003666666671633,1.9700000006705523,0.32949310973221824,2.4450000002980232,3.1750499988906085,4.910000000149012,0.0,0.0,0.17999999970197678,0.2699999995715916,1.4175000004470348,1.9350500005297362,0.34999999962747097,0.17664,1.0192667999999998,1492.0,19.1826,24.2341,12.9867
amd-ryzen-5 · chrome|s5|022_threejs_i5,amd-ryzen-5 · chrome,threejs,400,984.0,3000.83,327.90927843295873,332.22591364593296,181.85492017823037,235.40150367738224,3.049623983739913,3.0099999997764826,0.4527174206832266,3.724999999627471,4.329649999625975,7.920000001788139,0.0,0.0,0.2949999999254942,0.4550000000745058,2.3650000002235174,3.311699998937547,0.3349999990314245,0.1592,2.0762119999999973,982.0,24.0227,27.2028,12.2401
amd-ryzen-5 · chrome|s5|022_threejs_i5,amd-ryzen-5 · chrome,threejs,566,811.0,3003.25,270.0407891450928,276.6251728736292,191.09040964054353,204.7606859486884,3.7031442663378544,3.6150000002235174,0.4598954955063121,4.629999998956919,5.018500001169741,5.730000000447035,0.0,0.0,0.3600000012665987,0.5544999998062848,2.9450000002980232,4.1524999992921945,0.2949999999254942,0.15328,0.3550256,810.0,17.8836,39.2714,39.2714
amd-ryzen-5 · chrome|s5|022_threejs_i5,amd-ryzen-5 · chrome,threejs,800,624.0,3003.995,207.72338169676388,211.41649050790411,152.84677110151657,162.51638270304284,4.814094551280738,4.729999999515712,0.6332299091537691,5.889249999169261,6.328850000314414,7.050000000745058,0.0,0.0,0.41499999910593033,0.6050000004470348,3.9900000002235174,5.3900000005960464,0.3150000013411045,0.5385599999999999,3.5018919999999993,620.0,20.4841,41.2139,41.2139
amd-ryzen-5 · chrome|s5|022_threejs_i5,amd-ryzen-5 · chrome,threejs,1131,510.0,3002.015,169.88589330839957,173.31022531672022,116.41443538695918,128.52148878829885,5.886303921566144,5.769999999552965,0.6023579370387222,6.910000000149012,8.39235000029206,8.860000001266599,0.0,0.0,0.6049999985843897,0.8840999997965988,4.882500000298023,7.317400000020857,0.27999999932944775,2.00948,3.0299920000000005,509.0,20.6851,44.9608,44.9608
amd-ryzen-5 · chrome|s5|022_threejs_i5,amd-ryzen-5 · chrome,threejs,1600,367.0,3003.765,122.17999743660198,124.84394507214792,83.06797729423876,93.62321856012535,8.184645776563306,8.009999999776483,0.7981214349620586,9.682500000670553,11.435299999900161,12.355000000447035,0.0,0.0,0.8399999998509884,1.1500999997556205,6.875,10.010500001013277,0.2599999997764826,3.7961400000000003,5.713392000000002,366.0,33.4201,56.5617,25.4877
amd-ryzen-5 · chrome|s5|022_threejs_i5,amd-ryzen-5 · chrome,threejs,2263,267.0,3009.89,88.70756074145977,89.68609865171204,68.59886812025378,73.29311608535868,11.272996254676904,11.150000000372529,0.8116820996258826,12.982999999821185,14.152100000642239,14.724999999627471,0.0,0.0,0.8449999988079071,1.4422000003606061,10.009999999776483,12.962400000542399,0.26500000059604645,6.44936,7.8650020000000005,266.0,53.4056,73.1017,53.3251
amd-ryzen-5 · chrome|s5|022_threejs_i5,amd-ryzen-5 · chrome,threejs,3200,194.0,3014.26,64.36073862241956,65.54153694776124,51.65289256357374,54.37902178155,15.537422680411218,15.257500000298023,1.0426966865048928,17.697249999362974,18.458850001767274,19.359999999403954,0.15463917525773196,0.0,1.1474999990314245,1.7777000012435011,13.797499999403954,16.75735000003129,0.25500000081956387,10.54464,12.789897599999998,193.0,49.5719,65.7052,46.9862
amd-ryzen-5 · chrome|s5|022_threejs_i5,amd-ryzen-5 · chrome,threejs,4525,132.0,3022.745,43.668916828920665,44.22821760217476,32.54678600527664,35.893754486687314,22.899583333327126,22.610000000335276,1.8262610452230508,25.885750000085682,29.040850000511853,30.72499999962747,1.0,0.0,1.8074999991804361,3.2132999998889864,20.389999999664724,26.931300000678746,0.3125,15.57896,21.896463999999995,131.0,87.955,98.2312,94.5085
amd-ryzen-5 · chrome|s5|022_threejs_i5,amd-ryzen-5 · chrome,threejs,6400,91.0,3009.43,30.238284326270758,31.147796292978533,16.04621309363315,20.40243809138293,33.070659340656064,32.105000000447035,4.520928506379127,37.089999998919666,56.25849999915805,62.32000000029802,1.0,0.34065934065934067,2.224999999627471,4.240000000409782,29.37000000104308,47.619500000774835,0.3250000011175871,22.827460000000002,34.3577376,90.0,149.3338,151.3034,88.3213
amd-ryzen-5 · chrome|s5|022_threejs_i5,amd-ryzen-5 · chrome,threejs,9051,66.0,3029.7,21.784335082686813,22.08968411728081,19.2474256567908,19.457145636669278,45.904545454534166,45.27000000048429,2.640726550273932,50.52250000042841,51.513000000268214,51.955000000074506,1.0,1.0,3.417500000447035,6.188500000163912,41.3050000006333,46.37475000014528,0.34749999921768904,33.41976,39.1460448,65.0,142.2147,162.5875,143.9284
amd-ryzen-5 · chrome|s5|022_threejs_i5,amd-ryzen-5 · chrome,threejs,12800,61.0,3939.78,15.48309804101,16.37063108808801,7.591861524514502,9.692113850051689,64.58655737703819,61.084999999031425,10.55070497401929,71.89000000059605,111.07700000032777,131.7199999988079,1.0,1.0,3.9399999994784594,6.208000000566243,56.605000000447035,102.00100000016386,0.3849999997764826,48.85244,78.22650559999991,60.0,257.4022,263.0162,151.8867
amd-ryzen-5 · chrome|s5|022_threejs_i5,amd-ryzen-5 · chrome,threejs,18102,61.0,5412.535,11.270134973722723,11.424654404048677,10.10969013808865,10.318852543647397,88.73008196721555,87.5300000011921,3.2568747150064206,94.91000000014901,97.63399999924003,98.91499999910593,1.0,1.0,5.629999998956919,8.994000000134104,81.4199999999255,88.58099999949336,0.375,70.32058,78.3716752,60.0,269.2638,295.6593,295.6593
amd-ryzen-5 · chrome|s5|023_r3f-state_i5,amd-ryzen-5 · chrome,r3f-state,100,1435.0,3000.34,478.2791283654757,487.8048778714912,336.0941063251307,371.2030114506506,2.090829268292579,2.050000000745058,0.20360123051826579,2.4815000006929036,2.81660000037402,3.4900000002235174,0.0,0.0,0.08999999985098839,0.16830000028014225,0.5050000008195639,0.6400000005960464,1.4350000005215406,0.0472,0.05584,1434.0,12.4347,26.8425,21.6411
amd-ryzen-5 · chrome|s5|023_r3f-state_i5,amd-ryzen-5 · chrome,r3f-state,141,1194.0,3002.46,397.6739073958169,402.8197381792598,288.4111169471762,311.9547401306321,2.514623115578638,2.482499999925494,0.23229851231024828,3.0317499996162947,3.2953499999828635,4.060000000521541,0.0,0.0,0.10499999858438969,0.18499999878928064,0.6099999994039536,0.7853500000759956,1.7550000008195639,0.06544,0.0688,1193.0,18.686,31.4398,31.4398
amd-ryzen-5 · chrome|s5|023_r3f-state_i5,amd-ryzen-5 · chrome,r3f-state,200,936.0,3001.0,311.896034655115,320.0,237.37307132607003,256.5532626765052,3.2061965811965814,3.125,0.2538186641625146,3.6812499999068677,4.049750000145286,4.575000001117587,0.0,0.0,0.125,0.18824999984353769,0.7949999999254942,1.0029999999329444,2.1899999994784594,0.09328,0.10224,935.0,35.1025,51.8267,38.3125
amd-ryzen-5 · chrome|s5|023_r3f-state_i5,amd-ryzen-5 · chrome,r3f-state,283,687.0,3004.02,228.69355064217356,237.5296912660488,177.25258494523456,188.41262364959604,4.3726637554578645,4.2099999990314245,0.343798400396857,4.992000000551342,5.512799999974668,5.75,0.0,0.0,0.17000000178813934,0.266399998962879,1.1349999997764826,1.4014000003412364,2.930000001564622,0.15752,0.203864,686.0,48.223,57.766,40.9793
amd-ryzen-5 · chrome|s5|023_r3f-state_i5,amd-ryzen-5 · chrome,r3f-state,400,515.0,3002.385,171.53030007811734,175.43859651416,100.63399416594467,135.0511844014419,5.829873786407333,5.699999999254942,0.5530290075784282,6.439999999478459,7.216499998755753,13.679999999701977,0.0,0.0,0.23000000044703484,0.4392999996244908,1.5800000000745058,1.8250000008568168,3.919999999925494,0.2656,0.2729392,514.0,44.2646,65.5498,53.2428
amd-ryzen-5 · chrome|s5|023_r3f-state_i5,amd-ryzen-5 · chrome,r3f-state,566,341.0,3003.6,113.53043015050017,115.5401501862814,92.336103410507,96.9157972717861,8.808211143693923,8.655000001192093,0.4813047793399512,10.0,10.599000000581148,10.925000000745058,0.0,0.0,0.4100000001490116,1.1680000003427478,2.5299999993294477,2.9160000000149013,5.7099999990314245,0.3552,0.36272,340.0,60.4714,60.4714,51.647
amd-ryzen-5 · chrome|s5|023_r3f-state_i5,amd-ryzen-5 · chrome,r3f-state,800,266.0,3006.37,88.47879668838915,91.15770282031669,67.76215483515537,74.8804792345208,11.302142857139776,10.970000000670552,0.7170091933049124,12.78374999947846,13.461250000074514,15.089999999850988,0.0,0.0,0.42500000074505806,0.5552500003017489,3.169999999925494,3.721750000305474,7.372500000521541,0.54768,0.594875200000001,265.0,65.6067,75.3455,47.5636
amd-ryzen-5 · chrome|s5|023_r3f-state_i5,amd-ryzen-5 · chrome,r3f-state,1131,191.0,3013.44,63.382712116357055,65.21030323202876,52.603892688677426,53.69608018693408,15.777172774876131,15.334999999031425,0.9613863982863748,18.122499999590218,18.772499999962747,19.009999999776483,0.16230366492146597,0.0,0.6199999991804361,0.8029999999329444,4.554999999701977,5.261999999731779,10.150000000372529,2.1517,2.8295139999999988,190.0,66.7319,83.6301,63.0601
amd-ryzen-5 · chrome|s5|023_r3f-state_i5,amd-ryzen-5 · chrome,r3f-state,1600,125.0,3002.0,41.63890739506996,42.29223937487444,35.62522265726337,36.2439215923326,24.016,23.644999999552965,1.3162536952542525,27.053999999538064,27.75359999880195,28.070000000298023,1.0,0.0,1.2799999993294477,4.6292000006139284,6.810000000521541,7.597199998795987,15.495000001043081,3.8522,5.119197199999997,124.0,97.3634,111.8019,111.8019
amd-ryzen-5 · chrome|s5|023_r3f-state_i5,amd-ryzen-5 · chrome,r3f-state,2263,92.0,3008.995,30.574992647036005,31.67564143143997,24.74941220187095,25.68960534342562,32.706467391315684,31.570000000298023,2.2467722316173435,36.430500000528994,40.28214999953285,40.40499999932945,1.0,0.2717391304347826,1.3600000003352761,1.828599999174476,9.292499999515712,11.699150000028313,20.857500000856817,6.41436,7.957215999999999,91.0,142.9886,148.6218,131.3161
amd-ryzen-5 · chrome|s5|023_r3f-state_i5,amd-ryzen-5 · chrome,r3f-state,3200,65.0,3011.015,21.587404911628514,22.304003569122408,18.7213329585672,19.01743264636816,46.32330769231686,44.834999999031425,2.895328305666331,51.25600000098348,52.829400000348684,53.415000000968575,1.0,1.0,1.9649999998509884,4.5513999993354055,13.46000000089407,16.067000000178812,29.380000000819564,10.37492,13.3261004,64.0,181.713,202.6817,189.5873
amd-ryzen-5 · chrome|s5|023_r3f-state_i5,amd-ryzen-5 · chrome,r3f-state,4525,61.0,4077.39,14.960550744469154,15.579964165955822,12.144028174046472,12.959243180244155,66.84245901640321,64.18500000052154,4.509756887478941,71.97499999962747,79.1230000000447,82.34500000067055,1.0,1.0,2.894999999552965,3.735999999940395,18.175000000745058,22.52199999950826,43.00499999895692,15.103760000000001,18.88886,60.0,209.8455,218.8189,204.4241
amd-ryzen-5 · chrome|s5|023_r3f-state_i5,amd-ryzen-5 · chrome,r3f-state,6400,61.0,6169.105,9.887982130308298,9.652043820410825,9.045271584303702,9.15289918079888,101.13286885246634,103.60499999858439,5.719886978669742,108.30000000074506,109.40899999961256,110.55499999970198,1.0,1.0,4.134999999776483,15.235999999195336,27.99500000104308,31.248999999463557,71.28500000014901,22.3051,26.585257999999996,60.0,329.0266,415.6352,410.5673
amd-ryzen-5 · chrome|s5|024_r3f-ref-central_i5,amd-ryzen-5 · chrome,r3f-ref-central,100,2855.0,3000.2,951.6032264512154,961.5384623650792,576.4282037510742,697.2404988127648,1.0508581436080973,1.0399999991059303,0.15423006273389106,1.2900000009685755,1.5141999996081001,2.5400000009685755,0.0,0.0,0.08499999903142452,0.1600000001490116,0.5899999998509884,0.8200000002980232,0.34999999962747097,0.06384,1.2997211999999918,2850.0,11.6222,16.8979,16.3268
amd-ryzen-5 · chrome|s5|024_r3f-ref-central_i5,amd-ryzen-5 · chrome,r3f-ref-central,141,2304.0,3001.02,767.7389687507391,778.2101166412745,506.38485246795494,579.622489327338,1.3025260416664726,1.2850000001490116,0.18150609650827687,1.6042499990202481,1.7847000001557152,3.544999999925494,0.0,0.0,0.10499999858438969,0.17999999970197678,0.8049999997019768,1.125,0.3650000002235174,0.08448,1.5184032000000043,2298.0,18.8892,22.3724,19.9677
amd-ryzen-5 · chrome|s5|024_r3f-ref-central_i5,amd-ryzen-5 · chrome,r3f-ref-central,200,1950.0,3001.09,649.7639191094225,657.8947370355934,442.11751020333236,497.61452827394857,1.5390205128204364,1.5199999995529652,0.20423351455675987,1.8727500004693864,2.080099999140948,2.5650000013411045,0.0,0.0,0.14000000059604645,0.22499999962747097,1.025000000372529,1.4325500001199543,0.3399999998509884,0.152,1.2252595999999998,1944.0,14.8275,25.267,25.267
amd-ryzen-5 · chrome|s5|024_r3f-ref-central_i5,amd-ryzen-5 · chrome,r3f-ref-central,283,1403.0,3000.655,467.56458173280254,471.6981129754625,290.84865482632205,353.134064832625,2.1387419814691317,2.1200000010430813,0.31609071698538993,2.574999999254942,2.8196999984607105,6.830000000074506,0.0,0.0,0.2050000000745058,0.31489999949932107,1.5350000001490116,2.1047999985888604,0.3500000014901161,0.17952,1.694178,1398.0,26.5194,28.1863,20.3938
amd-ryzen-5 · chrome|s5|024_r3f-ref-central_i5,amd-ryzen-5 · chrome,r3f-ref-central,400,1098.0,3000.815,365.90059700454407,371.05751400185176,233.89077302490054,282.5006539471596,2.73298269581009,2.6949999993667006,0.38414742006841496,3.3007500005885952,3.4751499996520576,6.800000000745058,0.0,0.0,0.2599999997764826,0.38015000078827127,2.0899999998509884,2.7552999989502127,0.3399999998509884,0.26304,1.9943439999999977,1093.0,27.3609,28.5423,23.2891
amd-ryzen-5 · chrome|s5|024_r3f-ref-central_i5,amd-ryzen-5 · chrome,r3f-ref-central,566,870.0,3003.185,289.6924431894302,297.1768202705329,206.5049045002191,221.1934156310781,3.451936781609795,3.364999999292195,0.35951381875064725,4.2927499995566905,4.668100000321864,5.2650000005960464,0.0,0.0,0.3399999998509884,0.47499999962747097,2.75,3.880000000819564,0.2800000011920929,0.19904,1.610582399999999,869.0,27.3663,40.5321,40.5321
amd-ryzen-5 · chrome|s5|024_r3f-ref-central_i5,amd-ryzen-5 · chrome,r3f-ref-central,800,654.0,3003.91,217.71624316306665,223.46368716944062,158.081939145901,168.10695805824562,4.593134556575151,4.474999999627471,0.6927483429666944,5.726749999262393,6.016099999584261,6.605000000447035,0.0,0.0,0.4850000012665987,0.6696999999880794,3.625,5.018799999579788,0.3300000000745058,0.54464,2.847884799999999,649.0,23.7746,34.8848,34.8848
amd-ryzen-5 · chrome|s5|024_r3f-ref-central_i5,amd-ryzen-5 · chrome,r3f-ref-central,1131,506.0,3005.825,168.3398068749218,174.21602789604722,99.02951079012493,122.02562537911126,5.94036561265043,5.739999999292195,0.7026705879713734,7.202500000130385,8.687499999348072,13.540000000968575,0.0,0.0,0.587500000372529,0.8597499994561075,4.872500000521541,7.238750000204891,0.27500000037252903,2.0772,2.954140799999998,505.0,49.8338,54.2964,46.5581
amd-ryzen-5 · chrome|s5|024_r3f-ref-central_i5,amd-ryzen-5 · chrome,r3f-ref-central,1600,380.0,3001.415,126.60695038835928,130.76168684232135,72.95719844172908,97.75674006839934,7.898460526318338,7.6474999990314245,0.7738857415282339,9.019500000588597,9.939999999869615,15.830000000074506,0.0,0.0,0.625,1.04259999943897,6.762499999254942,8.898849999513473,0.25500000081956387,3.69164,5.1774183999999925,379.0,46.424,56.8868,30.3995
amd-ryzen-5 · chrome|s5|024_r3f-ref-central_i5,amd-ryzen-5 · chrome,r3f-ref-central,2263,266.0,3008.765,88.40836688805783,91.4494741611619,58.021467945145545,68.91068115680382,11.311146616543594,10.93500000052154,0.98566159231374,13.165000000502914,14.904249999765334,18.674999998882413,0.0037593984962406013,0.0,1.087500000372529,1.7194999997504072,9.625,12.683249999955299,0.26500000059604645,6.24896,9.002528000000003,265.0,70.6801,74.8082,69.145
amd-ryzen-5 · chrome|s5|024_r3f-ref-central_i5,amd-ryzen-5 · chrome,r3f-ref-central,3200,197.0,3001.37,65.6366925770744,69.01311249030879,32.0924261872663,43.01178044892471,15.235380710655738,14.490000000223517,2.2033857833662975,17.267999999970197,26.669399999976125,31.16000000014901,0.08629441624365482,0.0,1.1950000002980232,2.1852000004798176,13.06499999947846,18.881400000080458,0.2599999997764826,10.365179999999999,13.893640000000001,196.0,119.7592,122.0637,58.6985
amd-ryzen-5 · chrome|s5|024_r3f-ref-central_i5,amd-ryzen-5 · chrome,r3f-ref-central,4525,134.0,3019.61,44.37659167906665,44.508734840540576,37.65769158392856,38.255547054359226,22.53440298507018,22.467499999329448,1.5241494663853399,25.28825000077486,26.313849999196826,26.554999999701977,1.0,0.0,1.8500000005587935,2.7853499998710975,20.264999999664724,23.64455000052228,0.3250000001862645,15.54536,17.90590240000001,133.0,113.2832,126.238,111.2443
amd-ryzen-5 · chrome|s5|024_r3f-ref-central_i5,amd-ryzen-5 · chrome,r3f-ref-central,6400,101.0,3012.025,33.53225819840472,33.82949932494482,27.544415370009887,28.835063437387355,29.822029702955543,29.559999998658895,1.9788326329469916,32.83999999985099,35.38499999977648,36.30499999970198,1.0,0.039603960396039604,2.1899999994784594,3.549999998882413,26.905000001192093,32.03500000014901,0.3500000014901161,22.55948,26.093400400000004,100.0,83.6161,97.3478,97.3478
amd-ryzen-5 · chrome|s5|024_r3f-ref-central_i5,amd-ryzen-5 · chrome,r3f-ref-central,9051,67.0,3036.915,22.061862119953876,22.328904767146874,17.78410101414148,18.567228841395128,45.32708955222546,44.78500000014901,3.2639885606294032,50.88650000020861,54.65919999927283,56.22999999858439,1.0,1.0,3.9600000008940697,5.347599999569361,40.440000001341105,47.781300000324855,0.3300000000745058,33.1198,37.20477399999998,66.0,203.4338,216.9849,216.9849
amd-ryzen-5 · chrome|s5|024_r3f-ref-central_i5,amd-ryzen-5 · chrome,r3f-ref-central,12800,61.0,3843.525,15.870847724418102,15.917230401626918,12.012733497356836,13.232180663334189,63.00860655738315,62.82500000111759,4.860957735853003,70.5,76.6540000002831,83.24500000104308,1.0,1.0,3.6649999991059303,6.414000000059603,55.27999999932945,68.42700000032781,0.40499999932944775,49.409859999999995,58.95371759999999,60.0,269.393,291.0203,273.6641
amd-ryzen-5 · chrome|s5|024_r3f-ref-central_i5,amd-ryzen-5 · chrome,r3f-ref-central,18102,61.0,5285.88,11.540178740340405,11.60833478443542,9.499833752855533,9.942663971085258,86.65377049181672,86.14499999955297,4.490049708007003,94.3300000000745,103.3179999999702,105.26500000059605,1.0,1.0,5.019999999552965,8.636999999359247,77.14000000059605,91.5160000000149,5.425000000745058,70.7024,76.475192,60.0,518.548,533.0548,533.0548
amd-ryzen-5 · chrome|s5|025_r3f-ref-central_i6,amd-ryzen-5 · chrome,r3f-ref-central,100,2930.0,3000.795,976.4079185676643,985.2216742982878,605.7441253499381,708.9615655022556,1.024162116041566,1.0150000005960464,0.16146131709860612,1.2877499995753154,1.4649999998509884,2.1650000009685755,0.0,0.0,0.08499999903142452,0.16855000022798794,0.5749999992549419,0.8300000000745058,0.3399999998509884,0.07216,1.27645,2926.0,11.7635,16.701,16.6402
amd-ryzen-5 · chrome|s5|025_r3f-ref-central_i6,amd-ryzen-5 · chrome,r3f-ref-central,141,2373.0,3001.33,790.6494787310762,796.8127484836343,513.1065254276356,579.3970342935801,1.2647829751369888,1.2550000008195639,0.19765937836738318,1.5899999998509884,1.8214000005275022,2.2799999993294477,0.0,0.0,0.08999999985098839,0.2177999997884055,0.7949999999254942,1.1664000006765136,0.35999999940395355,0.09824,1.0546896000000008,2369.0,15.3195,22.302,20.9455
amd-ryzen-5 · chrome|s5|025_r3f-ref-central_i6,amd-ryzen-5 · chrome,r3f-ref-central,200,1891.0,3001.17,630.0875991696728,636.9426750383288,393.4856268354916,458.02270623519166,1.5870809095716158,1.5700000002980232,0.24989626061074424,2.0,2.2759999986737958,2.9399999994784594,0.0,0.0,0.15000000037252903,0.26999999973922967,1.0549999997019768,1.6110000010579815,0.34999999962747097,0.14624,1.1726040000000006,1886.0,14.9813,24.784,24.784
amd-ryzen-5 · chrome|s5|025_r3f-ref-central_i6,amd-ryzen-5 · chrome,r3f-ref-central,283,1412.0,3000.895,470.5262929893283,479.616306748772,278.9122422431988,344.0733367546616,2.1252797450421763,2.0850000008940697,0.3176192271279476,2.6044999995268885,2.9233500006794944,5.885000001639128,0.0,0.0,0.2149999998509884,0.35999999940395355,1.5,2.229449998699129,0.35500000044703484,0.1824,0.4526832000000002,1409.0,26.1924,28.3009,20.2495
amd-ryzen-5 · chrome|s5|025_r3f-ref-central_i6,amd-ryzen-5 · chrome,r3f-ref-central,400,1148.0,3001.53,382.47160614761685,392.1568627737431,227.7904328323988,281.4189439514275,2.614573170731123,2.5499999998137355,0.38149192152257166,3.2100000008940697,3.5279500007443128,7.470000000670552,0.0,0.0,0.27000000048428774,0.4126499995961784,1.9175000004470348,2.7579500003159043,0.34500000067055225,0.26224,1.9102735999999996,1143.0,27.624,28.4849,24.1582
amd-ryzen-5 · chrome|s5|025_r3f-ref-central_i6,amd-ryzen-5 · chrome,r3f-ref-central,566,877.0,3000.445,292.28997698671793,297.6190476718437,207.0393374809067,226.38728020102724,3.421259977195323,3.3599999994039536,0.3310492222763307,4.032999999448656,4.679999999701977,5.0849999990314245,0.0,0.0,0.3300000000745058,0.5211999993026257,2.730000000447035,3.7617999992519624,0.28999999910593033,0.19744,2.0261967999999997,874.0,29.1198,42.3815,42.3815
amd-ryzen-5 · chrome|s5|025_r3f-ref-central_i6,amd-ryzen-5 · chrome,r3f-ref-central,800,710.0,3003.29,236.40740654422694,245.09803921121048,149.50875694052633,164.71750947316275,4.229985915491699,4.080000000074506,0.5916897462210393,5.533249999675899,6.3791000008396805,7.119999999180436,0.0,0.0,0.48499999940395355,0.6736499989964063,3.227500000037253,5.419100001640618,0.35999999940395355,0.54768,3.5193596000000014,704.0,24.0903,36.0842,36.0842
amd-ryzen-5 · chrome|s5|025_r3f-ref-central_i6,amd-ryzen-5 · chrome,r3f-ref-central,1131,504.0,3000.67,167.96248837759984,171.08639863894172,98.86307463579566,132.13530655182984,5.953710317460169,5.84499999973923,0.6062899458769063,6.734249999560416,7.540200001727785,13.655000001192093,0.0,0.0,0.5649999994784594,0.7550000007636846,4.989999998360872,6.1245499999821185,0.27500000037252903,2.07496,2.650350400000001,503.0,51.0595,55.0118,22.7549
amd-ryzen-5 · chrome|s5|025_r3f-ref-central_i6,amd-ryzen-5 · chrome,r3f-ref-central,1600,369.0,3006.705,122.72570804252192,124.30080795640288,64.33626420903084,97.0324250045157,8.148252032520528,8.044999999925494,0.8365045958994204,8.974000000208616,9.684599999338383,18.509999999776483,0.0027100271002710027,0.0,0.7650000005960464,1.1452000010758632,7.02000000141561,8.0893999992311,0.2549999989569187,3.6212799999999996,4.480484,368.0,56.9206,59.8467,37.1909
amd-ryzen-5 · chrome|s5|025_r3f-ref-central_i6,amd-ryzen-5 · chrome,r3f-ref-central,2263,263.0,3003.48,87.56509116090696,89.68609865171204,55.06607929470234,68.8851208150192,11.420076045629076,11.150000000372529,1.0395749250300725,13.10600000116974,14.680600000172852,19.74500000104308,0.0038022813688212928,0.0,1.099999999627471,1.6449999995529652,9.820000000298023,12.942299999780953,0.26999999955296516,6.2671600000000005,8.288865999999999,262.0,75.4049,80.9572,69.812
amd-ryzen-5 · chrome|s5|025_r3f-ref-central_i6,amd-ryzen-5 · chrome,r3f-ref-central,3200,196.0,3000.065,65.33191780845884,67.08032869059326,46.189376442623235,54.62325129772213,15.306454081629992,14.907500000670552,0.9828575830351923,16.749999999068677,18.73724999912085,21.65000000037253,0.061224489795918366,0.0,1.1449999995529652,1.8707499992102385,13.515000000596046,16.975250000320393,0.2625000001862645,10.31844,12.429311200000003,195.0,51.6448,67.0591,67.0591
amd-ryzen-5 · chrome|s5|025_r3f-ref-central_i6,amd-ryzen-5 · chrome,r3f-ref-central,4525,134.0,3020.6,44.36204727538122,43.99956000432783,35.39196602268604,39.28372671492389,22.54179104477334,22.727500000037253,1.2415383381409801,24.445999999064952,25.26855000114068,28.255000000819564,1.0,0.0,1.905000001192093,2.4972999994456746,20.489999999292195,22.23834999870509,0.33500000089406967,15.41428,18.336944000000006,133.0,119.4879,124.8097,120.0702
amd-ryzen-5 · chrome|s5|025_r3f-ref-central_i6,amd-ryzen-5 · chrome,r3f-ref-central,6400,98.0,3027.18,32.37336398893017,32.239864592491266,28.13731007386485,28.70161087786449,30.889591836731654,31.017500000074506,1.758383699256576,34.07200000053272,34.97255000004545,35.53999999910593,1.0,0.09183673469387756,2.4074999997392297,3.514700000006706,28.257500000298023,31.346800000686198,0.34500000067055225,22.57376,26.173124799999997,97.0,85.5305,98.567,98.567
amd-ryzen-5 · chrome|s5|025_r3f-ref-central_i6,amd-ryzen-5 · chrome,r3f-ref-central,9051,66.0,3022.16,21.838684914100096,22.06287920609902,18.796992480808132,19.425648330947446,45.79030303030529,45.32499999925494,2.3168957812091246,49.68375000031665,52.02675000010057,53.20000000111759,1.0,1.0,3.665000000037253,5.215000000875433,41.28249999973923,46.704000000096855,0.3399999998509884,33.2412,37.079158400000004,65.0,207.9086,220.4395,220.4395
amd-ryzen-5 · chrome|s5|025_r3f-ref-central_i6,amd-ryzen-5 · chrome,r3f-ref-central,12800,61.0,3847.895,15.852823426836514,16.427104722792606,12.647821412845081,13.182177695751022,63.08024590163202,60.875,4.482514679880396,71.53500000014901,76.37700000032783,79.06499999947846,1.0,1.0,3.6400000005960464,6.956000000238417,56.38499999977648,67.17699999995529,0.4100000001490116,49.08972,53.63096879999999,60.0,282.08,290.156,286.8317
amd-ryzen-5 · chrome|s5|025_r3f-ref-central_i6,amd-ryzen-5 · chrome,r3f-ref-central,18102,61.0,5605.795,10.881596633483888,10.951103323499025,8.675660434605724,9.22098080502541,91.89827868852336,91.3150000013411,6.08511228906748,103.72499999962747,109.77799999974667,115.26500000059605,1.0,1.0,5.740000000223517,8.999999999999996,81.57499999925494,96.76400000043212,0.4550000000745058,70.72306,78.86496519999999,60.0,517.9726,542.2703,528.6318
amd-ryzen-5 · chrome|s5|026_r3f-state_i6,amd-ryzen-5 · chrome,r3f-state,100,1464.0,3000.15,487.9756012201814,497.51243786627,341.6300634573845,377.17326719172814,2.0492827868842283,2.0099999997764826,0.19178648365345083,2.4792500003241,2.7868500004522496,3.244999999180436,0.0,0.0,0.0800000000745058,0.15500000001862646,0.48499999940395355,0.599999999627471,1.4349999986588955,0.04784,0.056,1463.0,11.4761,27.0036,27.0036
amd-ryzen-5 · chrome|s5|026_r3f-state_i6,amd-ryzen-5 · chrome,r3f-state,141,1187.0,3002.245,395.3707975199639,407.33197554771954,284.23772607630247,308.6500483791025,2.529271272113884,2.455000000074506,0.2576116052739534,3.063500001095236,3.356400000154973,3.925000000745058,0.0,0.0,0.10000000149011612,0.18070000141859105,0.6099999994039536,0.7399999986216426,1.7399999983608723,0.06576,0.07248,1186.0,29.0315,38.8167,38.8167
amd-ryzen-5 · chrome|s5|026_r3f-state_i6,amd-ryzen-5 · chrome,r3f-state,200,929.0,3002.885,309.369156661034,318.4713375191644,230.3262955898044,252.55991435213923,3.2323842841762933,3.1400000005960464,0.26565264828198376,3.7149999998509884,4.127200000360609,4.900000000372529,0.0,0.0,0.125,0.19500000029802322,0.7850000001490116,0.9599999990314245,2.230000000447035,0.09376,0.10507680000000001,928.0,45.1281,51.5656,44.5868
amd-ryzen-5 · chrome|s5|026_r3f-state_i6,amd-ryzen-5 · chrome,r3f-state,283,699.0,3003.485,232.7296457282586,240.09603835953155,171.3062098391749,188.1519603734543,4.296831187409734,4.1650000009685755,0.3343399092543602,4.900000000372529,5.491800000220535,6.115000000223517,0.0,0.0,0.1699999999254942,0.23550000123679593,1.049999998882413,1.3201000002771615,2.925000000745058,0.15216,0.2020848,698.0,34.6669,57.7152,35.2144
amd-ryzen-5 · chrome|s5|026_r3f-state_i6,amd-ryzen-5 · chrome,r3f-state,400,504.0,3000.97,167.9456975577521,176.0563380374065,90.60433088921826,117.23604304952559,5.9543055555568865,5.679999999701977,0.7631224532260149,7.242750000953674,8.807450000494716,13.214999999850988,0.0,0.0,0.2350000012665987,0.5045499989949163,1.4949999991804361,2.4027499993517973,3.950000001117587,0.2648,0.272,503.0,38.2419,57.0171,24.6209
amd-ryzen-5 · chrome|s5|026_r3f-state_i6,amd-ryzen-5 · chrome,r3f-state,566,346.0,3002.185,115.24939335855537,117.85503828529464,86.16975442210097,95.40645957924602,8.676835260111732,8.485000001266599,0.5352794464542986,9.757499999832362,10.795750001352282,12.629999998956919,0.0,0.0,0.40000000037252903,1.4622499994933615,2.4100000001490116,2.8382499993778767,5.685000000521541,0.3544,0.3616,345.0,53.1152,63.1731,58.4382
amd-ryzen-5 · chrome|s5|026_r3f-state_i6,amd-ryzen-5 · chrome,r3f-state,800,271.0,3009.88,90.03681209885242,91.82736454961126,69.54102920777272,74.15435514131083,11.106568265678808,10.890000000596046,0.6751216858567187,12.790000000037253,13.732000000029803,14.910000000149012,0.0,0.0,0.41499999910593033,0.5415000006556512,3.0099999997764826,3.5129999997094274,7.449999999254942,0.54704,0.6442308000000001,270.0,66.2241,75.8967,62.0123
amd-ryzen-5 · chrome|s5|026_r3f-state_i6,amd-ryzen-5 · chrome,r3f-state,1131,184.0,3010.28,61.12388216376122,62.74509803554912,49.394912326030244,51.60254572664724,16.360217391310826,15.937500000931323,0.9970021766718807,18.73025000002235,19.74909999910742,20.244999999180436,0.18478260869565216,0.0,0.6450000014156103,0.8969999992102372,4.455000000074506,5.291700000930577,10.815000000409782,2.15704,3.073413600000001,183.0,62.3024,83.8922,62.4417
amd-ryzen-5 · chrome|s5|026_r3f-state_i6,amd-ryzen-5 · chrome,r3f-state,1600,122.0,3015.22,40.46139253519573,40.92490280404216,34.44712366375941,34.939583636325146,24.714918032792383,24.434999999590218,1.3822101692900968,28.259249999839813,28.89830000016838,29.030000001192093,1.0,0.0,1.4349999986588955,4.834750000163913,6.8150000013411045,7.483699999973178,16.175000000745058,3.86404,4.392776,121.0,100.0476,111.6414,97.3891
amd-ryzen-5 · chrome|s5|026_r3f-state_i6,amd-ryzen-5 · chrome,r3f-state,2263,91.0,3021.765,30.11485009590029,31.109037175732052,25.80978190664804,26.264814997222214,33.206208791194875,32.144999999552965,2.094846499234994,36.91000000014901,38.44349999856204,38.74500000104308,1.0,0.31868131868131866,1.5199999995529652,2.1759999996051174,9.220000000670552,10.69699999950826,21.365000000223517,6.40626,7.4801272,90.0,132.9496,148.9729,144.1711
amd-ryzen-5 · chrome|s5|026_r3f-state_i6,amd-ryzen-5 · chrome,r3f-state,3200,65.0,3030.915,21.445669047129076,22.106775727051545,18.341892883495955,18.899423567430382,46.62946153847644,45.23499999940395,2.9460279301361685,51.56000000014901,53.19520000055432,54.519999999552965,1.0,1.0,2.300000000745058,5.395399999767539,12.970000000670552,14.650200000405311,29.544999999925494,10.38912,12.7236888,64.0,194.2526,202.5247,202.5247
amd-ryzen-5 · chrome|s5|026_r3f-state_i6,amd-ryzen-5 · chrome,r3f-state,4525,61.0,4161.415,14.658475542570448,14.678899082568808,12.868356710699972,12.905446098203827,68.21991803280277,68.125,4.727614487572092,74.75500000081956,77.63200000040233,77.71000000089407,1.0,1.0,3.455000000074506,4.631999999284743,16.62999999895692,20.01600000038743,45.17500000074506,15.04176,20.3540936,60.0,209.2363,228.4841,228.4841
amd-ryzen-5 · chrome|s5|026_r3f-state_i6,amd-ryzen-5 · chrome,r3f-state,6400,61.0,6281.55,9.710978978120187,9.461185486514786,8.761170492475003,8.984053305413013,102.9762295081784,105.69500000029802,5.728799369098315,108.80499999970198,111.84499999918043,114.1399999987334,1.0,1.0,4.695000000298023,15.972000000998376,27.884999999776483,30.81299999952316,72.74500000104308,22.397280000000002,25.7469868,60.0,337.4861,432.298,427.1803
amd-ryzen-5 · chrome|s5|027_threejs_i6,amd-ryzen-5 · chrome,threejs,100,2911.0,3000.52,970.1651713704404,990.0990101201033,481.4077025214541,647.7986016297763,1.03075231879064,1.0099999997764826,0.1958472232390278,1.3125,1.6175000010058307,3.824999999254942,0.0,0.0,0.07500000111758709,0.16500000096857548,0.5800000000745058,0.840000001527369,0.3449999988079071,0.05296,0.8929179999999991,2902.0,7.91,12.7018,12.7018
amd-ryzen-5 · chrome|s5|027_threejs_i6,amd-ryzen-5 · chrome,threejs,141,2261.0,3000.715,753.4870855779747,763.3587794074381,371.1514128802883,512.2161279927882,1.3271627598407125,1.3099999986588955,0.24364245903426182,1.6600000001490116,1.9820000000298028,4.680000001564622,0.0,0.0,0.0949999988079071,0.1870000001043086,0.8349999990314245,1.1620000004768376,0.35999999940395355,0.07152,1.4057219999999977,2256.0,12.1139,19.2264,17.495
amd-ryzen-5 · chrome|s5|027_threejs_i6,amd-ryzen-5 · chrome,threejs,200,1749.0,3000.535,582.8960502047131,593.4718099053296,293.35634165877013,400.9678534469091,1.7155717552877567,1.6850000005215406,0.2932511071013184,2.1300000000745056,2.5302000002562997,4.480000000447035,0.0,0.0,0.13000000081956387,0.22499999962747097,1.180000001564622,1.6525999998301266,0.35500000044703484,0.1024,1.0190371999999996,1744.0,17.0331,24.4832,21.246
amd-ryzen-5 · chrome|s5|027_threejs_i6,amd-ryzen-5 · chrome,threejs,283,1439.0,3001.555,479.41816824950496,479.6163071772396,262.6888075808157,344.08393709452264,2.085861709520293,2.0849999990314245,0.33791322664245665,2.5400000009685755,2.9430999999865883,5.070000000298023,0.0,0.0,0.1699999999254942,0.28619999919086586,1.5400000009685755,2.0931000003591174,0.34999999962747097,0.15312,1.0623336000000014,1434.0,18.8441,24.5861,24.5861
amd-ryzen-5 · chrome|s5|027_threejs_i6,amd-ryzen-5 · chrome,threejs,400,993.0,3000.54,330.94043072236315,333.88981645196793,200.53475935462674,247.38728733159715,3.0216918429012773,2.994999999180436,0.4057160358003956,3.6219999995082617,4.232800000309946,6.759999999776483,0.0,0.0,0.2599999997764826,0.40579999931156674,2.375,3.0740000003576298,0.3399999998509884,0.1916,1.9605708000000002,992.0,23.2223,26.5215,11.7793
amd-ryzen-5 · chrome|s5|027_threejs_i6,amd-ryzen-5 · chrome,threejs,566,820.0,3002.3,273.123938314061,280.11204479454346,197.287299644586,209.76158805174398,3.661341463413271,3.5700000002980232,0.40301606261969125,4.4857499994337555,4.924300001338123,5.189999999478459,0.0,0.0,0.3349999990314245,0.49499999918043613,2.9399999994784594,4.125250000394879,0.28999999910593033,0.15232,1.0153404000000326,818.0,18.1461,33.1451,25.4736
amd-ryzen-5 · chrome|s5|027_threejs_i6,amd-ryzen-5 · chrome,threejs,800,648.0,3005.255,215.6223016017692,222.0988340068481,153.9843449181606,162.35413495411296,4.637739197529254,4.502499999478459,0.629999279883166,5.8599999994039536,6.36590000025928,6.580000000074506,0.0,0.0,0.4550000000745058,0.6400000005960464,3.75,5.39590000046417,0.2949999999254942,0.43,3.291342399999991,645.0,18.1597,39.7518,39.7518
amd-ryzen-5 · chrome|s5|027_threejs_i6,amd-ryzen-5 · chrome,threejs,1131,495.0,3002.5,164.86261448792672,167.7852348741591,100.06253908786182,128.86597937999983,6.065656565656566,5.96000000089407,0.6214515651150024,6.99499999973923,7.677099999673666,12.0,0.0,0.0,0.4699999988079071,0.7724000013619662,5.205000000074506,6.79100000012666,0.27500000037252903,2.08484,3.0517119999999993,493.0,47.2778,48.9103,37.1204
amd-ryzen-5 · chrome|s5|027_threejs_i6,amd-ryzen-5 · chrome,threejs,1600,349.0,3001.98,116.25660397469271,118.27321111663962,91.43553794429481,98.14675826874567,8.60166189111876,8.455000000074506,0.5554949799460928,9.636999998986719,10.371799999177455,11.105000000447035,0.0,0.0,0.8349999990314245,1.1552000002562999,7.3900000005960464,9.016199999675154,0.24499999918043613,3.78432,5.496035999999998,348.0,35.02,58.721,58.721
amd-ryzen-5 · chrome|s5|027_threejs_i6,amd-ryzen-5 · chrome,threejs,2263,260.0,3008.72,86.41548565501012,87.89277082362906,55.68703884020779,68.31318970020548,11.572000000002578,11.37749999947846,1.0866677306474022,13.40675000110641,15.44829999988899,20.18500000052154,0.0038461538461538464,0.0,0.9050000002607703,1.4898500004410764,10.182500000111759,14.124549999125309,0.26999999955296516,6.42912,8.946835999999996,259.0,68.3959,76.334,76.334
amd-ryzen-5 · chrome|s5|027_threejs_i6,amd-ryzen-5 · chrome,threejs,3200,191.0,3012.565,63.40112163556075,65.68144498536138,48.86391399986715,51.066727190670136,15.772591623033918,15.225000001490116,1.2801615689493102,18.037500000558794,20.251999998651442,20.46499999985099,0.225130890052356,0.0,1.1150000002235174,1.887499999254941,13.839999999850988,18.1495000006631,0.2549999989569187,10.60428,13.774726399999997,190.0,49.6398,72.7034,40.5682
amd-ryzen-5 · chrome|s5|027_threejs_i6,amd-ryzen-5 · chrome,threejs,4525,127.0,3002.42,42.29921196901272,43.63953742260601,29.81514609501064,33.01328784816949,23.641102362204137,22.91499999910593,2.3788475862682885,28.103500000573693,31.035299999862897,33.53999999910593,1.0,0.007874015748031496,1.819999998435378,3.155000000707805,20.695000000298023,27.8942999991402,0.31499999947845936,15.66622,22.0919,126.0,83.516,99.6487,87.464
amd-ryzen-5 · chrome|s5|027_threejs_i6,amd-ryzen-5 · chrome,threejs,6400,94.0,3025.49,31.069347444543876,31.30135378285765,26.885334050060155,27.269318607458054,32.18606382978961,31.947500000707805,2.048481062138998,35.7242499999702,36.618400001060216,37.19500000029802,1.0,0.2978723404255319,2.3399999998509884,3.078799999821929,29.3050000006333,34.23214999977499,0.31000000052154064,22.77796,29.4088096,93.0,72.3103,96.78,63.5527
amd-ryzen-5 · chrome|s5|027_threejs_i6,amd-ryzen-5 · chrome,threejs,9051,66.0,3001.965,21.985599432372886,22.107997568156684,17.77777777777778,18.3458186821169,45.48431818181592,45.232499999925494,2.9829860990362342,50.10624999925494,54.901250000484275,56.25,1.0,1.0,3.497499999590218,6.366499999631196,41.3824999993667,47.917999999690785,0.3300000000745058,33.30672,37.8477568,65.0,149.3268,158.3882,156.0825
amd-ryzen-5 · chrome|s5|027_threejs_i6,amd-ryzen-5 · chrome,threejs,12800,61.0,3768.215,16.18803597990094,16.900456312341714,12.27596366301282,13.38329764441951,61.77401639344018,59.169999999925494,4.587026071820553,70.40000000037253,75.65200000107286,81.46000000089407,1.0,1.0,3.9299999997019768,8.624000000208616,54.880000000819564,68.92100000046192,0.38000000081956387,48.8338,58.41726519999997,60.0,133.2462,156.8411,125.7648
amd-ryzen-5 · chrome|s5|027_threejs_i6,amd-ryzen-5 · chrome,threejs,18102,61.0,5247.79,11.623940744577954,11.864507326312298,10.514141520410755,10.649060220441179,86.02934426231096,84.28500000014901,3.414402153195487,92.49000000022352,94.04499999918043,95.10999999940395,1.0,1.0,5.379999998956919,7.736000000685453,78.4550000000745,87.16499999947845,0.38000000081956387,70.59316,78.01949159999998,60.0,284.2356,304.1828,282.1176
amd-ryzen-5 · chrome|s5|028_r3f-ref_i6,amd-ryzen-5 · chrome,r3f-ref,100,2689.0,3000.56,896.1660490040301,904.9773751994965,550.4975651451339,657.0882165458531,1.1158646336930165,1.1050000004470348,0.16123761571696915,1.3800000000745059,1.5929999996721718,2.450000001117587,0.0,0.0,0.11500000022351742,0.21000000089406967,0.6100000012665987,0.8556000003218646,0.35999999940395355,0.06368,1.4282879999999978,2681.0,14.5501,17.6939,12.4746
amd-ryzen-5 · chrome|s5|028_r3f-ref_i6,amd-ryzen-5 · chrome,r3f-ref,141,2280.0,3001.005,759.7454852627012,760.4562740658622,488.45470701767283,570.2280912526455,1.3162302631574372,1.3149999994784594,0.18302768367170014,1.6099999994039536,1.8060499998740853,2.7899999991059303,0.0,0.0,0.125,0.21999999919906257,0.8049999997019768,1.0899999998509884,0.3650000002235174,0.0896,1.173882399999983,2275.0,16.7769,22.4187,22.4187
amd-ryzen-5 · chrome|s5|028_r3f-ref_i6,amd-ryzen-5 · chrome,r3f-ref,200,1833.0,3000.945,610.8075956077022,619.1950463539314,414.5555044299262,460.89951381668766,1.6371767594099484,1.6150000002235174,0.22586232705753756,2.0349999990314247,2.2349999994039536,2.8599999994039536,0.0,0.0,0.19999999925494194,0.31000000052154064,1.0400000009685755,1.5384000007063154,0.35500000044703484,0.13152,1.0726200000000001,1827.0,16.0648,25.8487,25.8487
amd-ryzen-5 · chrome|s5|028_r3f-ref_i6,amd-ryzen-5 · chrome,r3f-ref,283,1305.0,3000.91,434.86809001267454,437.63676181617024,277.008310262061,330.43566671600104,2.2995478927204207,2.2849999982863665,0.314861851651334,2.770000001043081,3.069600000306964,6.300000000745058,0.0,0.0,0.3300000000745058,0.4698000007122757,1.5700000002980232,2.1697999999672177,0.35999999940395355,0.16864,1.98164,1301.0,27.1522,28.4931,19.8697
amd-ryzen-5 · chrome|s5|028_r3f-ref_i6,amd-ryzen-5 · chrome,r3f-ref,400,1049.0,3002.275,349.4017037079781,357.14285728540654,218.1262951216869,264.3552527871071,2.8620352716876765,2.799999998882413,0.39598411044484855,3.494999999180436,3.743600000664591,7.3900000005960464,0.0,0.0,0.3799999989569187,0.5651999995112418,2.0849999990314245,2.792600000426173,0.3300000000745058,0.2304,1.9926799999999993,1046.0,27.7385,28.8621,23.1687
amd-ryzen-5 · chrome|s5|028_r3f-ref_i6,amd-ryzen-5 · chrome,r3f-ref,566,873.0,3000.285,290.9723576260111,296.2962962962963,208.55057350719107,226.72747884173745,3.4367525773197585,3.375,0.31755339533983706,4.009000000730157,4.581399999782443,5.03999999910593,0.0,0.0,0.40499999932944775,0.6449999995529652,2.6950000002980232,3.666000001206992,0.27999999932944775,0.19712,0.34044959999999946,872.0,29.6879,42.8691,42.8691
amd-ryzen-5 · chrome|s5|028_r3f-ref_i6,amd-ryzen-5 · chrome,r3f-ref,800,687.0,3001.38,228.89470843419986,238.6634845165806,157.00641109573192,167.5702316393566,4.368820960697172,4.189999999478459,0.563245288552149,5.6769999997690315,6.1927999996766445,6.595000000670552,0.0,0.0,0.5299999993294477,0.7906999992206692,3.394999999552965,5.080000000074506,0.28999999910593033,0.40032,0.6071935999999959,685.0,24.4064,36.1024,36.1024
amd-ryzen-5 · chrome|s5|028_r3f-ref_i6,amd-ryzen-5 · chrome,r3f-ref,1131,494.0,3001.99,164.55751018489843,168.77637128679356,129.91230920292728,140.1500773736682,6.07690283400855,5.925000000745058,0.37039864313294607,6.751749999634922,7.305699999686331,8.404999999329448,0.0,0.0,0.8200000002980232,1.129999999087304,4.820000000298023,5.94640000026673,0.2700000014156103,2.08732,2.936175999999999,493.0,43.7566,56.0538,56.0538
amd-ryzen-5 · chrome|s5|028_r3f-ref_i6,amd-ryzen-5 · chrome,r3f-ref,1600,387.0,3005.85,128.74893956785866,132.10039629598825,87.42532420831817,105.96765198388493,7.767054263564929,7.570000000298023,0.540547702073868,8.480000000447035,9.515899999849486,12.519999999552965,0.0,0.0,0.7599999997764826,1.3378000008314845,6.564999999478459,8.239900000579645,0.2599999997764826,3.68936,4.632115999999997,386.0,68.779,82.8444,82.8444
amd-ryzen-5 · chrome|s5|028_r3f-ref_i6,amd-ryzen-5 · chrome,r3f-ref,2263,290.0,3006.02,96.47307735811576,100.62893081761007,60.46863189856546,68.24274920901195,10.36558620689501,9.9375,1.329131998561596,12.72625000011176,15.34754999956117,16.865000000223517,0.0034482758620689655,0.0,1.075000001117587,2.014999998938292,8.565000000409782,13.226199999693787,0.27500000037252903,6.33708,9.455792,289.0,44.0692,59.2797,59.2797
amd-ryzen-5 · chrome|s5|028_r3f-ref_i6,amd-ryzen-5 · chrome,r3f-ref,3200,191.0,3013.885,63.37335366147486,64.87187803679316,36.46973012409618,50.308840380831114,15.779502617799876,15.415000000968575,1.250862918454795,17.62250000052154,19.78050000090151,27.419999999925494,0.14136125654450263,0.0,1.8799999989569187,2.8274999998509873,13.25,16.680500000715252,0.26500000059604645,10.44428,12.446463999999994,190.0,103.981,104.5307,100.7419
amd-ryzen-5 · chrome|s5|028_r3f-ref_i6,amd-ryzen-5 · chrome,r3f-ref,4525,148.0,3009.975,49.169843603358274,50.150451355373896,36.436509382005504,40.79610688558746,20.337668918916403,19.93999999947846,1.5888935755306797,22.78274999884889,25.430249999947847,27.445000000298023,1.0,0.0,1.8200000002980232,3.384600000008941,17.677499999292195,22.586449999846522,0.29250000044703484,15.68832,19.483577599999983,147.0,69.5729,86.5997,86.5997
amd-ryzen-5 · chrome|s5|028_r3f-ref_i6,amd-ryzen-5 · chrome,r3f-ref,6400,95.0,3006.69,31.59620712478389,31.57063930470333,26.64180098696295,26.91246720061947,31.649368421047143,31.675000000745058,1.9365513110069972,35.03050000034273,37.20129999961704,37.53499999828637,1.0,0.14736842105263157,3.419999999925494,5.922099999934435,27.894999999552965,33.30099999990314,0.32499999925494194,22.62116,29.778836399999978,94.0,169.6301,172.3871,168.2405
amd-ryzen-5 · chrome|s5|028_r3f-ref_i6,amd-ryzen-5 · chrome,r3f-ref,9051,71.0,3010.37,23.585140696982563,23.65464222437015,19.663749876928712,20.076961686364676,42.39957746480342,42.274999998509884,2.904442502023021,47.68499999959022,49.81200000029057,50.855000000447035,1.0,1.0,3.5400000009685755,6.229500000365076,38.3899999987334,43.77249999959022,0.3449999988079071,33.30788,36.6830188,70.0,227.3658,227.3658,218.4533
amd-ryzen-5 · chrome|s5|028_r3f-ref_i6,amd-ryzen-5 · chrome,r3f-ref,12800,61.0,3707.315,16.453956569640813,16.477179107078488,14.18842224735609,14.439390657543369,60.7756557377269,60.68999999947846,3.8530986962524088,67.7649999987334,69.71200000084936,70.48000000044703,1.0,1.0,5.625,6.913999999687075,52.71999999880791,61.37600000090897,0.40000000037252903,49.314840000000004,56.989656799999985,60.0,390.4586,412.5749,412.5749
amd-ryzen-5 · chrome|s5|028_r3f-ref_i6,amd-ryzen-5 · chrome,r3f-ref,18102,61.0,5330.365,11.443869228466989,12.05327547763269,3.2201970760703262,6.020590419222076,87.3830327868889,82.96499999985099,29.468517314678678,91.37999999895692,181.9420000001785,310.53999999910593,1.0,1.0,6.16499999910593,7.473999999463558,73.08500000089407,169.2030000001189,0.4150000009685755,70.64988,75.43054599999999,60.0,651.1649,675.6429,662.1251
amd-ryzen-5 · chrome|s5|029_r3f-state_i7,amd-ryzen-5 · chrome,r3f-state,100,1462.0,3000.89,487.1888006557087,496.27791548595303,339.72336812251996,375.562700975427,2.0525923392616936,2.0150000005960464,0.1981356033910239,2.47000000057742,2.7319500000402335,3.549999998882413,0.0,0.0,0.08499999903142452,0.17999999970197678,0.49499999918043613,0.6269500003196304,1.434999999590218,0.04736,0.055904000000000016,1461.0,15.3673,26.8472,15.3234
amd-ryzen-5 · chrome|s5|029_r3f-state_i7,amd-ryzen-5 · chrome,r3f-state,141,1198.0,3001.48,399.13642602976586,409.8360656613714,295.69892472229924,312.326301581268,2.505409015025415,2.4399999994784594,0.2519368573767904,3.060750000365078,3.2751500003412364,3.6200000010430813,0.0,0.0,0.09999999962747097,0.18500000052154064,0.599999999627471,0.7201500006392597,1.7200000006705523,0.06592,0.06931839999999996,1197.0,16.3149,31.0736,29.6222
amd-ryzen-5 · chrome|s5|029_r3f-state_i7,amd-ryzen-5 · chrome,r3f-state,200,920.0,3002.84,306.37663012349833,315.45741325662567,228.48438688596667,251.04374164150968,3.2639565217389683,3.169999999925494,0.2623956308674305,3.765250000543892,4.133850000202651,4.660000000149012,0.0,0.0,0.15000000037252903,0.23000000044703484,0.7850000001490116,0.9490499994531271,2.2299999995157123,0.0944,0.10461119999999999,919.0,30.8629,51.3236,26.8125
amd-ryzen-5 · chrome|s5|029_r3f-state_i7,amd-ryzen-5 · chrome,r3f-state,283,709.0,3002.8,236.11296123626744,242.7184465404915,177.9359430780218,193.79844961680038,4.235260930886999,4.120000001043081,0.3092966933506681,4.836999998986721,5.3913999995589235,6.099999999627471,0.0,0.0,0.17500000074505806,0.26959999963641146,1.0549999997019768,1.339599999785423,2.8650000002235174,0.1504,0.2038176,708.0,50.0272,57.5948,57.5948
amd-ryzen-5 · chrome|s5|029_r3f-state_i7,amd-ryzen-5 · chrome,r3f-state,400,517.0,3005.13,172.0391463929544,175.74692444493132,102.37510237541473,136.63068725124418,5.812630560930018,5.689999999478459,0.6439367211819182,6.449999999254942,7.122000000700353,18.71000000089407,0.0019342359767891683,0.0,0.2350000012665987,0.34919999979436384,1.530000001192093,1.8144000002741805,3.9149999991059303,0.26624,0.27216,516.0,53.6038,57.9885,46.3011
amd-ryzen-5 · chrome|s5|029_r3f-state_i7,amd-ryzen-5 · chrome,r3f-state,566,343.0,3006.035,114.1037945333955,116.00928072842144,90.0090008998888,96.99321047551412,8.763950437312788,8.620000001043081,0.44022463084695496,9.909000000171362,10.472199999839066,11.390000000596046,0.0,0.0,0.40499999932944775,0.6290000000596039,2.5299999993294477,2.9298000006377687,5.714999999850988,0.35536,0.3608944,342.0,52.1405,62.9798,44.62
amd-ryzen-5 · chrome|s5|029_r3f-state_i7,amd-ryzen-5 · chrome,r3f-state,800,268.0,3006.845,89.12996845528792,91.84845005583392,72.70083605528295,74.79216408192444,11.21957089552489,10.887500000186265,0.7333896615546647,13.069749999698251,13.51794999927282,13.83500000089407,0.0,0.0,0.4649999998509884,0.6299999995715916,3.099999999627471,3.5716499999538063,7.3125,0.548,0.6152231999999958,267.0,63.6224,76.4563,48.6451
amd-ryzen-5 · chrome|s5|029_r3f-state_i7,amd-ryzen-5 · chrome,r3f-state,1131,176.0,3003.13,58.605521572476704,64.46414182420818,36.075036074163414,39.04724716891838,17.063238636368293,15.512499999254942,2.8405940062819237,23.885000000242144,26.264999999664724,27.720000000670552,0.3352272727272727,0.0,0.6650000009685755,1.5349999996833503,4.607499999925494,8.578749999869615,10.235000000335276,2.20664,3.2709208,175.0,89.7763,96.2621,75.0212
amd-ryzen-5 · chrome|s5|029_r3f-state_i7,amd-ryzen-5 · chrome,r3f-state,1600,123.0,3016.12,40.780870787645526,43.24324324324324,30.750307503497737,32.06926962226942,24.521300813001467,23.125,2.413138035712967,29.028499999828636,32.32910000063479,32.519999999552965,1.0,0.0,1.075000001117587,4.440100000724197,7.339999999850988,10.185000000223518,14.64500000141561,4.203060000000001,5.901789999999998,122.0,102.2303,123.3448,109.0508
amd-ryzen-5 · chrome|s5|029_r3f-state_i7,amd-ryzen-5 · chrome,r3f-state,2263,83.0,3017.12,27.509678103612487,27.812543457041517,21.128248468168728,21.584286639074918,36.35084337350654,35.955000000074506,3.6847026239594673,42.88649999909103,46.79290000062436,47.330000000074506,1.0,0.6626506024096386,1.5700000002980232,2.3146000001579505,10.894999999552965,14.132799998968839,22.75,7.16056,9.498283999999996,82.0,120.244,134.3487,109.1918
amd-ryzen-5 · chrome|s5|029_r3f-state_i7,amd-ryzen-5 · chrome,r3f-state,3200,62.0,3030.12,20.46123585863882,21.25850340134371,17.91472590459801,18.14113805374183,48.87290322582327,47.04000000003725,3.256307064186003,54.413499999977645,55.18560000084341,55.82000000029802,1.0,1.0,2.3849999997764826,5.731450000256302,14.432500000111759,19.457750000599773,29.942500000819564,10.4822,15.61972,61.0,169.8596,187.6849,176.35
amd-ryzen-5 · chrome|s5|029_r3f-state_i7,amd-ryzen-5 · chrome,r3f-state,4525,61.0,4045.945,15.076823832262571,15.621338748585316,12.962602890735559,13.558096443172627,66.3269672130891,64.01500000059605,4.0543683517234,71.70999999903142,74.23800000026822,77.14499999955297,1.0,1.0,2.955000000074506,3.892000000551343,19.494999999180436,21.55899999924004,41.72000000067055,14.96482,16.8195172,60.0,253.7272,262.7038,248.3369
amd-ryzen-5 · chrome|s5|030_threejs_i7,amd-ryzen-5 · chrome,threejs,100,3124.0,3000.665,1041.1025556004854,1052.6315797729176,637.7288623329437,753.7870551702154,0.9605201664529789,0.9499999992549419,0.14675018332498863,1.200000001117587,1.375,2.75,0.0,0.0,0.06999999843537807,0.15499999932944775,0.5450000008568168,0.803849999513477,0.3200000002980232,0.06,0.6662519999999987,3116.0,8.2008,15.2501,10.8436
amd-ryzen-5 · chrome|s5|030_threejs_i7,amd-ryzen-5 · chrome,threejs,141,2438.0,3000.9,812.4229397846304,823.0452675906529,499.47970864845394,586.6666666666666,1.2308859721084382,1.2149999998509884,0.1864396416072207,1.5449999999254942,1.8081499990448362,2.4900000002235174,0.0,0.0,0.08999999985098839,0.20814999941736514,0.7650000005960464,1.0931500003673142,0.3349999990314245,0.07632,1.0919999999999992,2431.0,17.6977,19.4206,18.6172
amd-ryzen-5 · chrome|s5|030_threejs_i7,amd-ryzen-5 · chrome,threejs,200,1902.0,3000.82,633.8267540205047,647.2491909697242,447.1114248037462,483.21464902075195,1.5777181913776541,1.5449999999254942,0.20952885072784252,1.954750000126659,2.1498999985307456,2.375,0.0,0.0,0.13499999977648258,0.244949999190867,1.074999999254942,1.5399499991163612,0.3300000000745058,0.11536,1.110582,1896.0,18.5851,24.7514,24.1369
amd-ryzen-5 · chrome|s5|030_threejs_i7,amd-ryzen-5 · chrome,threejs,283,1603.0,3000.325,534.2754534923394,552.486188254664,342.61241971934544,391.05462544085526,1.871693699314484,1.8099999986588955,0.2909857505247257,2.36450000014156,2.7141999998316177,3.230000000447035,0.0,0.0,0.18999999947845936,0.3050000015646219,1.2799999993294477,2.009299999773503,0.3300000000745058,0.1992,1.1236223999999984,1595.0,19.24,24.4596,15.0262
amd-ryzen-5 · chrome|s5|030_threejs_i7,amd-ryzen-5 · chrome,threejs,400,1064.0,3000.94,354.5555725873176,361.6636527249301,255.19969379336334,278.0254944147826,2.8204323308265775,2.7650000005960464,0.3512353566292585,3.4049999993294477,3.6549999993294477,4.929999999701977,0.0,0.0,0.2700000014156103,0.4199999999254942,2.1349999997764826,2.919999999925494,0.3349999990314245,0.22032,1.8959196000000038,1060.0,26.0278,31.1974,22.4822
amd-ryzen-5 · chrome|s5|030_threejs_i7,amd-ryzen-5 · chrome,threejs,566,829.0,3001.575,276.18833445764017,282.88543138835837,204.8655569645524,217.62785637688953,3.620717732208827,3.5350000001490116,0.4549173067565669,4.419999999925494,4.653800000697376,5.554999999701977,0.0,0.0,0.30000000074505806,0.4821999994665387,2.8600000012665987,3.8671999992430215,0.3399999998509884,0.3488,2.4549200000000004,826.0,14.2282,26.3768,22.8368
amd-ryzen-5 · chrome|s5|030_threejs_i7,amd-ryzen-5 · chrome,threejs,800,729.0,3000.33,242.97327293997057,254.12960606542848,161.4018907109126,171.84591150375604,4.115679012345781,3.9350000005215406,0.5848384167511392,5.485999998450279,6.003600000590086,6.689999999478459,0.0,0.0,0.40499999932944775,0.5735999990254642,3.175000000745058,5.069399999380113,0.3399999998509884,0.54832,3.256415999999998,721.0,25.7317,42.8615,23.5509
amd-ryzen-5 · chrome|s5|030_threejs_i7,amd-ryzen-5 · chrome,threejs,1131,509.0,3005.01,169.38379572781383,172.11703962664836,126.59830357938847,143.52144210234528,5.903752455795239,5.8099999986588955,0.35632966802582,6.451000000908969,7.018399999588728,9.230000000447035,0.0,0.0,0.48000000044703484,0.7759999994188556,5.0599999986588955,6.230000000447035,0.27999999932944775,2.02712,2.5857320000000006,508.0,20.7624,44.9228,44.9228
amd-ryzen-5 · chrome|s5|030_threejs_i7,amd-ryzen-5 · chrome,threejs,1600,384.0,3002.735,127.88341295521457,131.31976362057094,84.2105263201924,90.37075792562992,7.819622395831781,7.615000000223517,1.0446377065314736,10.085499999672173,11.5708500001207,12.095000000670552,0.0,0.0,0.7600000007078052,1.2117000008560719,6.517500000074506,9.992400000188503,0.2999999988824129,3.68748,5.879847999999999,381.0,33.9722,52.9044,30.78
amd-ryzen-5 · chrome|s5|030_threejs_i7,amd-ryzen-5 · chrome,threejs,2263,274.0,3009.25,91.05258785411647,93.21836402548065,51.131279559978815,70.60612643887873,10.982664233576642,10.72749999910593,0.9795555827391454,12.302749999798833,14.274000000692892,22.31000000052154,0.0072992700729927005,0.0,0.7650000005960464,1.1517499996535476,9.709999999031425,12.09395000038667,0.25500000081956387,6.3974,7.666915199999995,273.0,56.6991,64.393,44.804
amd-ryzen-5 · chrome|s5|030_threejs_i7,amd-ryzen-5 · chrome,threejs,3200,185.0,3005.97,61.54419372118596,63.836578355452886,41.30524576786482,48.56726566329466,16.248486486480044,15.665000000968575,1.3268294921134831,18.78599999994039,21.880400000363586,24.209999999031425,0.2594594594594595,0.0,1.3599999994039536,2.2387999989837404,14.040000000968575,20.143399999961254,0.2599999997764826,10.44192,12.748505999999995,184.0,68.1591,81.8628,68.8302
amd-ryzen-5 · chrome|s5|030_threejs_i7,amd-ryzen-5 · chrome,threejs,4525,137.0,3003.62,45.61162863479314,47.77830864855418,25.83979328215122,33.57018967183753,21.924233576636354,20.929999999701977,2.3098156828976815,24.472000000253313,32.37880000062278,38.69999999925494,1.0,0.014598540145985401,1.4100000001490116,2.1066000003367655,19.179999999701977,28.614200000315837,0.3049999997019768,15.572379999999999,19.12594600000001,136.0,108.0751,119.588,64.049
amd-ryzen-5 · chrome|s5|030_threejs_i7,amd-ryzen-5 · chrome,threejs,6400,93.0,3005.445,30.943836935958164,30.721966206891995,26.45852626013947,27.72483105138125,32.316612903229014,32.54999999888241,1.7148453730509277,34.99000000059605,36.07920000143349,37.794999999925494,1.0,0.25806451612903225,2.405000001192093,3.3058000002801395,29.739999998360872,32.71060000017285,0.3300000000745058,22.82616,25.422014,92.0,116.6305,126.0597,126.0597
amd-ryzen-5 · chrome|s5|030_threejs_i7,amd-ryzen-5 · chrome,threejs,9051,68.0,3004.27,22.634450299077685,22.527596305171716,19.849146487112034,20.03740315271097,44.180441176464015,44.39000000059605,2.493651002988925,48.9507500000298,50.2794999999553,50.37999999895692,1.0,1.0,2.952499999664724,6.173800000119954,40.855000000447035,46.49654999909922,0.34500000067055225,33.15616,38.06551520000001,67.0,102.444,125.0692,92.5524
amd-ryzen-5 · chrome|s5|030_threejs_i7,amd-ryzen-5 · chrome,threejs,12800,61.0,3859.005,15.807183457908721,15.952779771742522,14.645577035879036,14.712373105905602,63.262377049193766,62.68500000052154,1.9260749392575445,67.69499999843538,68.05199999883772,68.27999999932945,1.0,1.0,4.134999999776483,5.141000000014901,58.07500000111759,63.04099999964237,0.375,48.69524,51.560330799999996,60.0,207.5267,223.2608,219.6671
amd-ryzen-5 · chrome|s5|030_threejs_i7,amd-ryzen-5 · chrome,threejs,18102,61.0,5524.275,11.042172954821382,11.418131993596132,5.867511588345647,7.9415501906019035,90.56188524590775,87.5800000000745,11.30919232168868,98.625,131.1779999997466,170.42999999970198,1.0,1.0,5.22999999858439,8.394000000506638,81.47500000149012,112.13599999956782,0.3799999989569187,70.37270000000001,95.24477239999992,60.0,372.6618,391.122,183.0309
amd-ryzen-5 · chrome|s5|031_r3f-ref-central_i7,amd-ryzen-5 · chrome,r3f-ref-central,100,2855.0,3000.835,951.4018598154012,961.5384623650792,619.8118428743151,716.809692103017,1.0510805604206284,1.0399999991059303,0.14223260046339395,1.2850000001490116,1.4423000000044706,1.9600000008940697,0.0,0.0,0.07499999925494194,0.1522999998927118,0.599999999627471,0.8249999992549419,0.3500000014901161,0.06736,1.1024135999999902,2850.0,11.6555,16.9526,16.317
amd-ryzen-5 · chrome|s5|031_r3f-ref-central_i7,amd-ryzen-5 · chrome,r3f-ref-central,141,2328.0,3000.8,775.793121833985,784.3137252610355,516.4477376894381,586.3768482376914,1.2890034364264369,1.275000000372529,0.17792486449052614,1.5800000000745058,1.748650000281632,3.5350000001490116,0.0,0.0,0.09500000067055225,0.1699999999254942,0.7999999988824129,1.1050000004470348,0.35999999940395355,0.09216,1.2270656000000035,2323.0,18.9084,22.1505,20.1978
amd-ryzen-5 · chrome|s5|031_r3f-ref-central_i7,amd-ryzen-5 · chrome,r3f-ref-central,200,1812.0,3001.265,603.7454206808263,609.7560980319001,401.65123280073806,453.5604495039371,1.6563272626934857,1.6399999987334013,0.23131192942785536,2.047250000294297,2.2883499990403635,2.8150000013411045,0.0,0.0,0.125,0.2149999998509884,1.1349999997764826,1.6194499992951745,0.35500000044703484,0.13504,0.8552036000000011,1808.0,14.8939,24.5824,24.5824
amd-ryzen-5 · chrome|s5|031_r3f-ref-central_i7,amd-ryzen-5 · chrome,r3f-ref-central,283,1362.0,3000.505,453.92358952897195,455.58086554178874,286.46981048402864,346.6911389780136,2.2030139500740233,2.1950000002980232,0.31225555049110787,2.6400000005960464,2.936949998978526,6.425000000745058,0.0,0.0,0.25,0.3669499998167162,1.5724999997764826,2.1119500008597973,0.35999999940395355,0.18624,1.7608944000000044,1357.0,25.8772,28.2687,19.5177
amd-ryzen-5 · chrome|s5|031_r3f-ref-central_i7,amd-ryzen-5 · chrome,r3f-ref-central,400,1089.0,3002.5,362.6977518734388,369.0036899151605,220.60445620965285,270.074270431512,2.7571166207529845,2.7100000008940697,0.42465859576995063,3.3700000010430813,3.8136000004410713,7.369999999180436,0.0,0.0,0.2599999997764826,0.3812000007927407,2.0700000002980232,2.8879999998211834,0.34999999962747097,0.2632,2.0192464,1085.0,26.7082,28.7106,22.585
amd-ryzen-5 · chrome|s5|031_r3f-ref-central_i7,amd-ryzen-5 · chrome,r3f-ref-central,566,881.0,3000.86,293.58250634805626,298.50746255378783,205.7877813504823,231.2928745918668,3.406197502839122,3.350000001490116,0.30329359023215396,3.919999999925494,4.7809999994933605,5.005000000819564,0.0,0.0,0.3399999998509884,0.5110000010579827,2.7299999985843897,3.862999999895697,0.26999999955296516,0.19392,0.3040496000000001,880.0,26.66,39.974,39.974
amd-ryzen-5 · chrome|s5|031_r3f-ref-central_i7,amd-ryzen-5 · chrome,r3f-ref-central,800,649.0,3000.85,216.2720562507558,223.96416574095707,154.083204947467,162.87473915309042,4.623805855161214,4.464999999850988,0.7341115920035938,5.900000000372529,6.302999999299645,6.804999999701977,0.0,0.0,0.5,0.6849999996274709,3.619999999180436,5.275400000363588,0.3399999998509884,0.54576,3.097369599999995,645.0,23.5089,34.5301,34.5301
amd-ryzen-5 · chrome|s5|031_r3f-ref-central_i7,amd-ryzen-5 · chrome,r3f-ref-central,1131,508.0,3003.455,169.13854211232976,171.821305833126,90.15506671329598,124.91568191484708,5.912312992126131,5.820000000298023,0.721641110242843,6.921499998960644,7.904750000070781,14.339999999850988,0.0,0.0,0.6699999999254942,0.8828999998234215,4.847500000149012,6.761500000543893,0.27500000037252903,2.04192,2.7160599999999997,507.0,49.5152,59.5685,22.972
amd-ryzen-5 · chrome|s5|031_r3f-ref-central_i7,amd-ryzen-5 · chrome,r3f-ref-central,1600,363.0,3004.34,120.82520620170088,127.14558168742285,68.28269033718875,80.44333214233026,8.27641873278196,7.865000000223517,1.1647767840859486,9.69250000026077,14.246399999149144,14.730000000447035,0.0,0.0,0.8549999985843897,1.3756999994069337,6.7900000009685755,12.596800000183284,0.25500000081956387,3.68098,6.3558835999999985,362.0,47.4709,60.9631,60.9631
amd-ryzen-5 · chrome|s5|031_r3f-ref-central_i7,amd-ryzen-5 · chrome,r3f-ref-central,2263,294.0,3002.79,97.90894468141467,101.13780025093922,58.96226415107291,72.57458334508615,10.213571428574722,9.887500000186265,1.0607320062199173,11.890249999705699,14.403399999476965,17.28500000014901,0.003401360544217687,0.0,1.1174999997019768,1.8003499989397824,8.520000000484288,12.346849999334657,0.26500000059604645,6.2151,8.75615999999999,292.0,41.2006,56.4514,56.4514
amd-ryzen-5 · chrome|s5|031_r3f-ref-central_i7,amd-ryzen-5 · chrome,r3f-ref-central,3200,193.0,3013.98,64.0349305569285,65.94131223600107,48.70920604153249,54.502513172399745,15.61647668394014,15.16499999910593,0.940831730149546,17.504999999701976,18.488599999025432,20.529999999329448,0.13471502590673576,0.0,1.5,2.395999998822807,13.404999999329448,16.312399999871822,0.25500000081956387,10.37124,12.4275704,192.0,86.1771,101.0586,101.0586
amd-ryzen-5 · chrome|s5|031_r3f-ref-central_i7,amd-ryzen-5 · chrome,r3f-ref-central,4525,140.0,3001.725,46.639848753639114,48.379293662486916,29.890898221424987,35.75167905242349,21.440892857140195,20.669999999925494,2.106841396899266,25.499000000208614,28.724499999992513,33.455000000074506,1.0,0.007142857142857143,1.8650000002235174,3.2757499992661168,18.559999999590218,25.51860000099985,0.3049999997019768,15.62276,19.473998400000003,139.0,64.9812,80.9651,80.9651
amd-ryzen-5 · chrome|s5|031_r3f-ref-central_i7,amd-ryzen-5 · chrome,r3f-ref-central,6400,95.0,3011.64,31.54427488014502,31.54574132566257,26.420079260497815,27.127839945881394,31.701473684197193,31.699999999254942,1.8978234836601553,34.7945000000298,37.1074000004679,37.84999999962747,1.0,0.18947368421052632,2.980000000447035,4.35820000011474,28.445000000298023,32.372699999287725,0.3200000002980232,22.51664,24.97056839999999,94.0,155.9353,164.6022,153.5693
amd-ryzen-5 · chrome|s5|031_r3f-ref-central_i7,amd-ryzen-5 · chrome,r3f-ref-central,9051,69.0,3037.4,22.716797260812385,22.922636103151863,18.274853800945646,18.757033887550612,44.02028985507786,43.625,3.2062904491645168,48.47799999900162,53.591200000569216,54.72000000067055,1.0,1.0,3.449999999254942,5.964799999818198,39.75,46.062200000733135,0.3349999990314245,33.19578,38.7990972,68.0,191.6557,205.0393,205.0393
amd-ryzen-5 · chrome|s5|031_r3f-ref-central_i7,amd-ryzen-5 · chrome,r3f-ref-central,12800,61.0,3770.925,16.17640234160533,16.193020807816836,13.554727211046432,14.146939545376885,61.8184426229325,61.755000000819564,3.690722664210638,68.73000000044703,71.10499999970197,73.77500000037253,1.0,1.0,4.439999999478459,6.1,53.869999999180436,63.80699999965727,0.4100000001490116,49.03206,56.27096799999998,60.0,371.1769,379.6834,379.6834
amd-ryzen-5 · chrome|s5|031_r3f-ref-central_i7,amd-ryzen-5 · chrome,r3f-ref-central,18102,61.0,5271.79,11.571022366219129,11.729517330249099,9.65157803289041,9.790004405425814,86.42278688523125,85.25500000081956,5.352806080703298,97.00499999895692,102.51500000059605,103.6100000012666,1.0,1.0,5.759999999776483,7.454999999701975,76.40000000037253,90.88600000031292,0.4100000001490116,71.02702,78.4240876,60.0,618.9644,634.712,634.712
amd-ryzen-5 · chrome|s5|032_r3f-ref_i7,amd-ryzen-5 · chrome,r3f-ref,100,2553.0,3000.625,850.8227452614038,865.8008663035192,495.6875186197692,601.38270672308,1.1753329416372895,1.1549999993294477,0.17909895841683804,1.4649999998509884,1.7549999998509884,2.575000001117587,0.0,0.0,0.10999999940395355,0.2149999998509884,0.6600000001490116,0.9374000000208618,0.36999999918043613,0.06192,1.535379200000001,2548.0,11.4865,17.3306,17.3162
amd-ryzen-5 · chrome|s5|032_r3f-ref_i7,amd-ryzen-5 · chrome,r3f-ref,141,2196.0,3000.985,731.7597388854236,738.007379830321,470.9048099491924,538.7904401628722,1.366568761384912,1.3550000004470348,0.1970857965857239,1.7099999990314245,1.9455000002868492,2.3900000005960464,0.0,0.0,0.125,0.21524999979883525,0.8399999998509884,1.22524999966845,0.3700000010430813,0.08736,1.4661660000000003,2192.0,16.5805,24.1312,24.1312
amd-ryzen-5 · chrome|s5|032_r3f-ref_i7,amd-ryzen-5 · chrome,r3f-ref,200,1784.0,3000.91,594.4863391437635,598.802395236296,385.5749602771848,444.0009977608273,1.682124439461967,1.6699999999254942,0.2416699106050806,2.094249998964369,2.3033999988064187,3.1899999994784594,0.0,0.0,0.19499999843537807,0.3249999995715916,1.099999999627471,1.5858500007167462,0.3600000012665987,0.13232,1.0037392000000007,1779.0,17.3765,26.5717,17.2579
amd-ryzen-5 · chrome|s5|032_r3f-ref_i7,amd-ryzen-5 · chrome,r3f-ref,283,1265.0,3002.18,421.3604780526569,427.3504273776411,280.07935581309823,329.2826342559449,2.3732648221341517,2.3399999998509884,0.26333752210773914,2.81900000013411,3.0849999997019766,5.25,0.0,0.0,0.3300000000745058,0.48499999940395355,1.680000001564622,2.273999998867509,0.3200000002980232,0.09552,0.341618799999999,1264.0,25.1106,31.2452,17.6086
amd-ryzen-5 · chrome|s5|032_r3f-ref_i7,amd-ryzen-5 · chrome,r3f-ref,400,1071.0,3002.75,356.6730497044376,368.32412525041786,214.38525028827343,260.56389961717133,2.803688141923436,2.7149999998509884,0.3903999648606925,3.5049999998882413,3.8774999992921937,7.689999999478459,0.0,0.0,0.3449999988079071,0.536499999836087,2.0650000013411045,3.009499999135732,0.3099999986588955,0.1288,1.665859999999999,1066.0,27.8734,29.3683,25.9845
amd-ryzen-5 · chrome|s5|032_r3f-ref_i7,amd-ryzen-5 · chrome,r3f-ref,566,835.0,3000.51,278.28602470915354,282.4858757775599,188.99125916224764,221.11962032818508,3.593425149700331,3.5399999991059303,0.32663966399064076,4.154999999329448,4.636400000043212,8.169999999925494,0.0,0.0,0.4450000002980232,0.6483000000938771,2.8200000002980232,3.7233000012114643,0.26500000059604645,0.20704,0.31308319999999523,834.0,32.5444,48.8549,29.4154
amd-ryzen-5 · chrome|s5|032_r3f-ref_i7,amd-ryzen-5 · chrome,r3f-ref,800,637.0,3000.505,212.29759657118586,220.75055190905624,142.07909069231556,153.02596505219483,4.710368916798775,4.529999999329448,0.7562187030804591,6.161000000312924,6.768999999836086,7.349999999627471,0.0,0.0,0.5150000005960464,0.8164000003784894,3.6700000017881393,5.644199999570846,0.3250000011175871,0.54112,1.755077999999978,636.0,27.9766,43.374,43.374
amd-ryzen-5 · chrome|s5|032_r3f-ref_i7,amd-ryzen-5 · chrome,r3f-ref,1131,464.0,3004.355,154.44246768438848,158.102766793763,87.35531775667398,110.1242488786025,6.474903017242343,6.3250000001862645,0.810845784908126,7.78550000078976,9.978450000341983,12.330000000074506,0.0,0.0,0.7699999995529652,1.1999999999441207,5.252499999478459,8.158699999414386,0.2800000011920929,2.15476,3.2110783999999994,463.0,48.3377,64.3619,64.3619
amd-ryzen-5 · chrome|s5|032_r3f-ref_i7,amd-ryzen-5 · chrome,r3f-ref,1600,365.0,3004.965,121.46564103076678,123.60939431624465,91.11617311866708,98.56262833675564,8.2327808219174,8.089999999850988,0.6969850741302612,9.616999999806286,10.389800000265241,11.280000001192093,0.0,0.0,0.8900000005960464,1.4426000009477142,6.925000000745058,8.865800000205637,0.2599999997764826,3.69684,5.435407200000001,364.0,79.4489,97.8476,97.8476
amd-ryzen-5 · chrome|s5|032_r3f-ref_i7,amd-ryzen-5 · chrome,r3f-ref,2263,271.0,3009.855,90.03755994894354,91.91176469895886,60.95702529619654,72.38307349831076,11.106476014754923,10.880000000819564,0.9165614274235032,12.612499998882413,14.196499999985102,16.99500000104308,0.0036900369003690036,0.0,1.0600000005215406,2.1025000002235177,9.445000000298023,12.123999999836089,0.2649999987334013,6.33718,9.155604400000001,270.0,46.1457,65.8564,65.8564
amd-ryzen-5 · chrome|s5|032_r3f-ref_i7,amd-ryzen-5 · chrome,r3f-ref,3200,182.0,3001.42,60.63796469671173,61.842918989622966,46.04051565235393,50.168622312971564,16.491318681318273,16.16999999899417,1.0724448846083805,18.338499999884515,20.30974999977276,21.720000000670552,0.34615384615384615,0.0,1.7300000004470348,2.844549999833106,14.162499999627471,17.047950000520796,0.26999999955296516,10.48488,12.996951999999999,181.0,94.1847,108.2061,96.0973
amd-ryzen-5 · chrome|s5|032_r3f-ref_i7,amd-ryzen-5 · chrome,r3f-ref,4525,135.0,3023.285,44.653415076644556,45.55808656191086,36.54970760313543,37.93147047629695,22.394703703704806,21.949999999254942,1.737063782163809,25.667499999701977,26.4444000005722,27.359999999403954,1.0,0.0,1.7550000008195639,3.7529999992996452,19.730000000447035,23.803400000594554,0.3300000000745058,15.82056,18.761856399999992,134.0,70.4863,90.6378,90.6378
amd-ryzen-5 · chrome|s5|032_r3f-ref_i7,amd-ryzen-5 · chrome,r3f-ref,6400,91.0,3003.68,30.29617003143112,30.69838833355923,25.075225676515778,25.530556885150652,33.007472527469254,32.57500000111759,2.339971672906311,36.852500000968575,39.69549999907613,39.880000000819564,1.0,0.4065934065934066,3.075000001117587,4.087999999150633,29.21499999985099,35.66149999909103,0.3300000000745058,23.06812,28.055412399999998,90.0,161.7328,178.7053,178.7053
amd-ryzen-5 · chrome|s5|032_r3f-ref_i7,amd-ryzen-5 · chrome,r3f-ref,9051,68.0,3021.99,22.501728993145235,22.66931141976135,18.556318426218958,18.891092849535234,44.44102941176799,44.112499999813735,2.9153048992383264,49.378250000160186,52.988850000146776,53.89000000059605,1.0,1.0,3.6625000005587935,7.111499999947845,39.90500000026077,46.39444999918341,0.3525000000372529,33.4732,41.59661200000003,67.0,227.6635,228.2848,218.4938
amd-ryzen-5 · chrome|s5|032_r3f-ref_i7,amd-ryzen-5 · chrome,r3f-ref,12800,61.0,3873.73,15.747096467751312,16.338534433441428,12.76813074561025,13.240356606933593,63.503770491780074,61.205000000074506,4.113037974509755,72.11500000022352,75.94999999962747,78.32000000029802,1.0,1.0,4.990000000223517,6.973999999836087,55.21000000089407,68.51499999985099,0.4050000011920929,49.639939999999996,55.0972372,60.0,395.7755,409.1528,402.9711
amd-ryzen-5 · chrome|s5|032_r3f-ref_i7,amd-ryzen-5 · chrome,r3f-ref,18102,61.0,5541.115,11.008614692168912,11.148272017698337,9.235742322757417,9.368412834681989,90.8379508196758,89.70000000111759,6.140015294394169,104.0,107.23400000073015,108.27500000037253,1.0,1.0,6.064999999478459,8.737000000104304,79.52500000037253,99.2780000001192,0.525000000372529,70.73414,82.83996959999999,60.0,665.5491,673.8741,665.2735
amd-ryzen-5 · chrome|s5|033_r3f-ref_i8,amd-ryzen-5 · chrome,r3f-ref,100,2704.0,3000.125,901.2957793425273,917.4311927859706,519.4305502257658,628.2430137111041,1.1095136834319526,1.0899999998509884,0.17967742037373227,1.4150000009685755,1.683500000499179,2.8049999997019768,0.0,0.0,0.1100000012665987,0.27500000037252903,0.599999999627471,0.9600000008940697,0.3600000012665987,0.0688,1.4721055999999992,2697.0,11.0337,17.0334,15.0725
amd-ryzen-5 · chrome|s5|033_r3f-ref_i8,amd-ryzen-5 · chrome,r3f-ref,141,2348.0,3000.505,782.534939951561,796.8127484836343,489.10154172924604,574.388178403146,1.2778982112439605,1.2550000008195639,0.19178833743753398,1.5850000002421438,1.8399999998509884,2.919999999925494,0.0,0.0,0.10999999940395355,0.24499999918043613,0.775000000372529,1.1426500010304164,0.35999999940395355,0.10032,1.1710159999999994,2341.0,18.4084,22.5374,19.3461
amd-ryzen-5 · chrome|s5|033_r3f-ref_i8,amd-ryzen-5 · chrome,r3f-ref,200,1826.0,3000.46,608.5733520858321,617.2839509295701,423.47959064678804,461.01626224235656,1.6431872946335675,1.6199999991804361,0.2343330961863443,2.0500000002793968,2.2287499993108213,2.9600000008940697,0.0,0.0,0.17999999970197678,0.32499999925494194,1.0700000002980232,1.5762500003911555,0.35999999940395355,0.13968,1.0907439999999993,1821.0,15.0779,24.7698,24.7698
amd-ryzen-5 · chrome|s5|033_r3f-ref_i8,amd-ryzen-5 · chrome,r3f-ref,283,1356.0,3002.01,451.6973627669798,457.6659037809193,268.62279158216836,337.1832616188565,2.2138716814157644,2.1850000005215406,0.34726078724874976,2.6899999999441206,2.932250000070781,8.384999999776483,0.0,0.0,0.3049999997019768,0.4900000002235174,1.5050000008195639,2.147249999083579,0.35999999940395355,0.17472,1.4690400000000001,1351.0,26.7255,28.367,20.5743
amd-ryzen-5 · chrome|s5|033_r3f-ref_i8,amd-ryzen-5 · chrome,r3f-ref,400,1086.0,3002.395,361.7112338650183,371.74721183928057,214.70746108770734,267.2671929546276,2.7646362799259236,2.690000000409782,0.3943796754578517,3.422500000335276,3.7122499991208326,7.205000000074506,0.0,0.0,0.35999999940395355,0.5707500001415615,2.005000000819564,2.7650000005960464,0.3200000002980232,0.1452,1.9164904000000011,1084.0,28.7523,28.7523,24.7637
amd-ryzen-5 · chrome|s5|033_r3f-ref_i8,amd-ryzen-5 · chrome,r3f-ref,566,850.0,3001.71,283.17192533580754,287.35632187906987,208.52339372714184,231.11208936277274,3.5314235294128165,3.4799999995157123,0.276315309391729,4.002749999426305,4.670799999907612,4.964999999850988,0.0,0.0,0.4900000002235174,0.737549999821931,2.7100000008940697,3.6606000001356,0.26500000059604645,0.20336,0.3368639999999998,849.0,29.8343,42.6947,42.6947
amd-ryzen-5 · chrome|s5|033_r3f-ref_i8,amd-ryzen-5 · chrome,r3f-ref,800,663.0,3002.635,220.8060586784772,230.68050744953993,150.37593984822007,162.3576295779535,4.528861236802076,4.33500000089407,0.7289474940196097,5.849499999731779,6.39259999960661,6.91499999910593,0.0,0.0,0.5549999997019768,0.8088000014796852,3.425000000745058,5.231300000324845,0.3399999998509884,0.54448,3.1254719999999985,659.0,24.2644,35.516,35.516
amd-ryzen-5 · chrome|s5|033_r3f-ref_i8,amd-ryzen-5 · chrome,r3f-ref,1131,479.0,3002.71,159.52256461658214,163.66612112889567,129.61762799991115,136.6932128834895,6.268705636745081,6.1099999994039536,0.38338013708291174,6.9960000008344645,7.457100000232456,8.080000000074506,0.0,0.0,0.8349999990314245,1.057200001105666,5.0,6.023299999274313,0.2749999985098839,2.12256,2.665410000000001,478.0,43.3064,55.5914,55.5914
amd-ryzen-5 · chrome|s5|033_r3f-ref_i8,amd-ryzen-5 · chrome,r3f-ref,1600,369.0,3001.715,122.92972517378176,125.39184953563789,98.05523778777223,107.2993353397041,8.134728997289569,7.974999999627471,0.4606362945930808,8.952000000327825,9.414000000357627,11.264999998733401,0.0,0.0,0.8399999998509884,1.2914000000059602,6.8900000005960464,8.043399999290704,0.25,3.66978,4.4184488,368.0,67.632,80.9462,80.9462
amd-ryzen-5 · chrome|s5|033_r3f-ref_i8,amd-ryzen-5 · chrome,r3f-ref,2263,295.0,3002.78,98.24229547282282,99.80039920604932,64.21576497122192,73.0022161385624,10.178915254241328,10.019999999552965,1.0770819941008019,12.076999999396506,15.02479999907315,15.634999999776483,0.0,0.0,1.155000001192093,2.0561999996751545,8.554999999701977,12.987500000447035,0.2700000014156103,6.28676,9.2972064,294.0,44.4408,59.8407,59.8407
amd-ryzen-5 · chrome|s5|033_r3f-ref_i8,amd-ryzen-5 · chrome,r3f-ref,3200,185.0,3003.655,61.59162753380175,62.75494195696021,51.40066820848987,53.445767392285354,16.23597297296935,15.934999998658895,0.8350344137166864,17.97800000049174,18.90740000002086,19.455000000074506,0.1891891891891892,0.0,1.9650000017136335,2.6332000005245195,13.679999999701977,16.182200000733136,0.26999999955296516,10.49922,12.24526279999999,184.0,91.1271,105.5752,105.5752
amd-ryzen-5 · chrome|s5|033_r3f-ref_i8,amd-ryzen-5 · chrome,r3f-ref,4525,139.0,3013.6,46.124236793209846,47.63038818952304,39.71405877727703,40.830214357797324,21.680575539565666,20.994999999180436,1.2556048371135728,24.098499999940394,24.520800000429155,25.179999999701977,1.0,0.0,1.9149999991059303,3.0912000002339504,18.759999999776483,21.615000000223517,0.3200000002980232,15.814820000000001,17.500282399999996,138.0,69.4803,85.3609,85.3609
amd-ryzen-5 · chrome|s5|033_r3f-ref_i8,amd-ryzen-5 · chrome,r3f-ref,6400,96.0,3028.315,31.700797308079423,32.336297494131706,26.634705020694753,27.802877597989756,31.544947916661233,30.924999999813735,1.6871816261213992,34.62625000020489,36.880000000633295,37.544999999925494,1.0,0.11458333333333333,3.4224999994039536,3.9589999992400404,27.264999999664724,33.05150000071153,0.3399999998509884,22.86188,25.294365600000003,95.0,159.2751,172.3116,172.3116
amd-ryzen-5 · chrome|s5|033_r3f-ref_i8,amd-ryzen-5 · chrome,r3f-ref,9051,72.0,3022.37,23.822364568209558,23.818030248708215,20.18774603809411,20.30044660991753,41.977361111099725,41.985000000335276,2.5596559755134276,45.85850000027567,49.453349999990316,49.53500000014901,1.0,1.0,3.9950000001117587,4.953700000103563,37.607499999925494,43.87855000102893,0.3449999997392297,33.5282,37.152828,71.0,217.517,231.3212,231.3212
amd-ryzen-5 · chrome|s5|033_r3f-ref_i8,amd-ryzen-5 · chrome,r3f-ref,12800,61.0,3830.9,15.923151217727966,16.52482855474098,12.400024799831934,13.201320132013201,62.8016393442684,60.51500000059605,4.676531809818777,70.75,76.30400000065563,80.64500000141561,1.0,1.0,5.5849999990314245,8.225999999791378,53.72499999962747,64.39800000041723,0.39000000059604645,48.89238,57.168641999999984,60.0,398.5451,410.9096,402.0036
amd-ryzen-5 · chrome|s5|033_r3f-ref_i8,amd-ryzen-5 · chrome,r3f-ref,18102,61.0,5419.17,11.25633630242285,11.298158400209303,9.213193292871175,9.470743295540844,88.83885245901517,88.50999999977648,6.246892920605627,103.76000000163913,106.0230000000447,108.53999999910593,1.0,1.0,6.794999999925494,10.20100000053644,77.03999999910593,95.56499999947846,0.4299999997019768,70.72924,88.36049079999998,60.0,652.0334,675.6545,663.2931
amd-ryzen-5 · chrome|s5|034_threejs_i8,amd-ryzen-5 · chrome,threejs,100,2789.0,3000.49,929.5148459084323,947.8672988459588,435.83535105551744,609.0747759692473,1.075830046611769,1.0549999997019768,0.21590501643913412,1.3700000002980233,1.6805999998003238,4.419999999925494,0.0,0.0,0.0800000000745058,0.17560000061988776,0.6050000004470348,0.9399999994784594,0.35500000044703484,0.05568,0.9604200000000006,2782.0,7.7703,15.1047,15.1047
amd-ryzen-5 · chrome|s5|034_threejs_i8,amd-ryzen-5 · chrome,threejs,141,2172.0,3001.315,723.6827857123885,738.0073808448199,312.9890453802835,468.5974617720804,1.3818209023938668,1.3549999985843897,0.28075814755394213,1.737249999959021,2.1872499998100094,5.0150000005960464,0.0,0.0,0.10500000044703484,0.19999999925494194,0.8600000012665987,1.1964499999955294,0.3650000002235174,0.06992,1.0451632000000028,2165.0,14.6288,19.2768,19.2768
amd-ryzen-5 · chrome|s5|034_threejs_i8,amd-ryzen-5 · chrome,threejs,200,1757.0,3000.245,585.6188411281345,593.4718105613696,286.1471132529606,403.1417251551934,1.7075953329534321,1.6849999986588955,0.2990584268276859,2.0950000006705523,2.4844000003486877,5.220000000670552,0.0,0.0,0.14499999955296516,0.25,1.1650000009685755,1.6793999996036297,0.35500000044703484,0.10768,1.1715744000000003,1753.0,18.9634,23.909,22.854
amd-ryzen-5 · chrome|s5|034_threejs_i8,amd-ryzen-5 · chrome,threejs,283,1467.0,3001.4,488.77190644359894,493.8271608572147,251.59493215282308,337.1746610920009,2.045944103613069,2.024999998509884,0.3536344790492768,2.519999999552965,3.5352999995276293,4.810000000521541,0.0,0.0,0.1900000013411045,0.2949999999254942,1.4549999982118607,1.9851000006496895,0.34999999962747097,0.17312,1.123808800000002,1462.0,18.9086,24.8189,24.8189
amd-ryzen-5 · chrome|s5|034_threejs_i8,amd-ryzen-5 · chrome,threejs,400,986.0,3000.485,328.61354081076354,333.3333333333333,199.86675549104464,245.95924103462903,3.0430882352954023,3.0,0.40837497861967126,3.658750000409782,4.249750000145285,6.1849999986588955,0.0,0.0,0.27500000037252903,0.43999999947845936,2.380000000819564,3.149500001315027,0.3349999990314245,0.15488000000000002,2.1811216,982.0,22.6191,27.0109,23.1923
amd-ryzen-5 · chrome|s5|034_threejs_i8,amd-ryzen-5 · chrome,threejs,566,798.0,3001.415,265.8745958157195,271.37042058574474,176.7676767693397,199.07608279591378,3.761171679196875,3.6850000005215406,0.4838196640459009,4.693750001117587,5.035000000149012,7.46000000089407,0.0,0.0,0.3650000002235174,0.5649999995343387,3.0,4.139999998733401,0.3050000015646219,0.1584,2.0647811999999974,794.0,22.6051,32.9343,32.9343
amd-ryzen-5 · chrome|s5|034_threejs_i8,amd-ryzen-5 · chrome,threejs,800,639.0,3004.505,212.68062459534121,217.86492375434955,134.37849944457423,158.30056681960406,4.701885758999718,4.589999999850988,0.545799868366986,5.67850000075996,6.388400000855327,10.134999999776483,0.0,0.0,0.39499999955296516,0.6124000005051494,3.8950000014156103,5.436699999198318,0.2749999985098839,0.37204,1.0647544,638.0,37.041,39.189,33.318
amd-ryzen-5 · chrome|s5|034_threejs_i8,amd-ryzen-5 · chrome,threejs,1131,471.0,3000.99,156.94820709164807,161.03059579002053,95.7854406135395,113.40663675332013,6.3715286624208565,6.21000000089407,0.7403555059940777,7.78249999973923,9.11499999947846,12.169999999925494,0.0,0.0,0.6200000010430813,0.8994999997317793,5.294999999925494,7.697999999485911,0.27500000037252903,2.08616,3.4915928000000003,470.0,42.7532,45.1497,25.6495
amd-ryzen-5 · chrome|s5|034_threejs_i8,amd-ryzen-5 · chrome,threejs,1600,363.0,3001.24,120.95000733029447,123.00122999990069,83.42602892327042,96.10764055883892,8.267878787879404,8.130000000819564,0.6821393805065815,9.52800000105053,10.691800000146031,13.58500000089407,0.0,0.0,0.6999999992549419,1.1195000014081595,7.150000000372529,9.653299999944865,0.2549999989569187,3.85692,5.585592399999999,362.0,32.9867,45.4206,33.1167
amd-ryzen-5 · chrome|s5|034_threejs_i8,amd-ryzen-5 · chrome,threejs,2263,254.0,3005.14,84.521852559265,85.89220528182096,63.29113924125246,70.16518052824539,11.831259842522032,11.642500000074506,0.882600243083165,13.41350000007078,14.798150000236928,16.56499999947846,0.0,0.0,1.0199999995529652,1.5099999997764826,10.330000001005828,13.163999999947846,0.26000000163912773,6.62352,8.505692799999998,253.0,53.0217,65.4237,55.5944
amd-ryzen-5 · chrome|s5|034_threejs_i8,amd-ryzen-5 · chrome,threejs,3200,189.0,3009.32,62.80488615367634,64.39150032473779,42.8540818496544,52.24053865820194,15.92232804232962,15.529999999329448,1.1078277472204483,17.63199999965727,19.567200000509622,23.33500000089407,0.21164021164021163,0.0,1.1950000002980232,2.0102000001072886,14.019999999552965,16.910199999362234,0.2599999997764826,10.55832,12.767046399999996,188.0,75.9309,95.6797,81.6591
amd-ryzen-5 · chrome|s5|034_threejs_i8,amd-ryzen-5 · chrome,threejs,4525,139.0,3016.53,46.079435642950976,47.337278106508876,38.33620855039799,39.78647922920376,21.70165467625417,21.125,1.4651197442581996,24.377000000327826,25.46819999881089,26.084999999031425,1.0,0.0,1.4849999994039536,2.556199999898672,19.33999999985099,22.817399999424815,0.2949999999254942,15.79134,19.266123999999998,138.0,63.0931,78.7925,59.4471
amd-ryzen-5 · chrome|s5|034_threejs_i8,amd-ryzen-5 · chrome,threejs,6400,92.0,3027.8,30.3850980910344,30.785807742701262,25.338907893165484,25.91344908017262,32.910869565205246,32.482499999925494,2.3506553455735624,37.55099999951199,38.52314999971539,39.46499999985099,1.0,0.3695652173913043,2.565000000409782,4.425900000557303,29.552500000223517,35.00029999962077,0.3200000002980232,22.86644,28.38987199999999,91.0,117.4009,125.9107,125.9107
amd-ryzen-5 · chrome|s5|034_threejs_i8,amd-ryzen-5 · chrome,threejs,9051,67.0,3000.7,22.328123437870044,22.70147559648969,18.719580681418844,18.899423567430382,44.786567164167984,44.04999999888241,3.536120135520478,51.31099999919534,52.94150000017137,53.419999999925494,1.0,1.0,3.119999999180436,5.792899999395013,40.605000000447035,48.565200000256304,0.3349999990314245,33.43634,42.164445999999984,66.0,100.1719,119.3994,90.0578
amd-ryzen-5 · chrome|s5|034_threejs_i8,amd-ryzen-5 · chrome,threejs,12800,61.0,3799.82,16.05339200277782,16.331863465502188,14.239943040303379,14.436958614129617,62.29213114754587,61.230000000447035,2.6789238290446287,67.78500000014901,69.44799999967218,70.22499999962747,1.0,1.0,4.029999999329448,5.439000000059604,56.44500000029802,64.1320000000298,0.38000000081956387,48.714879999999994,56.1258384,60.0,204.5417,219.356,219.356
amd-ryzen-5 · chrome|s5|034_threejs_i8,amd-ryzen-5 · chrome,threejs,18102,61.0,5246.385,11.627053676007879,11.821029611585477,10.539629005174891,10.605016172727872,86.00631147540618,84.59500000067055,3.154295602941387,92.66499999910593,94.68499999940396,94.87999999895692,1.0,1.0,5.144999999552965,7.985999999195336,78.92499999888241,87.31099999919533,0.35999999940395355,70.44568000000001,75.03810639999999,60.0,188.5046,203.5735,193.4612
amd-ryzen-5 · chrome|s5|035_r3f-state_i8,amd-ryzen-5 · chrome,r3f-state,100,1444.0,3000.335,481.27959044559015,491.4004913645089,327.71535584296583,369.31599600952114,2.077794321330259,2.0350000001490116,0.21153900947485907,2.505000000819564,2.8835499992780376,3.5299999993294477,0.0,0.0,0.08500000089406967,0.16785000037401882,0.4900000002235174,0.6000000014901161,1.4450000002980232,0.04752,0.05616,1443.0,11.7492,26.8964,24.0331
amd-ryzen-5 · chrome|s5|035_r3f-state_i8,amd-ryzen-5 · chrome,r3f-state,141,1172.0,3000.675,390.5787864396207,404.0404041012189,255.30927236327574,289.18305785960746,2.5603029010245266,2.474999999627471,0.30110587163082175,3.1872499990276997,3.583849999867377,4.435000000521541,0.0,0.0,0.10000000149011612,0.20144999949261527,0.6050000004470348,0.8337000009231258,1.75,0.06608,0.07977599999999999,1171.0,25.0067,32.1199,32.1199
amd-ryzen-5 · chrome|s5|035_r3f-state_i8,amd-ryzen-5 · chrome,r3f-state,200,934.0,3002.81,311.0419906688792,320.5128204056664,225.19704742782483,251.35925247831477,3.214999999998564,3.1200000010430813,0.2703663506429595,3.711750000528991,4.155000001192093,4.8099999986588955,0.0,0.0,0.12999999895691872,0.19500000029802322,0.7850000001490116,0.9666999994963403,2.2099999990314245,0.09392,0.10485759999999998,933.0,32.5114,51.6149,34.5289
amd-ryzen-5 · chrome|s5|035_r3f-state_i8,amd-ryzen-5 · chrome,r3f-state,283,699.0,3001.255,232.90256909186627,239.8081534815029,173.11021348324635,197.4448315856202,4.293640915594878,4.169999999925494,0.3063247075769219,4.799999999068677,5.290200000964105,6.485000001266599,0.0,0.0,0.17999999970197678,0.24510000102221957,1.0849999990314245,1.325099999271333,2.894999999552965,0.15328,0.2036848,698.0,57.1184,57.769,57.769
amd-ryzen-5 · chrome|s5|035_r3f-state_i8,amd-ryzen-5 · chrome,r3f-state,400,516.0,3001.26,171.92779032807502,175.4385964568302,102.0408163265306,135.33264764486196,5.816395348836776,5.700000001117587,0.5359872396793256,6.452500001061708,7.268750000093136,13.455000000074506,0.0,0.0,0.2599999997764826,0.35924999956041587,1.550000000745058,1.8184999987483026,3.875,0.2648,0.27088,515.0,63.697,65.1677,43.3223
amd-ryzen-5 · chrome|s5|035_r3f-state_i8,amd-ryzen-5 · chrome,r3f-state,566,349.0,3000.915,116.29786248530998,118.69436200730752,95.28346831441365,99.70966890245784,8.598610315183684,8.425000000745058,0.4574503019847786,9.672999999299645,10.275200000479813,10.509999999776483,0.0,0.0,0.4100000001490116,0.5150000005960464,2.4149999991059303,2.8226000007241963,5.615000000223517,0.3544,0.36112,348.0,51.0653,63.7657,59.7131
amd-ryzen-5 · chrome|s5|035_r3f-state_i8,amd-ryzen-5 · chrome,r3f-state,800,267.0,3000.535,88.98413116327146,91.32420091945588,69.14433880547912,74.99927885350704,11.237958801498685,10.949999999254942,0.7008444491559088,12.830000000074506,13.420899999924,14.855000000447035,0.0,0.0,0.4599999990314245,0.6134999999403947,3.1349999997764826,3.649999999143183,7.345000000670552,0.54712,0.573856000000001,266.0,67.6934,76.105,47.7258
amd-ryzen-5 · chrome|s5|035_r3f-state_i8,amd-ryzen-5 · chrome,r3f-state,1131,184.0,3014.78,61.032645831550205,62.44146113149767,50.28916268600656,52.1784503002064,16.384673913039833,16.014999999664724,0.9460486720135116,18.740000000596044,19.347200000006705,19.884999999776483,0.21739130434782608,0.0,0.6800000015646219,0.8816999992355703,4.5125000001862645,5.261699999738484,10.772499999962747,2.1688,3.2724072000000004,183.0,81.6961,94.989,84.5576
amd-ryzen-5 · chrome|s5|035_r3f-state_i8,amd-ryzen-5 · chrome,r3f-state,1600,125.0,3003.47,41.61852790271656,42.863266180746095,27.517886626419937,33.90309365772442,24.027760000005365,23.330000000074506,1.840337939630172,27.319999999925493,29.44759999975563,36.33999999985099,1.0,0.008,1.1499999985098839,4.400600000843406,7.400000000372529,10.305600000694396,14.804999999701977,3.86022,5.296143199999997,124.0,99.7996,107.8814,107.8814
amd-ryzen-5 · chrome|s5|035_r3f-state_i8,amd-ryzen-5 · chrome,r3f-state,2263,92.0,3009.295,30.57194459167422,31.446540879766367,26.215755669464397,26.89527651679222,32.70972826086876,31.800000000745058,1.9226516094216697,36.546250000037254,37.13490000009537,38.144999999552965,1.0,0.22826086956521738,1.4424999998882413,1.944949999526145,9.610000000335276,11.041100000683219,20.709999999962747,6.40992,7.150312,91.0,121.4987,145.1656,127.4966
amd-ryzen-5 · chrome|s5|035_r3f-state_i8,amd-ryzen-5 · chrome,r3f-state,3200,64.0,3020.39,21.189316611426793,21.791239921710744,18.358729576315135,18.713158469324515,47.19359375000931,45.889999999664724,3.0216786131342155,52.41925000045448,53.767549999840554,54.46999999880791,1.0,1.0,2.002500000409782,2.6986500000767406,13.345000000670552,14.553749999795109,30.06000000052154,10.38816,12.817696,63.0,188.0601,198.4868,197.798
amd-ryzen-5 · chrome|s5|035_r3f-state_i8,amd-ryzen-5 · chrome,r3f-state,4525,61.0,4105.81,14.856995331011403,15.432098765698251,12.941633234189018,13.316465810075323,67.30836065571572,64.79999999888241,4.478211577417519,73.83999999985099,75.34699999950826,77.26999999955297,1.0,1.0,2.925000000745058,3.6710000004619356,19.02500000037253,24.05599999912082,42.65000000037253,15.0725,18.910360799999992,60.0,197.3341,219.928,215.4563
amd-ryzen-5 · chrome|s5|035_r3f-state_i8,amd-ryzen-5 · chrome,r3f-state,6400,61.0,6341.685,9.618894662853009,9.475529445194372,8.855435023333158,8.962179602123111,103.96204918033642,105.53500000014901,5.763160763036962,109.73000000044703,111.9920000001788,112.92499999888241,1.0,1.0,4.660000000149012,16.119999999925493,27.665000000968575,33.39800000041723,73.14999999850988,22.27298,27.362895199999972,60.0,318.7859,420.9521,415.8299
amd-ryzen-5 · chrome|s5|036_r3f-ref-central_i8,amd-ryzen-5 · chrome,r3f-ref-central,100,2840.0,3000.28,946.5783193564839,956.9377991112895,535.7313689979634,659.2539288754073,1.0564366197187296,1.0449999999254942,0.16992154559650677,1.3300000000745058,1.5980499993078416,2.4700000006705523,0.0,0.0,0.0800000000745058,0.1699999999254942,0.5949999988079071,0.8810999998636556,0.34999999962747097,0.06704,1.1000280000000067,2836.0,11.5386,17.0056,16.0811
amd-ryzen-5 · chrome|s5|036_r3f-ref-central_i8,amd-ryzen-5 · chrome,r3f-ref-central,141,2372.0,3000.19,790.6165942824996,800.0,505.99494004977015,584.8387976093545,1.2648355817873012,1.25,0.184013763951658,1.5700000002980232,1.7899999991059303,2.7600000016391277,0.0,0.0,0.0949999988079071,0.17500000074505806,0.7800000011920929,1.099999999627471,0.35500000044703484,0.08736,1.4088619999999987,2366.0,18.9696,22.3163,20.3838
amd-ryzen-5 · chrome|s5|036_r3f-ref-central_i8,amd-ryzen-5 · chrome,r3f-ref-central,200,1942.0,3001.015,647.114392963987,651.465797982361,449.8106060582258,499.11240319398826,1.5453218331610368,1.5350000001490116,0.20760790612805816,1.8947499996051183,2.0879500006139273,2.780000001192093,0.0,0.0,0.1100000012665987,0.18794999990612227,1.0625,1.4979499996639785,0.34000000171363354,0.15104,1.1575420000000003,1936.0,15.4135,25.7393,25.7393
amd-ryzen-5 · chrome|s5|036_r3f-ref-central_i8,amd-ryzen-5 · chrome,r3f-ref-central,283,1403.0,3000.27,467.62458045449546,468.38407499048805,286.8558549237,356.1162974190506,2.138467569493623,2.1349999997764826,0.3038591010175641,2.5750000009313228,2.7844000001251703,6.269999999552965,0.0,0.0,0.19999999925494194,0.3098999986797572,1.5600000005215406,2.044899999946356,0.35500000044703484,0.17904,1.364730799999994,1398.0,26.6609,28.0014,20.1104
amd-ryzen-5 · chrome|s5|036_r3f-ref-central_i8,amd-ryzen-5 · chrome,r3f-ref-central,400,1122.0,3001.14,373.85793398524345,378.7878787023579,232.45984783384895,280.3293870263097,2.67481283422347,2.6400000005960464,0.4139389029967735,3.2747500004246834,3.550000000745058,6.974999999627471,0.0,0.0,0.25500000081956387,0.383949999604374,2.005000000819564,2.783949999976903,0.34500000067055225,0.26384,2.0098832,1118.0,27.2369,28.4177,26.3701
amd-ryzen-5 · chrome|s5|036_r3f-ref-central_i8,amd-ryzen-5 · chrome,r3f-ref-central,566,889.0,3000.54,296.2800029327098,302.11480357777486,206.34511221244753,229.09507446416438,3.3751856018008644,3.3100000005215406,0.3045751811142538,3.8929999999701974,4.62299999922514,5.099999999627471,0.0,0.0,0.2800000011920929,0.4550000000745058,2.7400000002235174,3.8611999993771313,0.28499999828636646,0.1912,0.30320319999999973,888.0,30.9222,44.6209,44.6209
amd-ryzen-5 · chrome|s5|036_r3f-ref-central_i8,amd-ryzen-5 · chrome,r3f-ref-central,800,646.0,3004.485,215.01189055699334,221.3613724368583,148.60681113865508,161.2984525409719,4.650905572754495,4.517500000074506,0.7338864318909878,5.8637500000186265,6.320999999530608,7.139999998733401,0.0,0.0,0.46749999932944775,0.6749999999068678,3.7100000008940697,5.375,0.3349999990314245,0.5464,3.6207184000000074,643.0,23.9389,35.3067,35.3067
amd-ryzen-5 · chrome|s5|036_r3f-ref-central_i8,amd-ryzen-5 · chrome,r3f-ref-central,1131,498.0,3000.745,165.95878690129817,171.2328767166979,100.6922592787906,129.4707881539953,6.025592369476266,5.839999999850988,0.5867561651203062,6.750749999843538,8.062199999708676,13.865000000223517,0.0,0.0,0.6150000002235174,0.805299999695271,4.950000001117587,6.648400000575922,0.27499999944120646,2.07564,2.782587200000004,497.0,50.8608,51.7537,49.3928
amd-ryzen-5 · chrome|s5|036_r3f-ref-central_i8,amd-ryzen-5 · chrome,r3f-ref-central,1600,398.0,3005.86,132.40802964869698,137.2683596402945,86.98173384002824,92.85051067743686,7.55241206030469,7.285000000149012,1.033027311760446,9.784249999653547,11.025600000359118,11.81499999947846,0.0,0.0,0.7050000000745058,1.1154500002413985,6.294999999925494,9.66270000014454,0.2900000009685755,3.59848,5.822684,396.0,33.8799,47.8,47.8
amd-ryzen-5 · chrome|s5|036_r3f-ref-central_i8,amd-ryzen-5 · chrome,r3f-ref-central,2263,267.0,3010.445,88.69120678171286,91.99632016989452,69.06077348741458,74.15647015214682,11.275074906368157,10.869999997317791,0.7901059901153427,12.954000001400708,13.536200000122186,14.674999997019768,0.0,0.0,1.0299999974668026,1.4897000011801669,9.594999998807907,11.860100000649691,0.26999999955296516,6.266959999999999,7.370614000000002,266.0,66.9957,81.0263,81.0263
amd-ryzen-5 · chrome|s5|036_r3f-ref-central_i8,amd-ryzen-5 · chrome,r3f-ref-central,3200,199.0,3008.515,66.14559010008611,67.79661016949153,54.20054200760881,56.802044874844114,15.118165829148724,14.75,0.8896445650180039,16.78049999959767,18.064899998754264,18.449999999254942,0.07537688442211055,0.0,1.2300000004470348,2.270199999585748,13.260000001639128,16.040299999117853,0.26000000163912773,10.3353,12.2663972,198.0,51.8121,67.3195,67.3195
amd-ryzen-5 · chrome|s5|036_r3f-ref-central_i8,amd-ryzen-5 · chrome,r3f-ref-central,4525,137.0,3023.025,45.318844534828095,45.78754578785819,38.095238095238095,38.95850918730044,22.065875912425074,21.83999999985099,1.4702928252561707,24.612999998778104,26.124400000721213,26.25,1.0,0.0,1.7399999983608723,3.0858000014722333,19.699999999254942,23.291999998390676,0.32499999925494194,15.56114,18.023206,136.0,119.6793,124.3958,120.9302
amd-ryzen-5 · chrome|s5|036_r3f-ref-central_i8,amd-ryzen-5 · chrome,r3f-ref-central,6400,99.0,3026.32,32.712997964561616,32.96522169419258,26.30886608673708,27.601435274293713,30.56888888885427,30.33499999716878,2.198971878848573,34.53499999940395,36.6674000006169,38.01000000163913,1.0,0.09090909090909091,2.169999998062849,4.076399999260902,27.79000000283122,32.25820000089704,0.3349999971687794,22.637700000000002,26.1802628,98.0,85.2195,98.279,98.279
amd-ryzen-5 · chrome|s5|036_r3f-ref-central_i8,amd-ryzen-5 · chrome,r3f-ref-central,9051,67.0,3007.715,22.27604676640018,22.27171492278814,18.547713994557785,19.385480275404483,44.891268656714196,44.899999998509884,2.694948886803021,49.361500000953676,51.74359999969603,53.91499999910593,1.0,1.0,3.644999999552965,5.616799998730423,40.79999999701977,47.215199998021134,0.3499999977648258,33.1356,36.78037199999999,66.0,207.8878,220.848,220.848
amd-ryzen-5 · chrome|s5|036_r3f-ref-central_i8,amd-ryzen-5 · chrome,r3f-ref-central,12800,61.0,3758.48,16.229965305121418,16.402854096652902,12.649421289023715,13.316170269483356,61.61442622951552,60.96499999985099,4.42420944891825,68.62000000104308,75.88399999961256,79.05499999970198,1.0,1.0,3.675000000745058,7.6630000002682195,54.54999999701977,65.18199999853968,0.4049999974668026,49.048019999999994,53.2451056,60.0,282.5366,289.7794,287.8217
amd-ryzen-5 · chrome|s5|036_r3f-ref-central_i8,amd-ryzen-5 · chrome,r3f-ref-central,18102,61.0,5288.11,11.535312238211171,11.726078799597849,10.203040505900173,10.279429148945367,86.69032786884269,85.2799999974668,4.731327497848211,95.625,97.76400000154972,98.01000000163913,1.0,1.0,5.345000002533197,9.027999998629086,78.18500000238419,87.11099999994039,0.4399999976158142,70.62110000000001,77.0431612,60.0,519.2969,540.1539,531.7858
amd-ryzen-5 · firefox|s5|005_r3f-ref_i1,amd-ryzen-5 · firefox,r3f-ref,100,1252.0,3000.08,417.32220474120686,420.16806722687147,256.41025641025544,279.10326820923643,2.3962300319488823,2.380000000000109,0.5832058139143782,3.380000000000109,3.700000000000273,4.579999999999927,0.0,0.0,0.1000000000003638,0.1999999999998181,0.8800000000001091,1.2400000000000047,1.3899999999998727,,,0.0,,,
amd-ryzen-5 · firefox|s5|005_r3f-ref_i1,amd-ryzen-5 · firefox,r3f-ref,141,1159.0,3003.32,385.9062637348002,384.6153846153308,247.41340530813181,264.10897970530925,2.5913028472821393,2.600000000000364,0.6137764502076886,3.600000000000364,3.9084000000003485,4.260000000000218,0.0,0.0,0.15999999999985448,0.23999999999978172,1.1799999999993815,1.548400000000294,1.2600000000002183,,,0.0,,,
amd-ryzen-5 · firefox|s5|005_r3f-ref_i1,amd-ryzen-5 · firefox,r3f-ref,200,1041.0,3003.58,346.5864068877806,349.6503496502785,171.35023989033948,231.95646355606692,2.885283381364073,2.860000000000582,0.7001149228481649,3.8400000000001455,4.092000000000187,12.840000000000146,0.0,0.0,0.15999999999985448,0.28000000000065484,1.4200000000000728,2.0560000000001257,1.2600000000002183,,,0.0,,,
amd-ryzen-5 · firefox|s5|005_r3f-ref_i1,amd-ryzen-5 · firefox,r3f-ref,283,875.0,3000.2,291.6472235184322,292.3976608185517,211.08179419523242,224.61345591305576,3.428799999999999,3.4200000000018917,0.478953665057873,4.259999999998945,4.56000000000131,4.959999999999127,0.0,0.0,0.2800000000024738,0.5,2.040000000000873,2.765200000001205,1.0400000000008731,,,0.0,,,
amd-ryzen-5 · firefox|s5|005_r3f-ref_i1,amd-ryzen-5 · firefox,r3f-ref,400,747.0,3000.28,248.97676216886433,250.0,165.17225106183182,186.66128544041862,4.0164390896921,4.0,0.5244536643821777,4.98000000000211,5.470799999999362,8.279999999998836,0.0,0.0,0.4000000000014552,0.5999999999985448,2.5800000000017462,3.5200000000004366,0.8599999999969441,,,0.0,,,
amd-ryzen-5 · firefox|s5|005_r3f-ref_i1,amd-ryzen-5 · firefox,r3f-ref,566,599.0,3001.2,199.58683193389305,203.25203252024704,147.40566037735027,160.11484098938732,5.01035058430718,4.920000000001892,0.4315218197248366,5.8400000000001455,6.56000000000131,6.93999999999869,0.0,0.0,0.5599999999976717,0.7600000000020373,3.8799999999973807,5.080400000001682,0.3599999999969441,,,0.0,,,
amd-ryzen-5 · firefox|s5|005_r3f-ref_i1,amd-ryzen-5 · firefox,r3f-ref,800,482.0,3006.14,160.33850718862067,162.86644951141608,116.89070718877451,128.93521005694174,6.236804979253111,6.139999999999418,0.5010829844587378,7.258999999998378,8.099999999998545,9.319999999999709,0.0,0.0,0.6599999999998545,1.0,5.099999999998545,6.683800000000374,0.3400000000001455,,,0.0,,,
amd-ryzen-5 · firefox|s5|005_r3f-ref_i1,amd-ryzen-5 · firefox,r3f-ref,1131,351.0,3003.34,116.86988486152097,118.48341232234434,98.36065573772838,102.53317249699602,8.556524216524206,8.439999999995052,0.41765111736986743,9.390000000003056,10.079999999998108,10.19999999999709,0.0,0.0,0.819999999999709,1.0999999999985448,7.360000000000582,8.780000000002474,0.2400000000052387,,,0.0,,,
amd-ryzen-5 · firefox|s5|005_r3f-ref_i1,amd-ryzen-5 · firefox,r3f-ref,1600,264.0,3007.32,87.78580264155461,90.25270758121322,69.83240223465603,72.2382751722667,11.391363636363636,11.080000000001746,0.7787684268784092,13.16800000000003,14.10739999999736,14.439999999995052,0.0,0.0,1.1000000000058208,1.5199999999994906,9.659999999996217,12.21919999999751,0.33999999999650754,,,0.0,,,
amd-ryzen-5 · firefox|s5|005_r3f-ref_i1,amd-ryzen-5 · firefox,r3f-ref,2263,185.0,3014.7,61.36597339702117,63.37135614702622,43.516100957361935,50.956856528140854,16.2956756756757,15.779999999998836,1.110398823133055,18.135999999997146,20.583199999995408,22.979999999995925,0.2702702702702703,0.0,1.5800000000017462,2.1455999999959015,13.939999999995052,18.514400000001764,0.26000000000203727,,,0.0,,,
amd-ryzen-5 · firefox|s5|005_r3f-ref_i1,amd-ryzen-5 · firefox,r3f-ref,3200,134.0,3011.3,44.49905356490548,45.62043795620044,38.31417624521286,39.21568627450794,22.472388059701515,21.92000000000189,1.0762222840422715,24.90099999999911,25.81420000000318,26.099999999998545,1.0,0.0,2.1599999999962165,3.020399999999207,19.459999999999127,22.554799999998718,0.3000000000029104,,,0.0,,,
amd-ryzen-5 · firefox|s5|005_r3f-ref_i1,amd-ryzen-5 · firefox,r3f-ref,4525,96.0,3015.2,31.838684001061242,32.39390994493142,25.188916876571536,27.233115468410073,31.408333333333378,30.86999999999898,1.4811280670073952,34.86499999999978,36.75499999999883,39.700000000004366,1.0,0.10416666666666667,3.040000000000873,4.420999999998093,27.540000000000873,32.11000000000457,0.2400000000052387,,,0.0,,,
amd-ryzen-5 · firefox|s5|005_r3f-ref_i1,amd-ryzen-5 · firefox,r3f-ref,6400,61.0,3070.34,19.86750653022143,19.97602876548235,18.69158878504673,18.830027617373872,50.33344262295076,50.05999999999767,0.7565246972085115,51.720000000001164,53.30800000000018,53.5,1.0,1.0,4.739999999997963,5.136000000000058,40.18000000000029,44.15999999999912,5.139999999999418,,,0.0,,,
amd-ryzen-5 · firefox|s5|005_r3f-ref_i1,amd-ryzen-5 · firefox,r3f-ref,9051,61.0,4371.84,13.95293514858731,14.430014430016854,10.271158586688516,11.109465264405237,71.66950819672137,69.29999999998836,5.772756252787265,85.58000000000175,90.78400000000109,97.36000000000058,1.0,1.0,6.460000000006403,7.207999999992898,57.26000000000931,64.61199999999953,5.459999999991851,,,0.0,,,
amd-ryzen-5 · firefox|s5|005_r3f-ref_i1,amd-ryzen-5 · firefox,r3f-ref,12800,61.0,6201.98,9.835568640982402,10.324179227751332,8.519338899302133,8.597959417631591,101.67180327868846,96.86000000000058,7.342965229432395,113.72000000000116,117.00800000000163,117.3799999999901,1.0,1.0,9.179999999993015,9.963999999998487,82.22000000000116,88.29199999999837,5.600000000005821,,,0.0,,,
amd-ryzen-5 · firefox|s5|006_r3f-ref-central_i1,amd-ryzen-5 · firefox,r3f-ref-central,100,1245.0,3002.6,414.64064477452877,431.03448275867476,158.14443858724184,243.84488319043564,2.411726907630522,2.319999999999709,0.7436046662287227,3.39599999999973,3.8224000000001594,11.680000000000291,0.0,0.0,0.07999999999992724,0.14000000000032742,0.8800000000001091,1.4200000000000728,1.3800000000001091,,,0.0,,,
amd-ryzen-5 · firefox|s5|006_r3f-ref-central_i1,amd-ryzen-5 · firefox,r3f-ref-central,141,1160.0,3000.28,386.63058114575966,390.62499999993895,240.59492563429916,258.78993396394276,2.5864482758620695,2.5600000000004,0.6348361068561341,3.6599999999998998,3.9564000000001247,4.479999999999563,0.0,0.0,0.0999999999994543,0.15999999999985448,1.1300000000001091,1.6682000000000352,1.3200000000006185,,,0.0,,,
amd-ryzen-5 · firefox|s5|006_r3f-ref-central_i1,amd-ryzen-5 · firefox,r3f-ref-central,200,1041.0,3003.44,346.6025623951204,352.11267605631997,162.28497241156694,225.18621167503005,2.8851488952929865,2.8400000000001455,0.7808543163649533,3.860000000000582,4.3400000000001455,13.100000000000364,0.0,0.0,0.09999999999854481,0.18000000000029104,1.4200000000000728,2.1599999999998545,1.2999999999992724,,,0.0,,,
amd-ryzen-5 · firefox|s5|006_r3f-ref-central_i1,amd-ryzen-5 · firefox,r3f-ref-central,283,878.0,3003.56,292.31978052710787,294.1176470586976,203.4587995930745,219.11944557685305,3.420911161731207,3.400000000001455,0.5059762243892136,4.263000000001557,4.73380000000063,5.100000000002183,0.0,0.0,0.2000000000007276,0.3400000000001455,2.100000000002183,2.864599999999846,1.0799999999999272,,,0.0,,,
amd-ryzen-5 · firefox|s5|006_r3f-ref-central_i1,amd-ryzen-5 · firefox,r3f-ref-central,400,756.0,3000.94,251.92106473305043,248.75621890544562,165.64126833884674,190.44677784639768,3.969497354497353,4.020000000000437,0.5355042297923717,4.800000000000182,5.389000000001216,8.540000000000873,0.0,0.0,0.2599999999983993,0.4000000000014552,2.6200000000026193,3.5799999999981083,1.0,,,0.0,,,
amd-ryzen-5 · firefox|s5|006_r3f-ref-central_i1,amd-ryzen-5 · firefox,r3f-ref-central,566,603.0,3002.74,200.81658751673484,204.0816326530006,143.74700527073054,154.14654197924528,4.979668325041456,4.900000000001455,0.5272393053992013,6.077999999998428,6.679600000000283,7.099999999998545,0.0,0.0,0.3400000000001455,0.5200000000004366,3.860000000000582,5.319999999999709,0.5200000000004366,,,0.0,,,
amd-ryzen-5 · firefox|s5|006_r3f-ref-central_i1,amd-ryzen-5 · firefox,r3f-ref-central,800,492.0,3002.28,163.87545465446266,166.11295681066937,122.62415695893841,134.04825737265895,6.102195121951217,6.019999999998618,0.4739022673490059,7.048999999999432,7.65619999999944,8.340000000000146,0.0,0.0,0.41999999999825377,0.6018000000018942,5.239999999997963,6.703400000000141,0.3400000000001455,,,0.0,,,
amd-ryzen-5 · firefox|s5|006_r3f-ref-central_i1,amd-ryzen-5 · firefox,r3f-ref-central,1131,369.0,3007.42,122.69653058102936,124.06947890811243,99.93337774817854,105.59662090813148,8.150189701897034,8.060000000004948,0.48048686450189193,9.040000000000873,9.632000000000406,10.459999999999127,0.0,0.0,0.5200000000040745,0.7464000000018858,7.299999999995634,8.680000000000291,0.2400000000052387,,,0.0,,,
amd-ryzen-5 · firefox|s5|006_r3f-ref-central_i1,amd-ryzen-5 · firefox,r3f-ref-central,1600,277.0,3004.6,92.19197230912606,94.5179584121477,73.15288953912668,76.87758722648725,10.846931407942233,10.57999999999447,0.7516828745083266,12.604000000003724,13.154400000000606,13.92000000000553,0.0,0.0,0.7200000000011642,0.9496000000025382,9.540000000000873,11.899199999997801,0.33999999999650754,,,0.0,,,
amd-ryzen-5 · firefox|s5|006_r3f-ref-central_i1,amd-ryzen-5 · firefox,r3f-ref-central,2263,189.0,3006.22,62.86965025846409,64.35006435006073,49.80079681274467,54.04107121412009,15.905925925925931,15.540000000000873,0.9560506167132686,17.651999999997496,18.642399999999906,20.080000000001746,0.20634920634920634,0.0,1.0200000000040745,1.4000000000014552,14.279999999998836,17.220000000001164,0.26000000000203727,,,0.0,,,
amd-ryzen-5 · firefox|s5|006_r3f-ref-central_i1,amd-ryzen-5 · firefox,r3f-ref-central,3200,137.0,3017.7,45.39881366603698,46.33920296570524,37.48125937031443,39.478878799843145,22.027007299270103,21.580000000001746,0.9927815684192964,24.45199999999895,25.443200000000065,26.68000000000029,1.0,0.0,1.3400000000037835,1.8128000000008613,19.94000000000233,23.385600000001425,0.2999999999956344,,,0.0,,,
amd-ryzen-5 · firefox|s5|006_r3f-ref-central_i1,amd-ryzen-5 · firefox,r3f-ref-central,4525,97.0,3006.34,32.26514632410169,32.65839320705918,28.216704288937198,28.706760442083333,30.9931958762887,30.619999999995343,1.1217504423819178,33.82400000000198,34.960000000002324,35.44000000000233,1.0,0.061855670103092786,1.9000000000014552,2.1672000000035028,28.299999999995634,32.61759999999863,0.2400000000052387,,,0.0,,,
amd-ryzen-5 · firefox|s5|006_r3f-ref-central_i1,amd-ryzen-5 · firefox,r3f-ref-central,6400,62.0,3019.86,20.530753081268664,20.63983488132064,18.94657067070902,19.2554557124515,48.70741935483872,48.45000000000073,0.8803369985944566,50.09899999999834,52.584799999999014,52.779999999998836,1.0,1.0,3.0800000000017462,3.4400000000023283,41.18000000000029,45.0297999999996,4.119999999998981,,,0.0,,,
amd-ryzen-5 · firefox|s5|006_r3f-ref-central_i1,amd-ryzen-5 · firefox,r3f-ref-central,9051,61.0,4249.12,14.35591369507097,14.775413711582273,11.873664212775898,11.98944928462947,69.65770491803283,67.68000000000757,4.728343047848934,82.18000000000029,83.54799999999959,84.22000000000116,1.0,1.0,4.379999999997381,4.912000000000989,57.879999999990105,64.4240000000078,5.69999999999709,,,0.0,,,
amd-ryzen-5 · firefox|s5|006_r3f-ref-central_i1,amd-ryzen-5 · firefox,r3f-ref-central,12800,61.0,6032.54,10.11182685900136,10.579771476935642,8.380824673147346,8.756056272254725,98.89409836065563,94.52000000000407,7.309124292519628,111.33999999999651,114.77200000000593,119.32000000000698,1.0,1.0,5.6599999999889405,6.523999999999068,83.34000000001106,91.11999999999826,5.179999999993015,,,0.0,,,
amd-ryzen-5 · firefox|s5|007_r3f-state_i1,amd-ryzen-5 · firefox,r3f-state,100,1082.0,3002.42,360.3759633895325,287.3563218390602,145.3488372093029,180.7591885920869,2.774879852125693,3.4800000000002456,1.5328272338237883,4.760000000000195,6.178999999999843,8.539999999999964,0.0,0.0,0.11999999999989086,0.2599999999998499,0.7399999999997817,1.1999999999999045,2.650000000000091,,,0.0,,,
amd-ryzen-5 · firefox|s5|007_r3f-state_i1,amd-ryzen-5 · firefox,r3f-state,141,922.0,3001.32,307.19816614023165,245.09803921566333,123.18642211880578,149.37004805819024,3.255227765726681,4.080000000000382,1.9709952738014238,5.760000000000218,7.557999999998958,9.100000000000364,0.0,0.0,0.13999999999941792,0.24000000000050023,0.8799999999991996,1.2999999999992724,3.180000000000291,,,0.0,,,
amd-ryzen-5 · firefox|s5|007_r3f-state_i1,amd-ryzen-5 · firefox,r3f-state,200,751.0,3002.12,250.15655603373625,187.96992481197609,100.69044879171135,117.70694152828209,3.997496671105192,5.320000000001528,2.4815610392766896,7.230000000000473,9.519999999999527,11.020000000000437,0.0,0.0,0.15999999999985448,0.28000000000065484,1.139999999999418,1.7099999999991269,4.059999999999491,,,0.0,,,
amd-ryzen-5 · firefox|s5|007_r3f-state_i1,amd-ryzen-5 · firefox,r3f-state,283,573.0,3001.04,190.93380961266766,144.09221902016233,78.71536523929868,87.09175738725024,5.237417102966839,6.940000000000509,3.3282888401839017,9.887999999999737,12.245599999998085,13.919999999998254,0.0,0.0,0.2000000000007276,0.44560000000143135,1.5200000000004366,2.342399999999177,5.240000000001601,,,0.0,,,
amd-ryzen-5 · firefox|s5|007_r3f-state_i1,amd-ryzen-5 · firefox,r3f-state,400,413.0,3001.3,137.60703695065476,142.85714285714286,50.39052658099982,60.598715307235324,7.267070217917674,7.0,4.657002076152696,14.768000000000756,16.287999999999446,24.780000000002474,0.007263922518159807,0.0,0.32000000000334694,0.680000000000291,2.2599999999983993,3.832799999999988,0.8799999999973807,,,0.0,,,
amd-ryzen-5 · firefox|s5|007_r3f-state_i1,amd-ryzen-5 · firefox,r3f-state,566,210.0,3008.02,69.81336560262231,75.98784194528959,39.20031360250849,47.89730817128187,14.323904761904764,13.159999999999854,2.443327793929748,18.979999999999563,20.291200000003045,25.599999999998545,0.18571428571428572,0.0,0.2999999999992724,0.42000000000189175,3.2000000000007276,8.838200000000105,9.6299999999992,,,0.0,,,
amd-ryzen-5 · firefox|s5|007_r3f-state_i1,amd-ryzen-5 · firefox,r3f-state,800,136.0,3015.6,45.098819472078546,45.599635202917774,31.989763275749674,33.274179236912886,22.173529411764694,21.93000000000029,3.097300025987158,28.590000000001055,30.572999999997954,31.260000000002037,1.0,0.0,0.41999999999825377,5.16799999999931,4.420000000001892,5.873000000000866,17.05000000000109,,,0.0,,,
amd-ryzen-5 · firefox|s5|007_r3f-state_i1,amd-ryzen-5 · firefox,r3f-state,1131,94.0,3001.84,31.314127335234424,33.333333333333336,21.523891519587146,23.073373327180356,31.934468085106346,30.0,3.864508931794192,40.00699999999888,45.58579999999696,46.45999999999913,1.0,0.2765957446808511,0.7000000000043656,6.619799999994117,6.540000000000873,8.304800000001991,22.520000000000437,,,0.0,,,
amd-ryzen-5 · firefox|s5|007_r3f-state_i1,amd-ryzen-5 · firefox,r3f-state,1600,67.0,3013.54,22.232988445482714,23.062730627305964,16.307893020221865,16.711229946523684,44.97820895522389,43.36000000000058,5.099829743258523,56.91399999999921,60.5676000000001,61.31999999999971,1.0,1.0,0.9400000000023283,3.955200000000187,9.740000000005239,13.048799999998167,32.5,,,0.0,,,
amd-ryzen-5 · firefox|s5|007_r3f-state_i1,amd-ryzen-5 · firefox,r3f-state,2263,61.0,3871.0,15.758202014983208,16.605778811025917,11.096316023080014,11.627906976744185,63.459016393442624,60.220000000001164,7.421734232401162,78.4800000000032,87.04800000000104,90.12000000000262,1.0,1.0,1.360000000000582,6.7759999999980085,14.099999999998545,19.667999999994937,44.69999999999709,,,0.0,,,
amd-ryzen-5 · firefox|s5|007_r3f-state_i1,amd-ryzen-5 · firefox,r3f-state,3200,61.0,5261.14,11.594445310331983,12.124151309407871,8.141996417521595,8.475055087857994,86.24819672131147,82.4800000000032,10.517654603601102,112.19999999999709,119.10000000000144,122.81999999999971,1.0,1.0,1.639999999999418,5.19999999999709,20.459999999999127,24.912000000002443,59.84000000000378,,,0.0,,,
amd-ryzen-5 · firefox|s5|008_threejs_i1,amd-ryzen-5 · firefox,threejs,100,1201.0,3001.84,400.08794605975,403.22580645160997,257.17959708529247,271.9854941069813,2.4994504579517063,2.480000000000018,0.5986852521026624,3.519999999999527,3.799999999999727,4.139999999999873,0.0,0.0,0.07999999999992724,0.16000000000008185,0.8400000000001455,1.2799999999997453,1.5200000000004366,,,0.0,,,
amd-ryzen-5 · firefox|s5|008_threejs_i1,amd-ryzen-5 · firefox,threejs,141,1128.0,3001.02,375.87220345082676,375.9398496240807,228.97585345545397,246.0456942003501,2.660478723404255,2.6599999999998545,0.7975193024004783,3.880000000000109,4.17459999999951,4.819999999999709,0.0,0.0,0.1000000000003638,0.18000000000029104,1.0,1.5200000000004366,1.480000000000473,,,0.0,,,
amd-ryzen-5 · firefox|s5|008_threejs_i1,amd-ryzen-5 · firefox,threejs,200,1002.0,3000.52,333.942116699772,334.4481605351415,215.42438604047413,229.14757103573862,2.994530938123753,2.9899999999997817,0.7599697858898606,4.138999999999486,4.480000000001365,5.0,0.0,0.0,0.18000000000029104,0.23999999999978172,1.4400000000005093,1.9797999999995775,1.3000000000010914,,,0.0,,,
amd-ryzen-5 · firefox|s5|008_threejs_i1,amd-ryzen-5 · firefox,threejs,283,873.0,3000.12,290.9883604655813,290.69767441871534,195.7905041605367,214.16475744595618,3.4365635738831624,3.4399999999986903,0.5861983831482835,4.368000000000756,4.865600000000704,5.56000000000131,0.0,0.0,0.2000000000007276,0.2999999999992724,2.0,2.811200000002135,1.2000000000007276,,,0.0,,,
amd-ryzen-5 · firefox|s5|008_threejs_i1,amd-ryzen-5 · firefox,threejs,400,746.0,3002.72,248.4414131187722,247.52475247519402,173.01038062285667,188.79477497703186,4.025093833780162,4.040000000000873,0.563746627164865,4.960000000002765,5.570999999997911,5.979999999999563,0.0,0.0,0.23999999999796273,0.3600000000005821,2.599999999998545,3.6199999999989814,1.0800000000017462,,,0.0,,,
amd-ryzen-5 · firefox|s5|008_threejs_i1,amd-ryzen-5 · firefox,threejs,566,602.0,3004.34,200.37678824633696,203.25203252039734,139.1465677180113,153.09246785058528,4.990598006644518,4.919999999998254,0.533468206472482,5.9589999999992855,6.899199999997837,7.599999999998545,0.0,0.0,0.2800000000024738,0.4399999999986903,3.860000000000582,5.1599999999998545,0.6399999999994179,,,0.0,,,
amd-ryzen-5 · firefox|s5|008_threejs_i1,amd-ryzen-5 · firefox,threejs,800,494.0,3002.18,164.54709577706865,166.66666666666666,122.47397428045231,130.96147549928915,6.077287449392713,6.0,0.5057542420096687,7.147000000001935,7.809799999999231,8.340000000000146,0.0,0.0,0.2999999999992724,0.4614000000025406,5.319999999999709,7.067000000001207,0.3400000000001455,,,0.0,,,
amd-ryzen-5 · firefox|s5|008_threejs_i1,amd-ryzen-5 · firefox,threejs,1131,379.0,3001.78,126.25842000413093,128.20512820519997,95.54140127388092,103.8901073531097,7.920263852242741,7.799999999995634,0.6219162519001508,9.141999999999825,10.073200000004434,10.62000000000262,0.0,0.0,0.37999999999738066,0.5800000000017462,7.139999999999418,9.393199999998467,0.23999999999796273,,,0.0,,,
amd-ryzen-5 · firefox|s5|008_threejs_i1,amd-ryzen-5 · firefox,threejs,1600,288.0,3000.08,95.9974400682648,98.32841691246942,73.26007326008498,80.0,10.41694444444445,10.170000000001892,0.802188016382397,12.020000000004075,12.924199999996926,13.900000000001455,0.0,0.0,0.5,0.7826000000047496,9.319999999999709,12.02860000000015,0.31999999999970896,,,0.0,,,
amd-ryzen-5 · firefox|s5|008_threejs_i1,amd-ryzen-5 · firefox,threejs,2263,214.0,3012.78,71.03074237083361,73.31378299120547,55.928411633106435,59.13660555883889,14.078411214953265,13.639999999999418,0.9072329592310249,15.868000000004395,17.228800000001357,18.080000000001746,0.03271028037383177,0.0,0.6600000000034925,1.0296000000006464,12.740000000005239,16.23319999999971,0.23999999999796273,,,0.0,,,
amd-ryzen-5 · firefox|s5|008_threejs_i1,amd-ryzen-5 · firefox,threejs,3200,147.0,3010.44,48.83007135169606,50.15045135405633,39.154267815190515,42.20935841775479,20.479183673469404,19.94000000000233,1.0976834325467308,22.34200000000128,24.38400000000081,25.540000000000873,1.0,0.0,0.9199999999982538,1.2924000000007796,18.700000000004366,23.04679999999876,0.3000000000029104,,,0.0,,,
amd-ryzen-5 · firefox|s5|008_threejs_i1,amd-ryzen-5 · firefox,threejs,4525,106.0,3014.14,35.167576821249185,36.271309394274304,13.583265417005766,23.877745940783022,28.43528301886792,27.56999999999607,4.71970665100283,31.159999999999854,40.381999999999636,73.62000000000262,1.0,0.018867924528301886,1.2700000000004366,1.6169999999958238,26.06999999999971,35.19300000000223,0.22000000000116415,,,0.0,,,
amd-ryzen-5 · firefox|s5|008_threejs_i1,amd-ryzen-5 · firefox,threejs,6400,65.0,3032.0,21.437994722955146,21.616947686989047,19.379844961238124,19.75503753457029,46.646153846153844,46.25999999999476,1.5028137071716394,49.67600000000093,50.80640000000247,51.60000000000582,1.0,1.0,2.4200000000055297,2.8848000000044705,38.0,41.62720000000059,5.759999999994761,,,0.0,,,
amd-ryzen-5 · firefox|s5|008_threejs_i1,amd-ryzen-5 · firefox,threejs,9051,61.0,3900.66,15.638379146093241,15.703517587941421,13.664935774803162,14.209928003032745,63.94524590163928,63.679999999993015,1.725591305953732,66.0799999999872,70.71999999998951,73.17999999999302,1.0,1.0,3.3999999999941792,3.9879999999960996,54.94000000000233,62.556000000002676,5.599999999998545,,,0.0,,,
amd-ryzen-5 · firefox|s5|008_threejs_i1,amd-ryzen-5 · firefox,threejs,12800,61.0,5487.88,11.115403398033475,11.16071428571356,10.42752867570449,10.435508557116636,89.96524590163942,89.60000000000582,1.873402970137636,95.21999999998661,95.85200000000187,95.89999999999418,1.0,1.0,4.440000000002328,5.535999999995693,78.73999999999069,86.61200000000244,5.759999999994761,,,0.0,,,
amd-ryzen-5 · firefox|s5|009_r3f-ref_i2,amd-ryzen-5 · firefox,r3f-ref,100,1248.0,3000.82,415.88632440466273,423.72881355929917,249.37655860349184,274.79833348107115,2.404503205128205,2.3600000000001273,0.5901076329230183,3.380000000000109,3.7800000000002,4.380000000000109,0.0,0.0,0.09999999999990905,0.2199999999997999,0.8800000000001091,1.2200000000002547,1.3999999999996362,,,0.0,,,
amd-ryzen-5 · firefox|s5|009_r3f-ref_i2,amd-ryzen-5 · firefox,r3f-ref,141,1146.0,3000.54,381.93125237457247,383.1417624520886,245.09803921567575,263.0607347240155,2.6182722513089014,2.6100000000001273,0.6325153080340951,3.6199999999989814,3.899999999999636,4.220000000001164,0.0,0.0,0.1400000000012369,0.22000000000116415,1.1599999999998545,1.5800000000004275,1.2999999999997272,,,0.0,,,
amd-ryzen-5 · firefox|s5|009_r3f-ref_i2,amd-ryzen-5 · firefox,r3f-ref,200,1018.0,3000.02,339.33107112619246,344.82758620683165,168.1802892700897,223.4537003932874,2.9469744597249514,2.9000000000005457,0.7439185635799044,3.963000000000738,4.356600000000508,12.899999999999636,0.0,0.0,0.15999999999985448,0.2800000000003456,1.4400000000005093,2.1599999999998545,1.2600000000002183,,,0.0,,,
amd-ryzen-5 · firefox|s5|009_r3f-ref_i2,amd-ryzen-5 · firefox,r3f-ref,283,867.0,3002.92,288.7189801926125,289.0173410402315,207.03933747410372,219.18646141298777,3.4635755478662054,3.460000000002765,0.5019220744538904,4.299999999999272,4.680000000000291,5.099999999998545,0.0,0.0,0.2800000000024738,0.45999999999974533,2.0799999999981083,2.766799999999749,1.0599999999976717,,,0.0,,,
amd-ryzen-5 · firefox|s5|009_r3f-ref_i2,amd-ryzen-5 · firefox,r3f-ref,400,741.0,3001.48,246.87820675133605,245.09803921579993,159.1632560254677,187.22801335896582,4.050580296896086,4.079999999998108,0.518659720861103,4.8400000000001455,5.520000000000439,9.419999999998254,0.0,0.0,0.3999999999978172,0.5719999999993892,2.6199999999989814,3.672000000000117,0.9000000000014552,,,0.0,,,
amd-ryzen-5 · firefox|s5|009_r3f-ref_i2,amd-ryzen-5 · firefox,r3f-ref,566,585.0,3001.66,194.89215967164836,200.8032128514232,139.89927252379084,149.4845360824714,5.131042735042735,4.979999999999563,0.5477554822875543,6.336000000000057,6.920000000001892,7.380000000001019,0.0,0.0,0.5400000000008731,0.8031999999993417,3.9199999999982538,5.379999999997962,0.4000000000014552,,,0.0,,,
amd-ryzen-5 · firefox|s5|009_r3f-ref_i2,amd-ryzen-5 · firefox,r3f-ref,800,480.0,3004.2,159.77631316157377,161.29032258062622,125.86532410318536,134.06323315830056,6.258750000000002,6.200000000000728,0.40495895304773705,7.0230000000005,7.644199999999509,8.200000000000728,0.0,0.0,0.6600000000016735,0.8642000000006733,5.1599999999998545,6.416800000001056,0.3599999999969441,,,0.0,,,
amd-ryzen-5 · firefox|s5|009_r3f-ref_i2,amd-ryzen-5 · firefox,r3f-ref,1131,346.0,3006.76,115.07403317857087,116.27906976746154,95.72431397573828,99.48501872659328,8.690057803468214,8.599999999998545,0.4316715030022495,9.540000000004511,10.275000000000365,10.519999999996799,0.0,0.0,0.8399999999965075,1.0929999999963917,7.509999999998399,9.001999999996405,0.2400000000052387,,,0.0,,,
amd-ryzen-5 · firefox|s5|009_r3f-ref_i2,amd-ryzen-5 · firefox,r3f-ref,1600,232.0,3011.48,77.03853254878011,78.36990595614503,58.54800936767551,61.21313299944699,12.980517241379292,12.759999999994761,1.3212429179322285,15.597000000004115,16.435199999998584,17.080000000001746,0.008620689655172414,0.0,1.2000000000043656,1.6676000000000202,11.099999999998545,14.566999999997568,0.37999999999738066,,,0.0,,,
amd-ryzen-5 · firefox|s5|009_r3f-ref_i2,amd-ryzen-5 · firefox,r3f-ref,2263,181.0,3001.02,60.31282697216286,62.26650062267403,48.87585532747032,50.51638976201481,16.58022099447512,16.05999999999767,1.1139618763677661,18.9800000000032,20.191999999999826,20.459999999999127,0.287292817679558,0.0,1.5999999999985448,2.155999999999766,14.160000000003492,18.007999999998717,0.26000000000203727,,,0.0,,,
amd-ryzen-5 · firefox|s5|009_r3f-ref_i2,amd-ryzen-5 · firefox,r3f-ref,3200,134.0,3017.68,44.40497335701598,45.269352648256834,35.186488388451984,37.49531308586331,22.520000000000003,22.090000000000146,1.1313097074345655,24.323999999999796,27.775599999999894,28.42000000000553,1.0,0.0,2.180000000000291,2.894000000000085,19.580000000001746,24.32199999999727,0.3000000000029104,,,0.0,,,
amd-ryzen-5 · firefox|s5|009_r3f-ref_i2,amd-ryzen-5 · firefox,r3f-ref,4525,92.0,3022.82,30.43515657564791,30.778701138810426,26.58160552897724,27.03067982159826,32.85673913043478,32.4900000000016,1.1694585097060743,36.24300000000003,37.164999999995345,37.61999999999534,1.0,0.13043478260869565,3.220000000001164,4.112600000005114,28.979999999995925,33.15060000000296,0.26000000000203727,,,0.0,,,
amd-ryzen-5 · firefox|s5|009_r3f-ref_i2,amd-ryzen-5 · firefox,r3f-ref,6400,61.0,3116.42,19.57374166511575,19.739439399919682,17.97914419273793,18.133462282398995,51.088852459016366,50.66000000000349,1.1864542389832067,54.54000000000087,55.27199999999866,55.61999999999534,1.0,1.0,5.0200000000040745,5.69600000000064,41.900000000001455,45.94799999999814,3.6199999999953434,,,0.0,,,
amd-ryzen-5 · firefox|s5|009_r3f-ref_i2,amd-ryzen-5 · firefox,r3f-ref,9051,61.0,4437.06,13.747842039548695,14.116318464145246,10.962508221881901,11.326738654383735,72.73868852459024,70.83999999999651,4.970593350030187,84.83999999999651,88.65199999999895,91.21999999999389,1.0,1.0,6.899999999994179,7.811999999999534,60.020000000004075,66.18799999999464,3.5600000000122236,,,0.0,,,
amd-ryzen-5 · firefox|s5|009_r3f-ref_i2,amd-ryzen-5 · firefox,r3f-ref,12800,61.0,6309.3,9.668267478167145,10.040160642569694,8.457374830852128,8.553344357643711,103.43114754098366,99.60000000000582,6.283388177929229,114.40000000000873,117.84400000000315,118.24000000000524,1.0,1.0,9.839999999996508,10.672000000000116,85.67999999999302,92.48800000000047,3.4199999999982538,,,0.0,,,
amd-ryzen-5 · firefox|s5|010_threejs_i2,amd-ryzen-5 · firefox,threejs,100,1202.0,3000.64,400.581209342007,406.50406504068195,251.15110925073506,270.05130974885856,2.496372712146423,2.459999999999809,0.606534624440552,3.4800000000004503,3.8600000000001273,4.199999999999818,0.0,0.0,0.0999999999994543,0.1797999999998412,0.8200000000006185,1.2200000000002547,1.5499999999997272,,,0.0,,,
amd-ryzen-5 · firefox|s5|010_threejs_i2,amd-ryzen-5 · firefox,threejs,141,1095.0,3003.1,364.6232226699077,364.9635036496641,126.67848999240722,204.51446750493338,2.742557077625571,2.7399999999997817,0.9949716541131315,3.9659999999998936,4.750799999999789,16.75999999999931,0.0009132420091324201,0.0,0.14000000000032742,0.23999999999978172,1.0799999999999272,1.8000000000002365,1.4599999999991269,,,0.0,,,
amd-ryzen-5 · firefox|s5|010_threejs_i2,amd-ryzen-5 · firefox,threejs,200,1013.0,3001.24,337.52715544241715,337.8378378379375,163.66612111292378,215.16481624924936,2.9627245804540965,2.959999999999127,0.8284695162083203,4.139999999999418,4.568000000000102,11.8799999999992,0.0,0.0,0.11999999999898137,0.2000000000007276,1.3400000000001455,2.057599999999438,1.4200000000000728,,,0.0,,,
amd-ryzen-5 · firefox|s5|010_threejs_i2,amd-ryzen-5 · firefox,threejs,283,856.0,3000.46,285.28958892969735,282.485875706145,186.39328984156538,209.6854717923142,3.505210280373833,3.540000000000873,0.6168172999044561,4.485000000002401,4.909000000000016,5.680000000000291,0.0,0.0,0.2599999999983993,0.3600000000005821,2.0200000000004366,2.8800000000010186,1.1900000000005093,,,0.0,,,
amd-ryzen-5 · firefox|s5|010_threejs_i2,amd-ryzen-5 · firefox,threejs,400,723.0,3004.16,240.6662760971453,241.54589371984073,133.99693721286891,173.74517374517924,4.155131396957123,4.139999999999418,0.6965316355170641,4.997999999999956,5.675600000000195,17.2400000000016,0.0013831258644536654,0.0,0.31999999999970896,0.47999999999956344,2.7999999999992724,3.966800000000074,0.9000000000014552,,,0.0,,,
amd-ryzen-5 · firefox|s5|010_threejs_i2,amd-ryzen-5 · firefox,threejs,566,591.0,3005.16,196.66174180409698,199.2031872509787,144.25851125217963,154.10776915719268,5.0848730964467,5.020000000000437,0.5157077833098933,6.149999999999636,6.604000000001907,7.179999999996653,0.0,0.0,0.3400000000001455,0.539999999997599,3.959999999999127,5.22199999999757,0.5,,,0.0,,,
amd-ryzen-5 · firefox|s5|010_threejs_i2,amd-ryzen-5 · firefox,threejs,800,478.0,3004.84,159.07668960743334,160.77170418003422,119.47431302268869,129.8994691065086,6.286276150627615,6.220000000001164,0.49358223269929863,7.103000000001702,8.021399999999634,8.56000000000131,0.0,0.0,0.3600000000005821,0.579999999998945,5.510000000000218,7.193800000000594,0.31999999999970896,,,0.0,,,
amd-ryzen-5 · firefox|s5|010_threejs_i2,amd-ryzen-5 · firefox,threejs,1131,369.0,3004.8,122.80351437699699,125.31328320796977,98.81422924905732,103.73443983401377,8.143089430894298,7.980000000003201,0.5521521087703624,9.29200000000128,9.72639999999752,10.339999999996508,0.0,0.0,0.3600000000005821,0.5463999999998486,7.399999999994179,8.986400000002178,0.23999999999796273,,,0.0,,,
amd-ryzen-5 · firefox|s5|010_threejs_i2,amd-ryzen-5 · firefox,threejs,1600,280.0,3003.64,93.22022612563426,94.87666034154812,71.32667617688793,79.29315813321682,10.727285714285712,10.540000000000873,0.5980959547774012,11.984000000002926,13.032600000002056,14.040000000000873,0.0,0.0,0.5,0.7399999999979627,9.719999999997526,12.005199999996472,0.31999999999970896,,,0.0,,,
amd-ryzen-5 · firefox|s5|010_threejs_i2,amd-ryzen-5 · firefox,threejs,2263,197.0,3010.3,65.4419825266584,67.47638326585827,53.99568034558169,55.94231725509787,15.280710659898492,14.819999999999709,0.9136188988772744,17.327999999999882,18.061599999997707,18.5199999999968,0.09644670050761421,0.0,0.6999999999970896,1.0608000000048194,13.880000000004657,17.082400000001652,0.2599999999947613,,,0.0,,,
amd-ryzen-5 · firefox|s5|010_threejs_i2,amd-ryzen-5 · firefox,threejs,3200,145.0,3017.32,48.05589065793486,48.68549172348158,41.050903119867655,43.18322023442164,20.80910344827586,20.539999999993597,0.7347447754544848,22.13199999999924,23.54720000000176,24.360000000000582,1.0,0.0,0.9000000000014552,1.2400000000020373,19.30000000000291,22.212000000002156,0.3000000000029104,,,0.0,,,
amd-ryzen-5 · firefox|s5|010_threejs_i2,amd-ryzen-5 · firefox,threejs,4525,102.0,3000.44,33.99501406460383,35.06311360448754,27.517886626304236,28.656579550664308,29.416078431372572,28.520000000000437,1.8334127442607062,33.51700000000091,35.82880000000375,36.34000000000378,1.0,0.058823529411764705,1.2999999999956344,1.9380000000022837,26.909999999999854,33.230000000005234,0.2400000000052387,,,0.0,,,
amd-ryzen-5 · firefox|s5|010_threejs_i2,amd-ryzen-5 · firefox,threejs,6400,64.0,3012.98,21.241428751601433,21.33560913164117,18.102824040548608,19.67471143756423,47.077812499999936,46.86999999999898,1.1705492792194945,47.979000000000084,51.132400000002654,55.24000000000524,1.0,1.0,2.1000000000058208,2.499200000000928,38.36000000000058,43.13259999999994,6.230000000003201,,,0.0,,,
amd-ryzen-5 · firefox|s5|010_threejs_i2,amd-ryzen-5 · firefox,threejs,9051,61.0,3992.16,15.279948699450939,15.37042729787943,14.196479273139792,14.389869531850362,65.44524590163928,65.05999999999767,1.0808817489386737,67.79999999998836,70.01999999999971,70.44000000000233,1.0,1.0,2.959999999999127,3.8959999999962744,56.19999999999709,61.34400000000023,5.900000000001455,,,0.0,,,
amd-ryzen-5 · firefox|s5|010_threejs_i2,amd-ryzen-5 · firefox,threejs,12800,61.0,5539.68,11.01146636628832,11.071744906996486,10.356255178127839,10.473397570171679,90.81442622950809,90.32000000000698,1.2935951512352604,93.74000000000524,96.21199999999662,96.55999999999767,1.0,1.0,4.059999999997672,5.0759999999922,78.66000000000349,85.34000000000233,7.5,,,0.0,,,
amd-ryzen-5 · firefox|s5|011_r3f-ref-central_i2,amd-ryzen-5 · firefox,r3f-ref-central,100,1251.0,3000.76,416.8943867553553,423.7288135593808,254.02201524132454,284.3775800385292,2.3986890487609913,2.3599999999996726,0.5134176078320425,3.2800000000004275,3.6100000000001273,5.119999999999891,0.0,0.0,0.06000000000040018,0.12000000000034561,0.8800000000001091,1.300000000000182,1.4200000000000728,,,0.0,,,
amd-ryzen-5 · firefox|s5|011_r3f-ref-central_i2,amd-ryzen-5 · firefox,r3f-ref-central,141,1154.0,3002.44,384.3540586989249,387.5968992247488,243.25519681557182,261.7560617193238,2.6017677642980934,2.580000000000382,0.634181318145824,3.64700000000016,3.8988000000000933,4.260000000000218,0.0,0.0,0.1000000000003638,0.18000000000029104,1.1400000000003274,1.629400000001006,1.3400000000001455,,,0.0,,,
amd-ryzen-5 · firefox|s5|011_r3f-ref-central_i2,amd-ryzen-5 · firefox,r3f-ref-central,200,1026.0,3000.3,341.9658034196579,347.2222222220994,164.96205872648576,223.15568390652916,2.9242690058479544,2.8800000000010186,0.7563847915784591,3.9400000000000546,4.3400000000001455,13.100000000000364,0.0,0.0,0.12000000000080036,0.2000000000007276,1.4400000000005093,2.1900000000005093,1.3400000000001455,,,0.0,,,
amd-ryzen-5 · firefox|s5|011_r3f-ref-central_i2,amd-ryzen-5 · firefox,r3f-ref-central,283,871.0,3002.26,290.1147801989168,292.3976608185517,203.87359836901234,219.4773376888464,3.44691159586682,3.4200000000018917,0.5119505096780995,4.300000000001091,4.740000000001601,5.140000000001237,0.0,0.0,0.2000000000007276,0.3000000000003638,2.1200000000026193,2.7459999999980926,1.0999999999985448,,,0.0,,,
amd-ryzen-5 · firefox|s5|011_r3f-ref-central_i2,amd-ryzen-5 · firefox,r3f-ref-central,400,742.0,3003.66,247.03195434902753,245.09803921579993,164.70588235295529,184.90754622687783,4.048059299191374,4.079999999998108,0.5558019402168404,5.05899999999783,5.483599999999643,8.580000000001746,0.0,0.0,0.2599999999983993,0.42000000000189175,2.6599999999998545,3.743599999999534,1.0,,,0.0,,,
amd-ryzen-5 · firefox|s5|011_r3f-ref-central_i2,amd-ryzen-5 · firefox,r3f-ref-central,566,598.0,3003.58,199.09574574341298,203.25203252024704,143.92630972942698,154.98076100898507,5.022709030100331,4.920000000001892,0.5234673910565671,6.063000000001375,6.642399999999468,7.1599999999998545,0.0,0.0,0.3400000000001455,0.5,3.9200000000018917,5.381800000000947,0.5,,,0.0,,,
amd-ryzen-5 · firefox|s5|011_r3f-ref-central_i2,amd-ryzen-5 · firefox,r3f-ref-central,800,492.0,3002.2,163.8798214642595,166.66666666666666,120.48192771081433,129.39400474444207,6.102032520325205,6.0,0.5410895839327685,7.189000000000488,7.976199999999149,8.460000000002765,0.0,0.0,0.4000000000014552,0.5836000000014964,5.200000000000728,7.0107999999999056,0.3400000000001455,,,0.0,,,
amd-ryzen-5 · firefox|s5|011_r3f-ref-central_i2,amd-ryzen-5 · firefox,r3f-ref-central,1131,373.0,3003.72,124.17935093816996,126.58227848110593,95.17766497458503,103.27022375214973,8.052868632707778,7.899999999994179,0.5286436045704724,9.144000000001686,9.893599999999275,10.819999999999709,0.0,0.0,0.5,0.7199999999959255,7.1599999999962165,8.929600000001656,0.2400000000052387,,,0.0,,,
amd-ryzen-5 · firefox|s5|011_r3f-ref-central_i2,amd-ryzen-5 · firefox,r3f-ref-central,1600,266.0,3004.62,88.53032995853046,89.60573476699705,69.3962526023777,75.53747821034347,11.295563909774446,11.160000000003492,0.5476535380938563,12.30999999999949,13.900999999999113,14.759999999994761,0.0,0.0,0.680000000000291,0.9070000000003351,10.150000000001455,12.306000000001603,0.31999999999970896,,,0.0,,,
amd-ryzen-5 · firefox|s5|011_r3f-ref-central_i2,amd-ryzen-5 · firefox,r3f-ref-central,2263,192.0,3008.76,63.81366410082555,64.89292667099348,50.916496945011694,54.50581395348991,15.67062500000001,15.409999999999854,0.7872116774610393,17.60900000000038,18.667199999996374,19.639999999999418,0.109375,0.0,0.9599999999991269,1.2618000000017493,14.179999999996653,17.258000000004976,0.23999999999796273,,,0.0,,,
amd-ryzen-5 · firefox|s5|011_r3f-ref-central_i2,amd-ryzen-5 · firefox,r3f-ref-central,3200,139.0,3004.44,46.26486133855235,46.99248120301009,36.496350364961565,40.112314480547006,21.61467625899277,21.279999999998836,0.9581672588237576,24.02800000000352,24.875199999998298,27.400000000001455,1.0,0.0,1.3000000000029104,1.8212000000002457,19.640000000006694,23.21920000000217,0.3000000000029104,,,0.0,,,
amd-ryzen-5 · firefox|s5|011_r3f-ref-central_i2,amd-ryzen-5 · firefox,r3f-ref-central,4525,99.0,3028.02,32.69463213585119,33.00330033003776,27.609055770291768,29.2056074766357,30.586060606060574,30.299999999995634,0.9561677529597962,32.730000000003926,33.71120000000344,36.220000000001164,1.0,0.04040404040404041,1.8400000000037835,2.180400000000227,28.140000000006694,31.226800000001237,0.2400000000052387,,,0.0,,,
amd-ryzen-5 · firefox|s5|011_r3f-ref-central_i2,amd-ryzen-5 · firefox,r3f-ref-central,6400,62.0,3034.74,20.430086267686868,20.550760378132516,18.148820326679246,18.8702981507104,48.94741935483868,48.66000000000349,1.1014817672365171,50.675000000001084,53.35540000000263,55.099999999998545,1.0,1.0,3.0199999999967986,3.3677999999993333,40.9700000000048,44.22499999999942,4.519999999996799,,,0.0,,,
amd-ryzen-5 · firefox|s5|011_r3f-ref-central_i2,amd-ryzen-5 · firefox,r3f-ref-central,9051,61.0,4201.74,14.517795008734483,14.863258026159592,11.756407241946178,11.901928112353968,68.88098360655735,67.27999999999884,4.268689769674967,82.23999999999796,84.65200000000041,85.06000000000495,1.0,1.0,4.220000000001164,4.639999999999418,58.33999999999651,62.708000000001626,5.040000000000873,,,0.0,,,
amd-ryzen-5 · firefox|s5|011_r3f-ref-central_i2,amd-ryzen-5 · firefox,r3f-ref-central,12800,61.0,6228.78,9.793250042544448,10.48657718120799,5.931901767706665,6.772314777190907,102.11114754098358,95.36000000000058,13.719635818582484,120.26000000000931,155.90799999999578,168.58000000000175,1.0,1.0,5.580000000001746,6.295999999996274,84.30000000000291,96.13200000000651,5.80000000000291,,,0.0,,,
amd-ryzen-5 · firefox|s5|012_r3f-state_i2,amd-ryzen-5 · firefox,r3f-state,100,1087.0,3000.72,362.2463941987256,297.61904761903634,140.76576576576403,179.95201279658707,2.7605519779208834,3.3600000000001273,1.5057298997946547,4.740000000000691,6.133599999999903,10.340000000000146,0.0,0.0,0.13999999999987267,0.2628000000001541,0.7200000000002547,1.1000000000003638,2.5600000000004,,,0.0,,,
amd-ryzen-5 · firefox|s5|012_r3f-state_i2,amd-ryzen-5 · firefox,r3f-state,141,908.0,3000.84,302.5819437224244,246.91358024693022,76.76560900716315,119.57272678960395,3.30488986784141,4.049999999999727,2.2016755894791937,5.97899999999954,9.080400000000305,22.960000000000036,0.0022026431718061676,0.0,0.15999999999985448,0.2600000000002183,0.8600000000005821,1.3999999999996362,3.0900000000001455,,,0.0,,,
amd-ryzen-5 · firefox|s5|012_r3f-state_i2,amd-ryzen-5 · firefox,r3f-state,200,783.0,3002.02,260.82437825197695,200.0,106.41532380662709,123.7702316724848,3.833997445721584,5.0,2.311356647050696,7.018000000000392,8.703199999999804,10.340000000000146,0.0,0.0,0.18000000000029104,0.31999999999970896,1.0999999999985448,1.7471999999996095,3.8400000000001455,,,0.0,,,
amd-ryzen-5 · firefox|s5|012_r3f-state_i2,amd-ryzen-5 · firefox,r3f-state,283,426.0,3004.6,141.7826000133129,149.7005988023887,81.03727714748092,93.85055416517764,7.0530516431924895,6.680000000000291,1.0844729084174096,9.854999999997744,11.720000000000255,13.200000000000728,0.0,0.0,0.19999999999708962,0.3500000000003638,1.3999999999996362,2.0950000000020736,5.06000000000131,,,0.0,,,
amd-ryzen-5 · firefox|s5|012_r3f-state_i2,amd-ryzen-5 · firefox,r3f-state,400,428.0,3001.88,142.57731821391923,139.08205841445468,58.80623346074646,64.70298249938352,7.013738317757012,7.190000000000509,4.493094576438001,13.74300000000057,16.25299999999923,17.539999999997235,0.007009345794392523,0.0,0.3600000000005821,0.7199999999975262,2.0799999999981083,3.3384000000010943,3.7600000000002183,,,0.0,,,
amd-ryzen-5 · firefox|s5|012_r3f-state_i2,amd-ryzen-5 · firefox,r3f-state,566,214.0,3004.02,71.23787458139425,77.27975270479917,39.308176100628145,47.71903034930135,14.03747663551402,12.93999999999869,2.3626219196334883,18.453999999998995,23.237200000000573,26.900000000001455,0.16355140186915887,0.0,0.32000000000152795,0.4400000000023283,3.100000000002183,8.480000000002729,9.440000000002328,,,0.0,,,
amd-ryzen-5 · firefox|s5|012_r3f-state_i2,amd-ryzen-5 · firefox,r3f-state,800,138.0,3013.9,45.787849630047425,46.446818392942596,31.847133757960307,33.75717339934705,21.839855072463777,21.529999999998836,3.1827743453765165,27.66699999999946,30.809000000000815,31.400000000001455,1.0,0.0,0.5,6.753400000000491,4.280000000000655,5.603799999999973,16.7599999999984,,,0.0,,,
amd-ryzen-5 · firefox|s5|012_r3f-state_i2,amd-ryzen-5 · firefox,r3f-state,1131,98.0,3004.88,32.61361518596419,34.45899379738492,21.901007446340856,23.534949399857904,30.662040816326503,29.0199999999968,3.4369963988547543,36.45100000000093,45.05860000000095,45.66000000000349,1.0,0.17346938775510204,0.819999999999709,4.682199999996374,6.180000000000291,7.808400000002657,21.939999999995052,,,0.0,,,
amd-ryzen-5 · firefox|s5|012_r3f-state_i2,amd-ryzen-5 · firefox,r3f-state,1600,68.0,3039.58,22.37151185361134,23.132084200786725,15.475085112967495,16.690775564704087,44.699705882352966,43.22999999999956,4.970052995479974,56.175999999996925,59.943400000000466,64.62000000000262,1.0,1.0,1.180000000000291,4.17219999999892,10.0,14.63159999999726,31.960000000002765,,,0.0,,,
amd-ryzen-5 · firefox|s5|012_r3f-state_i2,amd-ryzen-5 · firefox,r3f-state,2263,61.0,3763.52,16.208230592636696,16.874789065136106,12.230919765166036,12.518778167250527,61.69704918032782,59.26000000000204,6.112971820716918,77.18000000000029,80.09200000000273,81.76000000000204,1.0,1.0,1.6200000000026193,5.640000000002322,13.639999999999418,19.08399999999965,43.580000000001746,,,0.0,,,
amd-ryzen-5 · firefox|s5|012_r3f-state_i2,amd-ryzen-5 · firefox,r3f-state,3200,61.0,5447.18,11.198454980375166,11.73984503404551,7.979572294925011,8.318544809228053,89.29803278688524,85.18000000000029,11.047439344281399,110.73999999999796,120.80799999999725,125.31999999999971,1.0,1.0,2.319999999999709,13.28399999999964,20.5199999999968,26.975999999996564,61.73999999999796,,,0.0,,,
amd-ryzen-5 · firefox|s5|013_threejs_i3,amd-ryzen-5 · firefox,threejs,100,1210.0,3002.12,403.04851238458156,406.5040650406444,250.5219206680532,268.79311889615707,2.4810909090909097,2.4600000000000364,0.6426872862370991,3.5309999999999255,3.7981999999997305,4.400000000000091,0.0,0.0,0.09999999999990905,0.17819999999988048,0.8399999999996908,1.2799999999997453,1.5199999999999818,,,0.0,,,
amd-ryzen-5 · firefox|s5|013_threejs_i3,amd-ryzen-5 · firefox,threejs,141,1121.0,3001.06,373.5346844115079,370.37037037027056,232.3616392057494,246.87004055722775,2.6771275646743984,2.7000000000007276,0.8077901683198004,3.8599999999996726,4.160000000000582,4.559999999999491,0.0,0.0,0.14000000000032742,0.22000000000007275,1.0799999999999272,1.6000000000003638,1.3999999999996362,,,0.0,,,
amd-ryzen-5 · firefox|s5|013_threejs_i3,amd-ryzen-5 · firefox,threejs,200,1013.0,3003.56,337.2664438200001,342.465753424649,163.98819285012087,215.01677130816125,2.9650148075024694,2.9200000000000728,0.8408123100250271,4.140000000001237,4.520000000000437,12.05999999999949,0.0,0.0,0.12000000000080036,0.21999999999934516,1.3800000000010186,2.115200000000695,1.360000000000582,,,0.0,,,
amd-ryzen-5 · firefox|s5|013_threejs_i3,amd-ryzen-5 · firefox,threejs,283,861.0,3002.62,286.7495720404181,289.0173410402315,195.50342130988128,212.8080768088692,3.487363530778164,3.460000000002765,0.5966379791438684,4.459999999999127,4.827999999999883,5.799999999999272,0.0,0.0,0.2599999999983993,0.3400000000001455,2.0200000000004366,2.7600000000009457,1.179999999998472,,,0.0,,,
amd-ryzen-5 · firefox|s5|013_threejs_i3,amd-ryzen-5 · firefox,threejs,400,720.0,3002.18,239.82572663864255,240.3846153846238,139.05442987684717,177.479787024265,4.169694444444445,4.1599999999998545,0.6647759227794445,5.019999999996981,5.476199999999479,16.11999999999898,0.0,0.0,0.31999999999970896,0.4400000000016371,2.8000000000010914,3.8923999999983403,0.8999999999978172,,,0.0,,,
amd-ryzen-5 · firefox|s5|013_threejs_i3,amd-ryzen-5 · firefox,threejs,566,586.0,3003.6,195.099214276202,198.41269841266404,141.08352144470047,150.2279320348221,5.125597269624571,5.040000000000873,0.5287715823007679,6.2149999999983265,6.962999999999192,7.180000000000291,0.0,0.0,0.3400000000001455,0.5199999999973443,4.0,5.420000000001892,0.5200000000004366,,,0.0,,,
amd-ryzen-5 · firefox|s5|013_threejs_i3,amd-ryzen-5 · firefox,threejs,800,484.0,3004.64,161.08418978646364,163.3986928104847,121.50668286756417,129.54766274425754,6.207933884297519,6.119999999998981,0.5415412669961434,7.299999999999272,7.886799999998148,8.579999999998108,0.0,0.0,0.38000000000101863,0.5833999999981828,5.380000000001019,6.946800000001859,0.32000000000334694,,,0.0,,,
amd-ryzen-5 · firefox|s5|013_threejs_i3,amd-ryzen-5 · firefox,threejs,1131,379.0,3001.16,126.28450332538101,129.53367875645716,94.93670886074202,104.60251046024999,7.918627968337721,7.720000000001164,0.6007774648609622,9.022000000003754,9.85320000000327,10.700000000004366,0.0,0.0,0.3600000000005821,0.5800000000017462,7.120000000002619,9.012800000005948,0.23999999999796273,,,0.0,,,
amd-ryzen-5 · firefox|s5|013_threejs_i3,amd-ryzen-5 · firefox,threejs,1600,270.0,3010.8,89.67716221602224,91.7431192660428,70.52186177714947,77.34412184673884,11.151111111111122,10.900000000001455,0.6703233050800566,12.440000000002328,13.390199999996476,14.37999999999738,0.0,0.0,0.4800000000032014,0.797200000000594,10.080000000001746,12.4412000000001,0.3200000000069849,,,0.0,,,
amd-ryzen-5 · firefox|s5|013_threejs_i3,amd-ryzen-5 · firefox,threejs,2263,194.0,3005.72,64.54360352927098,66.75567423231169,47.61904761904762,53.43148895749385,15.493402061855639,14.979999999999563,1.069717784290189,17.454000000002633,19.76239999999794,21.0,0.14432989690721648,0.0,0.6999999999970896,1.0498000000008314,14.020000000000437,18.190799999996376,0.2400000000052387,,,0.0,,,
amd-ryzen-5 · firefox|s5|013_threejs_i3,amd-ryzen-5 · firefox,threejs,3200,143.0,3009.06,47.52314676344111,48.449612403102144,39.43217665615052,41.474108306671695,21.042377622377607,20.639999999999418,0.9668607237934632,23.356000000000495,24.33759999999894,25.360000000000582,1.0,0.0,0.9399999999950523,1.4540000000005275,19.400000000001455,23.047999999996254,0.2999999999956344,,,0.0,,,
amd-ryzen-5 · firefox|s5|013_threejs_i3,amd-ryzen-5 · firefox,threejs,4525,103.0,3024.68,34.05318909768967,34.84320557490759,27.322404371585787,28.861694758716574,29.36582524271845,28.700000000004366,1.615062995354547,33.26799999999857,35.25319999999891,36.599999999998545,1.0,0.04854368932038835,1.3399999999965075,1.777599999998784,27.080000000001746,33.24280000000203,0.23999999999796273,,,0.0,,,
amd-ryzen-5 · firefox|s5|013_threejs_i3,amd-ryzen-5 · firefox,threejs,6400,64.0,3002.14,21.318126403165746,21.45002145002359,19.054878048779326,19.50078003120077,46.90843749999999,46.61999999999534,1.1175926775247556,48.1569999999967,52.00119999999733,52.4800000000032,1.0,1.0,2.110000000000582,2.5599999999976717,38.18999999999869,40.90639999999985,6.19999999999709,,,0.0,,,
amd-ryzen-5 · firefox|s5|013_threejs_i3,amd-ryzen-5 · firefox,threejs,9051,61.0,3989.8,15.288986916637443,15.360983102917213,14.04889013767763,14.50536698578374,65.40655737704911,65.10000000000582,1.0211870302848665,67.02000000000407,69.3440000000046,71.18000000000757,1.0,1.0,2.900000000008731,3.664000000004307,55.80000000000291,62.06399999999557,6.30000000000291,,,0.0,,,
amd-ryzen-5 · firefox|s5|013_threejs_i3,amd-ryzen-5 · firefox,threejs,12800,61.0,5655.82,10.78535031171432,10.955302366345451,8.94454382826569,9.58282757298972,92.71836065573758,91.27999999999884,3.4829437646556523,99.0,105.33199999998904,111.79999999998836,1.0,1.0,4.19999999999709,5.031999999997788,79.11999999999534,89.22399999999324,7.879999999990105,,,0.0,,,
amd-ryzen-5 · firefox|s5|014_r3f-state_i3,amd-ryzen-5 · firefox,r3f-state,100,1081.0,3000.42,360.2828937282113,303.03030303028635,107.68899418479259,161.92875134940581,2.775596669750232,3.300000000000182,1.5788058779144005,4.699999999999818,7.383999999999852,13.920000000000073,0.0,0.0,0.14000000000032742,0.27999999999974534,0.7399999999997817,1.1440000000002337,2.480000000000018,,,0.0,,,
amd-ryzen-5 · firefox|s5|014_r3f-state_i3,amd-ryzen-5 · firefox,r3f-state,141,942.0,3001.24,313.87026695632466,248.13895781639286,124.8612652608183,150.98946286301646,3.186029723991508,4.029999999999745,1.9187330191275855,5.760000000000218,7.1871999999999145,8.699999999998909,0.0,0.0,0.13999999999941792,0.2600000000002183,0.8400000000001455,1.2436000000002345,3.0999999999994543,,,0.0,,,
amd-ryzen-5 · firefox|s5|014_r3f-state_i3,amd-ryzen-5 · firefox,r3f-state,200,733.0,3001.58,244.20471884807336,187.26591760299115,91.64702801780666,111.01517207351773,4.094924965893588,5.3400000000001455,2.5956431341540878,7.688000000000465,9.573599999999786,12.779999999998836,0.0,0.0,0.18000000000029104,0.3999999999996362,1.1199999999989814,1.860000000000582,4.1200000000008,,,0.0,,,
amd-ryzen-5 · firefox|s5|014_r3f-state_i3,amd-ryzen-5 · firefox,r3f-state,283,546.0,3004.68,181.71652222532836,143.2664756447081,47.51948298802457,71.7550760072275,5.503076923076927,6.979999999999563,3.7921664381972895,11.475000000000364,13.71499999999905,33.55999999999767,0.005494505494505495,0.0018315018315018315,0.2000000000007276,0.5,1.5200000000004366,3.1310000000008578,3.1700000000018917,,,0.0,,,
amd-ryzen-5 · firefox|s5|014_r3f-state_i3,amd-ryzen-5 · firefox,r3f-state,400,420.0,3006.06,139.71777010438925,110.13215859030925,57.9038795599321,63.405797101447746,7.157285714285709,9.079999999999927,4.564270836770727,14.44300000000221,16.58200000000179,17.68000000000029,0.009523809523809525,0.0,0.3599999999969441,0.7524000000018715,2.139999999999418,3.6124000000024536,3.969999999999345,,,0.0,,,
amd-ryzen-5 · firefox|s5|014_r3f-state_i3,amd-ryzen-5 · firefox,r3f-state,566,300.0,3014.42,99.52163268555815,85.98452278590446,38.63987635239596,45.51523243112061,10.04806666666666,11.6299999999992,6.495280941621473,20.28099999999904,22.606400000001717,26.700000000000728,0.15666666666666668,0.0,0.37999999999738066,5.560400000001318,3.2599999999983993,5.663600000003004,4.899999999999636,,,0.0,,,
amd-ryzen-5 · firefox|s5|014_r3f-state_i3,amd-ryzen-5 · firefox,r3f-state,800,134.0,3016.98,44.41527620335568,44.742729306486964,33.24468085106592,34.048348655090706,22.51477611940298,22.350000000000364,2.9764912775681855,28.633999999999286,29.601199999999768,30.07999999999811,1.0,0.0,0.47999999999956344,5.016000000001504,4.360000000000582,5.393999999998885,17.530000000000655,,,0.0,,,
amd-ryzen-5 · firefox|s5|014_r3f-state_i3,amd-ryzen-5 · firefox,r3f-state,1131,95.0,3029.56,31.357688905319534,33.2446808510619,21.05263157894737,23.068050749712423,31.890105263157945,30.080000000001746,3.5801817066500354,36.8900000000016,46.80440000000192,47.5,1.0,0.3473684210526316,0.680000000000291,5.223599999998562,6.440000000002328,7.770000000004803,22.720000000001164,,,0.0,,,
amd-ryzen-5 · firefox|s5|014_r3f-state_i3,amd-ryzen-5 · firefox,r3f-state,1600,68.0,3001.62,22.65443327269939,23.320895522387506,16.19695497246571,17.04351778207053,44.141470588235336,42.88000000000102,4.634903681140244,55.064999999997966,59.47539999999971,61.73999999999796,1.0,1.0,1.0400000000008731,5.937000000001276,9.099999999998545,12.556000000001434,32.65999999999622,,,0.0,,,
amd-ryzen-5 · firefox|s5|014_r3f-state_i3,amd-ryzen-5 · firefox,r3f-state,2263,61.0,3771.16,16.175394308382582,16.897600540723133,12.706480304954823,12.872221745473398,61.82229508196715,59.18000000000029,6.199351684771027,75.08000000000175,77.99199999999982,78.70000000000437,1.0,1.0,1.4600000000064028,4.695999999999185,13.0,20.76800000000366,44.44000000000233,,,0.0,,,
amd-ryzen-5 · firefox|s5|014_r3f-state_i3,amd-ryzen-5 · firefox,r3f-state,3200,61.0,5351.5,11.398673269176866,11.837121212121783,8.44166807361089,8.885729518393392,87.72950819672131,84.47999999999593,8.059222962178357,106.23999999999796,114.62000000000116,118.4600000000064,1.0,1.0,2.180000000000291,9.412000000002443,18.760000000002037,24.939999999997962,62.9800000000032,,,0.0,,,
amd-ryzen-5 · firefox|s5|015_r3f-ref-central_i3,amd-ryzen-5 · firefox,r3f-ref-central,100,1260.0,3002.14,419.70061356232554,423.7288135593808,267.6181980374657,286.36363636363814,2.3826507936507935,2.3599999999996726,0.5708137985825645,3.3199999999997316,3.599999999999641,4.120000000000346,0.0,0.0,0.06000000000040018,0.12820000000042164,0.8400000000001455,1.2399999999997817,1.4600000000000364,,,0.0,,,
amd-ryzen-5 · firefox|s5|015_r3f-ref-central_i3,amd-ryzen-5 · firefox,r3f-ref-central,141,1157.0,3000.74,385.57155901544286,387.59689922481715,245.09803921568073,262.6970227670747,2.593552290406223,2.5799999999999272,0.6613540556509533,3.639999999999418,3.880000000000109,4.579999999999927,0.0,0.0,0.1000000000003638,0.15999999999985448,1.1199999999989814,1.548800000000266,1.3799999999991996,,,0.0,,,
amd-ryzen-5 · firefox|s5|015_r3f-ref-central_i3,amd-ryzen-5 · firefox,r3f-ref-central,200,1042.0,3001.04,347.21296617172703,352.11267605631997,163.5055591890128,223.3101434338241,2.8800767754318626,2.8400000000001455,0.7797588199865043,3.9200000000000728,4.359999999999836,13.520000000000437,0.0,0.0,0.11999999999898137,0.2000000000007276,1.3999999999996362,2.0718000000004926,1.2800000000006548,,,0.0,,,
amd-ryzen-5 · firefox|s5|015_r3f-ref-central_i3,amd-ryzen-5 · firefox,r3f-ref-central,283,875.0,3002.08,291.4645845547087,294.1176470586976,200.10005002503289,219.92635024551097,3.4309485714285715,3.400000000001455,0.5155409865312961,4.2800000000012,4.630400000000554,5.520000000000437,0.0,0.0,0.2000000000007276,0.3000000000029104,2.0800000000017462,2.860000000000582,1.0999999999985448,,,0.0,,,
amd-ryzen-5 · firefox|s5|015_r3f-ref-central_i3,amd-ryzen-5 · firefox,r3f-ref-central,400,726.0,3000.38,241.96935054893038,245.09803921558137,113.96939107782805,160.3135019593915,4.132754820936641,4.080000000001746,0.7921496639834369,5.295000000000073,6.500000000001819,14.37999999999738,0.0,0.0,0.2599999999983993,0.45500000000174623,2.680000000000291,4.230000000001382,1.0400000000008731,,,0.0,,,
amd-ryzen-5 · firefox|s5|015_r3f-ref-central_i3,amd-ryzen-5 · firefox,r3f-ref-central,566,598.0,3002.84,199.144809580264,202.42914979762452,141.72335600907496,150.88449531738289,5.021471571906355,4.93999999999869,0.5537548166949117,6.263000000002102,6.819999999999818,7.240000000001601,0.0,0.0,0.3400000000001455,0.5,3.860000000000582,5.421800000001929,0.5800000000017462,,,0.0,,,
amd-ryzen-5 · firefox|s5|015_r3f-ref-central_i3,amd-ryzen-5 · firefox,r3f-ref-central,800,491.0,3005.96,163.3421602416533,165.56291390726082,123.99256044636539,131.82467318466345,6.122118126272911,6.040000000000873,0.5031383084662558,7.170000000000073,7.772000000001938,8.340000000000146,0.0,0.0,0.42000000000189175,0.6199999999993452,5.240000000001601,6.799999999999637,0.3400000000001455,,,0.0,,,
amd-ryzen-5 · firefox|s5|015_r3f-ref-central_i3,amd-ryzen-5 · firefox,r3f-ref-central,1131,376.0,3003.54,125.18561430844933,126.90355329953456,102.59917920654797,106.5971810967616,7.988138297872343,7.879999999997381,0.4833645878865566,9.0049999999992,9.4900000000016,9.860000000000582,0.0,0.0,0.5200000000040745,0.680000000000291,7.099999999998545,8.654999999998836,0.2599999999947613,,,0.0,,,
amd-ryzen-5 · firefox|s5|015_r3f-ref-central_i3,amd-ryzen-5 · firefox,r3f-ref-central,1600,261.0,3007.06,86.79574069024237,88.65248226945552,71.83908045976035,74.3877317463942,11.521302681992328,11.280000000006112,0.6299595746742042,12.860000000000582,13.68799999999901,14.080000000001746,0.0,0.0,0.7000000000043656,1.0239999999990672,10.259999999994761,12.403999999996447,0.33999999999650754,,,0.0,,,
amd-ryzen-5 · firefox|s5|015_r3f-ref-central_i3,amd-ryzen-5 · firefox,r3f-ref-central,2263,187.0,3007.6,62.1758212528262,64.02048655568709,47.75549188156107,52.029136316334,16.08342245989304,15.62000000000262,1.02930034078328,18.26000000000058,19.522800000003627,20.94000000000233,0.24064171122994651,0.0,1.0,1.4000000000014552,14.340000000003783,18.222800000000717,0.2599999999947613,,,0.0,,,
amd-ryzen-5 · firefox|s5|015_r3f-ref-central_i3,amd-ryzen-5 · firefox,r3f-ref-central,3200,140.0,3008.88,46.528941001302854,47.16981132076119,37.96507213364209,41.21526142251616,21.49199999999998,21.19999999999709,0.831002861243561,23.105999999998673,25.08339999999557,26.339999999996508,1.0,0.0,1.3400000000037835,1.6322000000006662,19.55999999999767,23.169200000000465,0.3000000000029104,,,0.0,,,
amd-ryzen-5 · firefox|s5|015_r3f-ref-central_i3,amd-ryzen-5 · firefox,r3f-ref-central,4525,98.0,3030.08,32.34238039919736,32.52032520325588,28.45759817871419,29.442072721921075,30.919183673469405,30.749999999996362,0.821333682167195,32.32599999999984,34.49979999999603,35.13999999999942,1.0,0.02040816326530612,1.9399999999950523,2.180600000000195,28.410000000003492,30.498599999998117,0.2400000000052387,,,0.0,,,
amd-ryzen-5 · firefox|s5|015_r3f-ref-central_i3,amd-ryzen-5 · firefox,r3f-ref-central,6400,63.0,3041.26,20.715098347395475,20.7468879668031,20.00800320127923,20.155872077398037,48.273968253968285,48.200000000004366,0.41802353569549744,48.95799999999654,49.89320000000356,49.9800000000032,1.0,1.0,2.959999999999127,3.4132000000003613,40.26000000000204,41.4551999999999,4.900000000001455,,,0.0,,,
amd-ryzen-5 · firefox|s5|015_r3f-ref-central_i3,amd-ryzen-5 · firefox,r3f-ref-central,9051,61.0,4197.9,14.531075061340214,14.894250819183924,11.502185415229548,11.63512255662442,68.81803278688515,67.13999999999942,4.646183673967319,84.88000000000466,86.12399999999907,86.93999999999505,1.0,1.0,4.139999999999418,4.816000000006169,57.81999999999971,63.04400000000169,5.180000000000291,,,0.0,,,
amd-ryzen-5 · firefox|s5|015_r3f-ref-central_i3,amd-ryzen-5 · firefox,r3f-ref-central,12800,61.0,6039.7,10.099839395996495,10.595465140919163,8.676036786395274,8.711307276845227,99.01147540983602,94.38000000000466,7.57142211126062,113.58000000000175,115.23600000000442,115.26000000000931,1.0,1.0,5.679999999993015,6.264000000007218,83.86000000000058,93.47200000000012,4.19999999999709,,,0.0,,,
amd-ryzen-5 · firefox|s5|016_r3f-ref_i3,amd-ryzen-5 · firefox,r3f-ref,100,1250.0,3001.24,416.49451560021856,423.7288135593808,234.92560689115146,268.5843008144236,2.400992,2.3599999999996726,0.6337052641610494,3.4000000000005457,3.9301999999998314,4.720000000000255,0.0,0.0,0.11999999999989086,0.2000000000007276,0.8799999999996544,1.2799999999997453,1.3699999999998909,,,0.0,,,
amd-ryzen-5 · firefox|s5|016_r3f-ref_i3,amd-ryzen-5 · firefox,r3f-ref,141,1151.0,3001.64,383.457043482896,387.59689922481715,238.71527777777817,260.6310013717456,2.607854039965248,2.5799999999999272,0.6483017275786834,3.639999999999418,3.9600000000000364,4.759999999999309,0.0,0.0,0.15999999999985448,0.2600000000002183,1.180000000000291,1.6599999999998545,1.2599999999993088,,,0.0,,,
amd-ryzen-5 · firefox|s5|016_r3f-ref_i3,amd-ryzen-5 · firefox,r3f-ref,200,1019.0,3002.36,339.3996722578238,342.465753424649,168.40687100032875,225.91722392914153,2.9463788027477924,2.9200000000000728,0.7312446918734946,3.900000000001455,4.236400000000029,13.100000000000364,0.0,0.0,0.18000000000029104,0.300000000000764,1.5,2.2399999999997817,1.2199999999993452,,,0.0,,,
amd-ryzen-5 · firefox|s5|016_r3f-ref_i3,amd-ryzen-5 · firefox,r3f-ref,283,872.0,3001.8,290.4923712439202,290.69767441871534,205.12820512820514,221.62663642923775,3.4424311926605515,3.4399999999986903,0.48050161059660423,4.260000000002037,4.663200000001213,5.139999999999418,0.0,0.0,0.2999999999992724,0.4599999999996544,2.0599999999976717,2.825799999999835,1.0799999999981083,,,0.0,,,
amd-ryzen-5 · firefox|s5|016_r3f-ref_i3,amd-ryzen-5 · firefox,r3f-ref,400,736.0,3002.42,245.1355906235635,246.30541871913238,164.86104569006463,185.10900863841388,4.079375000000002,4.06000000000131,0.5087374160639785,4.984999999999673,5.519000000001687,8.680000000000291,0.0,0.0,0.3999999999978172,0.5600000000013097,2.679999999998472,3.626000000000385,0.9199999999982538,,,0.0,,,
amd-ryzen-5 · firefox|s5|016_r3f-ref_i3,amd-ryzen-5 · firefox,r3f-ref,566,593.0,3000.1,197.66007799739995,200.8032128514232,142.12620807278213,154.5347969732526,5.059190556492415,4.979999999999563,0.4677122503205155,6.108000000000902,6.669599999999778,7.220000000001164,0.0,0.0,0.5400000000008731,0.7799999999991268,3.8800000000010186,5.240000000001601,0.3400000000001455,,,0.0,,,
amd-ryzen-5 · firefox|s5|016_r3f-ref_i3,amd-ryzen-5 · firefox,r3f-ref,800,475.0,3004.8,158.08040468583604,160.25641025636915,120.04801920767102,128.98160610139098,6.325894736842104,6.240000000001601,0.5078861103954897,7.286000000001512,8.030399999997025,8.700000000000728,0.0,0.0,0.6599999999998545,0.9799999999995634,5.220000000001164,6.779999999998836,0.3400000000001455,,,0.0,,,
amd-ryzen-5 · firefox|s5|016_r3f-ref_i3,amd-ryzen-5 · firefox,r3f-ref,1131,355.0,3004.3,118.1639649835235,120.77294685992037,93.39975093401105,100.23584905660464,8.462816901408459,8.279999999998836,0.5527261229081394,9.478000000005705,10.115199999998874,11.139999999999418,0.0,0.0,0.819999999999709,1.0600000000010186,7.239999999997963,8.885999999995835,0.2599999999947613,,,0.0,,,
amd-ryzen-5 · firefox|s5|016_r3f-ref_i3,amd-ryzen-5 · firefox,r3f-ref,1600,257.0,3001.68,85.61872018336398,87.41258741262521,69.9300699300557,72.69202810758023,11.679688715953308,11.439999999995052,0.6702564081930257,13.099999999998543,14.075200000001642,14.460000000006403,0.0,0.0,1.0999999999985448,1.4600000000023283,9.980000000003201,12.243200000002107,0.3400000000037835,,,0.0,,,
amd-ryzen-5 · firefox|s5|016_r3f-ref_i3,amd-ryzen-5 · firefox,r3f-ref,2263,184.0,3004.1,61.249625511800566,62.266500622659926,49.75124378109813,52.668539325843504,16.3266304347826,16.06000000000131,0.7611879946645531,17.950999999999475,19.397799999997147,20.099999999998545,0.14673913043478262,0.0,1.5800000000017462,2.1501999999990216,14.200000000004366,17.370200000000185,0.26000000000203727,,,0.0,,,
amd-ryzen-5 · firefox|s5|016_r3f-ref_i3,amd-ryzen-5 · firefox,r3f-ref,3200,135.0,3018.76,44.72034875246798,45.82951420715001,37.11952487008848,38.255547054325504,22.361185185185146,21.81999999999971,1.2216278910766714,25.47599999999802,26.17240000000136,26.939999999995052,1.0,0.0,2.1000000000058208,2.7047999999960295,19.360000000000582,23.572800000000424,0.33999999999650754,,,0.0,,,
amd-ryzen-5 · firefox|s5|016_r3f-ref_i3,amd-ryzen-5 · firefox,r3f-ref,4525,95.0,3015.62,31.502642905936398,32.15434083601436,24.473813020068178,26.820437173126027,31.743368421052658,31.099999999998545,1.5095318497385313,34.30599999999686,36.855599999998674,40.86000000000058,1.0,0.09473684210526316,2.9800000000032014,3.4648000000011256,27.860000000000582,33.11079999999828,0.2599999999947613,,,0.0,,,
amd-ryzen-5 · firefox|s5|016_r3f-ref_i3,amd-ryzen-5 · firefox,r3f-ref,6400,61.0,3090.04,19.74084477870836,19.841269841272133,17.5746924428818,18.18622696411341,50.656393442622964,50.39999999999418,1.1078478126328162,51.68000000000029,56.04799999999813,56.900000000001455,1.0,1.0,4.739999999997963,5.108000000000175,40.44000000000233,43.02400000000053,5.200000000004366,,,0.0,,,
amd-ryzen-5 · firefox|s5|016_r3f-ref_i3,amd-ryzen-5 · firefox,r3f-ref,9051,61.0,4425.18,13.78474999887008,14.240956992309647,10.550749103186456,11.097957975732477,72.54393442622963,70.22000000000116,5.650895881388945,87.20000000000437,90.57999999999882,94.77999999999884,1.0,1.0,6.399999999994179,7.528000000005703,58.220000000001164,67.2679999999993,5.559999999997672,,,0.0,,,
amd-ryzen-5 · firefox|s5|016_r3f-ref_i3,amd-ryzen-5 · firefox,r3f-ref,12800,61.0,6296.8,9.687460297293859,10.144045445323416,8.54408749145638,8.597959417631952,103.22622950819677,98.58000000000175,7.021344164743179,115.44000000000233,116.63199999999779,117.0399999999936,1.0,1.0,9.119999999995343,10.032000000000698,84.72000000000116,90.80400000000081,4.540000000008149,,,0.0,,,
amd-ryzen-5 · firefox|s5|017_threejs_i4,amd-ryzen-5 · firefox,threejs,100,1216.0,3002.76,404.9607694254619,416.6666666666509,253.8071065989825,274.1729117163208,2.4693749999999994,2.400000000000091,0.5543283668292679,3.419999999999618,3.7769999999998145,4.360000000000127,0.0,0.0,0.07999999999992724,0.14000000000032742,0.8400000000001455,1.239999999999975,1.4800000000002456,,,0.0,,,
amd-ryzen-5 · firefox|s5|017_threejs_i4,amd-ryzen-5 · firefox,threejs,141,1118.0,3000.82,372.56483227917704,378.7878787878318,225.31749283081678,243.5999645672762,2.684096601073345,2.6400000000003274,0.7845450058597033,3.880000000000109,4.216599999999579,4.699999999999818,0.0,0.0,0.1000000000003638,0.18000000000029104,1.0400000000008731,1.5766000000000062,1.4799999999995634,,,0.0,,,
amd-ryzen-5 · firefox|s5|017_threejs_i4,amd-ryzen-5 · firefox,threejs,200,994.0,3002.84,331.0199677638502,331.12582781452164,215.72387344196002,231.72231154827634,3.0209657947686117,3.0200000000004366,0.6921047141760474,4.080000000000564,4.461400000000848,4.980000000001382,0.0,0.0,0.18000000000029104,0.25999999999852663,1.5,2.141399999999447,1.2999999999992724,,,0.0,,,
amd-ryzen-5 · firefox|s5|017_threejs_i4,amd-ryzen-5 · firefox,threejs,283,858.0,3002.28,285.78280506814815,285.7142857142857,197.4333662389011,212.5506072874451,3.4991608391608398,3.5,0.600565462641164,4.459999999999127,4.845800000000269,5.299999999999272,0.0,0.0,0.2000000000007276,0.2999999999992724,2.0600000000013097,2.8085999999994593,1.25,,,0.0,,,
amd-ryzen-5 · firefox|s5|017_threejs_i4,amd-ryzen-5 · firefox,threejs,400,734.0,3003.24,244.4027117379898,246.30541871913238,167.30401529639565,179.58695001496963,4.0916076294277905,4.06000000000131,0.6245285293999182,5.206999999999607,5.846800000000292,6.119999999998981,0.0,0.0,0.23999999999796273,0.3600000000005821,2.599999999998545,3.6533999999997095,1.1600000000034925,,,0.0,,,
amd-ryzen-5 · firefox|s5|017_threejs_i4,amd-ryzen-5 · firefox,threejs,566,593.0,3003.76,197.41923455935213,198.41269841280726,137.43815283120836,149.20765589626333,5.065362563237778,5.039999999997235,0.5718145416261903,6.128000000002793,6.987999999999742,7.360000000000582,0.0,0.0,0.2999999999992724,0.4599999999991269,3.8400000000001455,5.286399999998688,0.7000000000007276,,,0.0,,,
amd-ryzen-5 · firefox|s5|017_threejs_i4,amd-ryzen-5 · firefox,threejs,800,487.0,3003.68,162.13444840995044,166.11295681061918,122.62415695889739,128.83830792355423,6.167720739219713,6.020000000000437,0.6031122472296233,7.4879999999997375,7.856800000000002,8.2400000000016,0.0,0.0,0.2999999999992724,0.48000000000007276,5.299999999999272,7.093999999998412,0.3400000000001455,,,0.0,,,
amd-ryzen-5 · firefox|s5|017_threejs_i4,amd-ryzen-5 · firefox,threejs,1131,382.0,3006.28,127.06733903694906,129.87012987005625,97.65625000001943,102.32658336924526,7.869842931937189,7.700000000004366,0.6439212847342566,9.359000000000378,10.031400000003632,10.319999999999709,0.0,0.0,0.37999999999738066,0.6037999999993189,7.069999999999709,9.239000000000887,0.2400000000016007,,,0.0,,,
amd-ryzen-5 · firefox|s5|017_threejs_i4,amd-ryzen-5 · firefox,threejs,1600,295.0,3003.84,98.2076275700438,100.80645161292097,74.29420505201077,80.60801473975113,10.18250847457626,9.919999999998254,0.725902074805364,11.731999999999244,12.761200000001844,13.979999999995925,0.0,0.0,0.5,0.7823999999988883,9.099999999998545,11.641199999999662,0.31999999999970896,,,0.0,,,
amd-ryzen-5 · firefox|s5|017_threejs_i4,amd-ryzen-5 · firefox,threejs,2263,213.0,3008.88,70.79046023769631,72.46376811596495,56.085249579366575,60.1902010352743,14.126197183098613,13.799999999995634,0.8197463359326049,15.820000000002619,17.51840000000491,17.959999999999127,0.018779342723004695,0.0,0.7400000000052387,1.0503999999974618,12.819999999999709,15.98320000000181,0.23999999999796273,,,0.0,,,
amd-ryzen-5 · firefox|s5|017_threejs_i4,amd-ryzen-5 · firefox,threejs,3200,149.0,3015.58,49.41006373566608,50.50505050504308,41.15226337449299,43.35976214073472,20.238791946308737,19.80000000000291,0.9660597826833438,22.2,23.267999999999894,24.299999999995634,1.0,0.0,0.9000000000014552,1.3975999999957314,18.57999999999447,21.540000000000873,0.3000000000029104,,,0.0,,,
amd-ryzen-5 · firefox|s5|017_threejs_i4,amd-ryzen-5 · firefox,threejs,4525,106.0,3000.9,35.32273651237969,36.33720930232981,27.517886626309743,30.34717164360378,28.310377358490513,27.5199999999968,1.6339778657518285,31.6449999999968,33.033999999998926,36.33999999999651,1.0,0.009433962264150943,1.2600000000020373,1.6389999999992142,26.0,30.481000000000133,0.23999999999796273,,,0.0,,,
amd-ryzen-5 · firefox|s5|017_threejs_i4,amd-ryzen-5 · firefox,threejs,6400,66.0,3025.1,21.817460579815553,21.987686895337063,18.60119047618977,19.930906191868615,45.834848484848465,45.4800000000032,1.2412366568177804,47.77499999999782,50.53599999999785,53.76000000000204,1.0,1.0,2.139999999999418,2.751999999999314,36.54999999999927,40.47599999999691,6.719999999997526,,,0.0,,,
amd-ryzen-5 · firefox|s5|017_threejs_i4,amd-ryzen-5 · firefox,threejs,9051,61.0,3894.3,15.663919061192017,15.847860538829451,14.0726146918102,14.293882218410202,63.84098360655731,63.09999999999127,1.8622725408476435,68.19999999999709,70.19599999999627,71.05999999999767,1.0,1.0,2.819999999992433,3.411999999996624,53.76000000000931,61.97199999999138,6.360000000000582,,,0.0,,,
amd-ryzen-5 · firefox|s5|017_threejs_i4,amd-ryzen-5 · firefox,threejs,12800,61.0,5457.36,11.177565709427268,11.271415689812342,10.262725779966914,10.384934921074327,89.4649180327869,88.71999999998661,1.9228751241752173,94.52000000000407,96.42000000000407,97.44000000000233,1.0,1.0,4.279999999998836,5.440000000005239,77.36000000000058,85.81600000000034,7.100000000005821,,,0.0,,,
amd-ryzen-5 · firefox|s5|018_r3f-ref_i4,amd-ryzen-5 · firefox,r3f-ref,100,1243.0,3002.48,413.99110069009623,420.1680672269518,262.23776223777145,281.6133720930275,2.415510860820595,2.3799999999996544,0.5597458522984866,3.380000000000109,3.631599999999879,4.359999999999673,0.0,0.0,0.1000000000003638,0.1999999999998181,0.8800000000001091,1.4400000000003184,1.3800000000001091,,,0.0,,,
amd-ryzen-5 · firefox|s5|018_r3f-ref_i4,amd-ryzen-5 · firefox,r3f-ref,141,1139.0,3002.62,379.33538043442076,381.6793893128605,239.23444976076308,258.6366155551391,2.6361896400351177,2.6200000000008004,0.6439142324079473,3.6220000000006602,3.9724000000000865,4.579999999999927,0.0,0.0,0.14000000000032742,0.23999999999978172,1.180000000000291,1.639999999999982,1.2600000000002183,,,0.0,,,
amd-ryzen-5 · firefox|s5|018_r3f-ref_i4,amd-ryzen-5 · firefox,r3f-ref,200,1016.0,3001.08,338.54479054207155,337.8378378379375,166.3893510815348,226.3877569501054,2.9538188976377953,2.959999999999127,0.7167092166001932,3.899999999999636,4.293999999999415,12.719999999999345,0.0,0.0,0.18000000000029104,0.3200000000012551,1.4799999999995634,2.133999999999288,1.2399999999997817,,,0.0,,,
amd-ryzen-5 · firefox|s5|018_r3f-ref_i4,amd-ryzen-5 · firefox,r3f-ref,283,867.0,3000.42,288.9595456636069,290.69767441840787,203.2520325203222,219.2982456140433,3.4606920415224933,3.4400000000023283,0.48354778271619747,4.259999999999673,4.733599999999643,5.040000000000873,0.0,0.0,0.2999999999992724,0.47999999999956344,2.040000000000873,2.7536000000006617,1.0600000000013097,,,0.0,,,
amd-ryzen-5 · firefox|s5|018_r3f-ref_i4,amd-ryzen-5 · firefox,r3f-ref,400,730.0,3002.9,243.09833827300264,243.9024390242604,164.78342749527948,185.33772652387256,4.113561643835618,4.100000000002183,0.5065731716396888,4.971000000001003,5.50840000000124,8.299999999999272,0.0,0.0,0.41999999999825377,0.6199999999989814,2.679999999996653,3.694199999998019,0.9200000000018917,,,0.0,,,
amd-ryzen-5 · firefox|s5|018_r3f-ref_i4,amd-ryzen-5 · firefox,r3f-ref,566,583.0,3000.34,194.3113113847097,200.0,140.76576576576403,147.94408733802092,5.146380789022299,5.0,0.5578632890344978,6.41799999999821,6.950799999998923,7.319999999999709,0.0,0.0,0.5800000000017462,0.819999999999709,3.8800000000010186,5.343600000000223,0.3600000000005821,,,0.0,,,
amd-ryzen-5 · firefox|s5|018_r3f-ref_i4,amd-ryzen-5 · firefox,r3f-ref,800,472.0,3005.28,157.05691316616094,159.23566878983843,126.50221378874538,132.06247129076445,6.367118644067794,6.279999999998836,0.44272482228987275,7.278000000000793,7.749000000000744,7.959999999999127,0.0,0.0,0.6999999999970896,0.9200000000018917,5.259999999998399,6.545800000001,0.3400000000001455,,,0.0,,,
amd-ryzen-5 · firefox|s5|018_r3f-ref_i4,amd-ryzen-5 · firefox,r3f-ref,1131,344.0,3007.42,114.38375750643388,115.60693641621414,93.10986964617913,99.96471833470676,8.742500000000016,8.649999999997817,0.4242333163549342,9.49700000000048,10.231200000001408,11.5,0.0,0.0,0.8600000000005821,1.0999999999985448,7.540000000000873,8.931400000000576,0.23999999999796273,,,0.0,,,
amd-ryzen-5 · firefox|s5|018_r3f-ref_i4,amd-ryzen-5 · firefox,r3f-ref,1600,262.0,3010.58,87.02642015824209,87.79631255484914,75.41478129712266,78.07807807808149,11.490763358778604,11.390000000003056,0.46198160272638683,12.52000000000371,12.906799999998764,13.5,0.0,0.0,1.180000000000291,1.5077999999987513,9.880000000004657,11.207799999998679,0.33999999999650754,,,0.0,,,
amd-ryzen-5 · firefox|s5|018_r3f-ref_i4,amd-ryzen-5 · firefox,r3f-ref,2263,185.0,3000.78,61.65063750091645,62.5,45.99816007360137,52.95986818877405,16.220432432432425,16.0,0.7569646386453571,17.7679999999993,19.364799999997775,21.739999999997963,0.12972972972972974,0.0,1.6600000000034925,2.235199999997275,14.059999999997672,17.185600000002886,0.2400000000052387,,,0.0,,,
amd-ryzen-5 · firefox|s5|018_r3f-ref_i4,amd-ryzen-5 · firefox,r3f-ref,3200,134.0,3011.72,44.49284794071171,45.20795660035631,35.36067892502772,38.87521057405632,22.475522388059655,22.12000000000262,0.9347417858758331,24.148999999998342,26.266199999999568,28.280000000006112,1.0,0.0,2.220000000001164,3.079999999999345,19.580000000001746,22.831199999998628,0.3000000000029104,,,0.0,,,
amd-ryzen-5 · firefox|s5|018_r3f-ref_i4,amd-ryzen-5 · firefox,r3f-ref,4525,94.0,3018.02,31.146248202463823,31.645569620254623,25.733401955738163,26.15746795710205,32.106595744680895,31.599999999998545,1.602225302771608,35.76999999999862,38.413600000004365,38.86000000000058,1.0,0.09574468085106383,3.2000000000043656,4.545600000000995,28.159999999999854,33.537800000000054,0.2400000000052387,,,0.0,,,
amd-ryzen-5 · firefox|s5|018_r3f-ref_i4,amd-ryzen-5 · firefox,r3f-ref,6400,61.0,3134.5,19.460839049290158,19.5694716242667,18.050541516245012,18.175209014903125,51.385245901639344,51.099999999998545,0.9941354813063453,54.419999999998254,55.2800000000032,55.400000000001455,1.0,1.0,5.0,5.644000000001688,40.73999999999796,44.455999999998305,5.319999999999709,,,0.0,,,
amd-ryzen-5 · firefox|s5|018_r3f-ref_i4,amd-ryzen-5 · firefox,r3f-ref,9051,61.0,4474.28,13.633478459104015,14.144271570014727,10.237510237510207,10.849124837263252,73.3488524590165,70.69999999999709,6.023567630111838,87.18000000000029,93.41999999999679,97.68000000000029,1.0,1.0,6.900000000008731,7.720000000004075,58.279999999998836,66.65999999999767,5.419999999998254,,,0.0,,,
amd-ryzen-5 · firefox|s5|018_r3f-ref_i4,amd-ryzen-5 · firefox,r3f-ref,12800,61.0,6321.3,9.649913783557174,10.123506782749663,8.404773911582065,8.518855065879414,103.62786885245906,98.77999999999884,7.291646616678272,116.36000000000058,117.65999999999767,118.97999999999593,1.0,1.0,9.660000000003492,10.387999999997556,83.36000000000058,90.98400000000547,5.779999999998836,,,0.0,,,
amd-ryzen-5 · firefox|s5|019_r3f-state_i4,amd-ryzen-5 · firefox,r3f-state,100,1094.0,3000.12,364.65208058344336,295.8579881656709,153.0924678505867,183.00122000813568,2.7423400365630712,3.380000000000109,1.4937979771778722,4.700000000000432,6.142799999999836,7.099999999999454,0.0,0.0,0.13999999999987267,0.2600000000002183,0.7199999999993452,1.1227999999998857,2.5799999999999272,,,0.0,,,
amd-ryzen-5 · firefox|s5|019_r3f-state_i4,amd-ryzen-5 · firefox,r3f-state,141,906.0,3003.18,301.6802189678941,243.9024390243686,73.32572918364035,122.23610582930336,3.314768211920529,4.100000000000364,2.2161806778878765,5.8400000000001455,8.298999999999724,24.81999999999971,0.0033112582781456954,0.0,0.1400000000012369,0.3189999999997335,0.8600000000005821,1.4400000000004183,3.160000000000764,,,0.0,,,
amd-ryzen-5 · firefox|s5|019_r3f-state_i4,amd-ryzen-5 · firefox,r3f-state,200,759.0,3002.18,252.81628683156904,192.30769230773268,103.12315851502497,119.55538322347111,3.9554413702239795,5.199999999998909,2.44270445387866,7.279999999999018,9.085200000000038,10.600000000000364,0.0,0.0,0.18000000000029104,0.3000000000010914,1.1199999999989814,1.7283999999995276,3.960000000000946,,,0.0,,,
amd-ryzen-5 · firefox|s5|019_r3f-state_i4,amd-ryzen-5 · firefox,r3f-state,283,423.0,3004.9,140.77007554327923,148.80952380949802,82.85004142501647,96.72961768769649,7.103782505910169,6.720000000001164,1.0181820384807871,9.714000000001032,10.461200000000739,13.0,0.0,0.0,0.2000000000007276,0.2955999999991758,1.3800000000010186,1.9404000000031325,5.120000000002619,,,0.0,,,
amd-ryzen-5 · firefox|s5|019_r3f-state_i4,amd-ryzen-5 · firefox,r3f-state,400,419.0,3000.58,139.63966966386508,121.35922330100088,57.92064871126447,63.492063492064226,7.161288782816224,8.239999999997963,4.53443003599488,14.54800000000068,16.292799999999115,18.360000000000582,0.007159904534606206,0.0,0.37999999999738066,0.7200000000011642,2.1200000000026193,3.2999999999992724,0.7799999999988358,,,0.0,,,
amd-ryzen-5 · firefox|s5|019_r3f-state_i4,amd-ryzen-5 · firefox,r3f-state,566,207.0,3008.82,68.79773466009924,75.30120481928371,38.387715930900505,45.63292872136546,14.535362318840596,13.279999999998836,2.56831888258669,18.94200000000237,23.980799999997686,27.900000000001455,0.18840579710144928,0.0,0.42000000000189175,0.6139999999990684,3.2000000000007276,8.53760000000082,9.639999999999418,,,0.0,,,
amd-ryzen-5 · firefox|s5|019_r3f-state_i4,amd-ryzen-5 · firefox,r3f-state,800,138.0,3013.78,45.78967276974433,45.99816007359752,33.512064343163374,34.94874184529203,21.838985507246367,21.73999999999978,3.022807050895278,27.686999999999898,28.772600000002313,29.840000000000146,1.0,0.0,0.5200000000004366,4.140000000001709,4.369999999998981,5.445199999998803,16.75,,,0.0,,,
amd-ryzen-5 · firefox|s5|019_r3f-state_i4,amd-ryzen-5 · firefox,r3f-state,1131,97.0,3016.34,32.15817845468345,34.246575342469164,21.673168617252117,23.835061375284116,31.096288659793853,29.19999999999709,3.519774294251299,36.35600000000267,44.719199999996334,46.13999999999942,1.0,0.24742268041237114,0.8000000000029104,4.76160000000178,6.400000000001455,7.904800000001559,21.919999999998254,,,0.0,,,
amd-ryzen-5 · firefox|s5|019_r3f-state_i4,amd-ryzen-5 · firefox,r3f-state,1600,68.0,3022.4,22.498676548438315,23.293733985557726,16.496205872648577,17.166399633783275,44.44705882352943,42.93000000000029,4.725909233792034,55.32799999999988,58.556400000001446,60.62000000000262,1.0,1.0,1.1500000000014552,9.158400000001055,9.590000000000146,12.250800000000671,32.09000000000378,,,0.0,,,
amd-ryzen-5 · firefox|s5|019_r3f-state_i4,amd-ryzen-5 · firefox,r3f-state,2263,61.0,3784.96,16.116418667568485,17.012589316094246,12.121212121212121,12.16249087813203,62.04852459016392,58.779999999998836,7.064151243205446,79.45999999999913,82.2719999999972,82.5,1.0,1.0,1.5200000000040745,6.7519999999974925,13.680000000000291,19.780000000001746,43.5,,,0.0,,,
amd-ryzen-5 · firefox|s5|019_r3f-state_i4,amd-ryzen-5 · firefox,r3f-state,3200,61.0,5156.42,11.829913001656191,12.616704516779892,8.721437292866153,8.939213349225307,84.53147540983603,79.26000000000204,10.781410828530591,107.52000000000407,113.24400000000023,114.65999999999622,1.0,1.0,1.5800000000017462,4.3319999999963255,19.55999999999767,25.376000000000932,57.80000000000291,,,0.0,,,
amd-ryzen-5 · firefox|s5|020_r3f-ref-central_i4,amd-ryzen-5 · firefox,r3f-ref-central,100,1260.0,3002.28,419.68104240777006,427.3504273504838,258.17555938038106,281.72793131204736,2.382761904761905,2.3399999999996908,0.5564262374489106,3.341000000000121,3.62820000000034,4.480000000000473,0.0,0.0,0.07999999999992724,0.15999999999985448,0.8600000000001273,1.2482000000000442,1.400000000000091,,,0.0,,,
amd-ryzen-5 · firefox|s5|020_r3f-ref-central_i4,amd-ryzen-5 · firefox,r3f-ref-central,141,1149.0,3000.24,382.969362451004,390.62499999993895,171.87500000000244,238.43386597506773,2.6111749347258484,2.5600000000004,0.7994081618714665,3.6799999999999273,4.050400000000154,15.480000000000473,0.0,0.0,0.11999999999898137,0.18000000000029104,1.1400000000003274,1.7600000000002183,1.300000000000182,,,0.0,,,
amd-ryzen-5 · firefox|s5|020_r3f-ref-central_i4,amd-ryzen-5 · firefox,r3f-ref-central,200,1043.0,3002.14,347.41884122659155,352.11267605631997,170.47391749061907,228.93369727921532,2.8783700862895505,2.8400000000001455,0.7494397326061069,3.8779999999993375,4.183200000001122,12.55999999999949,0.0,0.0,0.07999999999992724,0.17999999999952707,1.4200000000000728,2.171599999999051,1.2799999999988358,,,0.0,,,
amd-ryzen-5 · firefox|s5|020_r3f-ref-central_i4,amd-ryzen-5 · firefox,r3f-ref-central,283,893.0,3001.74,297.494120077022,295.8579881659098,211.8644067796598,225.40983606556662,3.3614109742441207,3.3799999999973807,0.5054397168488507,4.180000000000291,4.559999999999636,4.979999999999563,0.0,0.0,0.18000000000029104,0.2999999999992724,2.040000000000873,2.681600000000327,1.1199999999989814,,,0.0,,,
amd-ryzen-5 · firefox|s5|020_r3f-ref-central_i4,amd-ryzen-5 · firefox,r3f-ref-central,400,755.0,3002.36,251.46884450898622,252.5252525253082,169.90291262137123,192.7284092092931,3.976635761589405,3.959999999999127,0.5167351275925469,4.799999999999272,5.387599999999513,7.43999999999869,0.0,0.0,0.2599999999983993,0.38000000000101863,2.600000000002183,3.778400000000767,1.0399999999972351,,,0.0,,,
amd-ryzen-5 · firefox|s5|020_r3f-ref-central_i4,amd-ryzen-5 · firefox,r3f-ref-central,566,603.0,3000.04,200.99732003573305,203.25203252039734,145.70179698881563,156.64160401001877,4.975190713101156,4.919999999998254,0.46190140947292263,6.076000000001658,6.518000000000468,7.279999999998836,0.0,0.0,0.3400000000001455,0.47999999999956344,3.9399999999986903,5.260000000001964,0.4599999999991269,,,0.0,,,
amd-ryzen-5 · firefox|s5|020_r3f-ref-central_i4,amd-ryzen-5 · firefox,r3f-ref-central,800,493.0,3005.74,164.01950933879834,166.66666666666666,126.90355329949062,135.4096140826042,6.096835699797164,6.0,0.48082894143135724,7.1,7.441599999998725,8.0,0.0,0.0,0.41999999999825377,0.5815999999981428,5.219999999997526,6.581599999998143,0.3600000000005821,,,0.0,,,
amd-ryzen-5 · firefox|s5|020_r3f-ref-central_i4,amd-ryzen-5 · firefox,r3f-ref-central,1131,377.0,3002.9,125.54530620400274,127.87723785166716,100.13351134846755,107.11735301119653,7.965251989389924,7.819999999999709,0.48258942799566407,8.864000000001397,9.583200000000945,10.080000000001746,0.0,0.0,0.5199999999967986,0.680000000000291,7.060000000004948,8.65919999999809,0.26000000000203727,,,0.0,,,
amd-ryzen-5 · firefox|s5|020_r3f-ref-central_i4,amd-ryzen-5 · firefox,r3f-ref-central,1600,269.0,3007.04,89.45674151324889,92.25092250919289,69.8324022346383,74.55838495067651,11.178587360594799,10.840000000003783,0.8034827715440281,12.972000000001572,13.604799999999813,14.860000000000582,0.0,0.0,0.7199999999938882,1.0400000000008731,9.779999999998836,12.351999999999242,0.3599999999933061,,,0.0,,,
amd-ryzen-5 · firefox|s5|020_r3f-ref-central_i4,amd-ryzen-5 · firefox,r3f-ref-central,2263,193.0,3010.14,64.11661916057047,65.70302233902257,51.440329218100835,55.187637969089415,15.596580310880864,15.220000000001164,0.8382886305756138,17.324000000001977,18.511199999999953,19.44000000000233,0.11398963730569948,0.0,1.0,1.404800000001268,13.959999999999127,17.15759999999951,0.26000000000203727,,,0.0,,,
amd-ryzen-5 · firefox|s5|020_r3f-ref-central_i4,amd-ryzen-5 · firefox,r3f-ref-central,3200,136.0,3005.06,45.25699986023566,46.46840148699576,32.78688524590164,37.26708074533993,22.096029411764743,21.5199999999968,1.398335136755252,24.674999999997453,27.95799999999801,30.5,1.0,0.0,1.3400000000037835,1.8950000000015297,19.840000000000146,25.930999999999784,0.31999999999970896,,,0.0,,,
amd-ryzen-5 · firefox|s5|020_r3f-ref-central_i4,amd-ryzen-5 · firefox,r3f-ref-central,4525,98.0,3013.26,32.52291538068402,33.16749585406542,28.88503755054663,28.998115122518076,30.747551020408185,30.149999999997817,1.253861714225642,34.032000000003244,34.600599999998664,34.62000000000262,1.0,0.061224489795918366,1.9000000000014552,2.1611999999962426,27.950000000000728,32.26599999999489,0.26000000000203727,,,0.0,,,
amd-ryzen-5 · firefox|s5|020_r3f-ref-central_i4,amd-ryzen-5 · firefox,r3f-ref-central,6400,63.0,3021.22,20.852503293371544,20.920502092048935,19.880715705764256,20.128824476650447,47.95587301587303,47.80000000000291,0.5013550506783038,48.80999999999913,49.779200000000564,50.30000000000291,1.0,1.0,2.959999999999127,3.362799999998388,40.34000000000378,41.65519999999975,4.5,,,0.0,,,
amd-ryzen-5 · firefox|s5|020_r3f-ref-central_i4,amd-ryzen-5 · firefox,r3f-ref-central,9051,61.0,4337.48,14.063465422318963,14.273479874392368,11.42595978062104,11.724245740190835,71.10622950819665,70.06000000000495,5.028516734231498,80.83999999999651,85.76800000000075,87.52000000000407,1.0,1.0,4.1599999999962165,4.868000000002212,57.43999999999505,66.18000000000029,5.880000000004657,,,0.0,,,
amd-ryzen-5 · firefox|s5|020_r3f-ref-central_i4,amd-ryzen-5 · firefox,r3f-ref-central,12800,61.0,6188.52,9.856960953507455,10.602205258693024,6.005284650492286,6.699120182215964,101.45114754098367,94.32000000000698,14.257068200061816,124.02000000000407,157.8080000000016,166.52000000000407,1.0,1.0,5.639999999999418,6.184000000002561,82.86000000000058,93.09199999999255,5.579999999987194,,,0.0,,,
amd-ryzen-5 · firefox|s5|021_r3f-state_i5,amd-ryzen-5 · firefox,r3f-state,100,1074.0,3002.06,357.7543420184806,290.6976744186193,138.0452788514649,175.39215037395044,2.795214152700187,3.439999999999827,1.561099989974938,4.880000000000109,6.239999999999782,12.019999999999527,0.0,0.0,0.13999999999987267,0.2600000000002183,0.7399999999997817,1.1199999999998909,2.6399999999998727,,,0.0,,,
amd-ryzen-5 · firefox|s5|021_r3f-state_i5,amd-ryzen-5 · firefox,r3f-state,141,943.0,3002.48,314.0736990754309,247.52475247524976,128.86597938144135,151.7107811491284,3.1839660657476143,4.039999999999964,1.8888714114619443,5.740000000000691,7.17480000000018,8.160000000000764,0.0,0.0,0.14000000000032742,0.2600000000002183,0.8400000000001455,1.2999999999992724,3.119999999999891,,,0.0,,,
amd-ryzen-5 · firefox|s5|021_r3f-state_i5,amd-ryzen-5 · firefox,r3f-state,200,758.0,3003.92,252.33694639005031,191.20458891011654,99.77194982896258,118.76484560569831,3.9629551451187335,5.230000000000473,2.4806113631735016,7.042999999999119,9.643000000000516,10.840000000000146,0.0,0.0,0.15999999999985448,0.31999999999970896,1.0999999999985448,1.7486000000010054,3.949999999999818,,,0.0,,,
amd-ryzen-5 · firefox|s5|021_r3f-state_i5,amd-ryzen-5 · firefox,r3f-state,283,582.0,3000.46,193.97025789378955,203.6659877800845,77.30364873221981,89.64451313755947,5.155429553264606,4.909999999998945,3.3089635326277755,9.458999999999286,12.31899999999899,13.699999999998909,0.0,0.0,0.21999999999752617,0.47999999999956344,1.4799999999995634,2.207600000000891,3.360000000000582,,,0.0,,,
amd-ryzen-5 · firefox|s5|021_r3f-state_i5,amd-ryzen-5 · firefox,r3f-state,400,308.0,3002.82,102.57025063107346,108.45986984814249,65.96306068601646,70.90187180941533,9.749415584415583,9.220000000001164,1.4012747742148872,13.412999999999373,14.651599999999927,15.700000000000728,0.0,0.0,0.22000000000116415,0.2785999999990601,1.9600000000027649,2.6758000000004545,7.0,,,0.0,,,
amd-ryzen-5 · firefox|s5|021_r3f-state_i5,amd-ryzen-5 · firefox,r3f-state,566,299.0,3002.3,99.59031409252897,90.0900900901019,40.716612377847994,45.72175048987525,10.041137123745829,11.099999999998545,6.420362534814327,20.331999999999603,22.46199999999917,26.44000000000233,0.11705685618729098,0.0,0.4400000000023283,1.0404000000008815,3.2600000000020373,5.4040000000013935,0.5,,,0.0,,,
amd-ryzen-5 · firefox|s5|021_r3f-state_i5,amd-ryzen-5 · firefox,r3f-state,800,136.0,3006.36,45.23742998177197,45.372050816695115,34.4589937973806,34.944670937681856,22.10558823529412,22.040000000000873,2.9447330922765547,28.284999999998945,28.73199999999906,29.020000000000437,1.0,0.0,0.46000000000276486,4.786999999997899,4.5,5.791999999999098,17.01000000000022,,,0.0,,,
amd-ryzen-5 · firefox|s5|021_r3f-state_i5,amd-ryzen-5 · firefox,r3f-state,1131,97.0,3010.28,32.22291614069125,34.083162917522806,21.349274124678036,22.815423226099934,31.03381443298968,29.339999999996508,3.617795554414335,36.10400000000081,45.40000000000377,46.84000000000378,1.0,0.20618556701030927,0.680000000000291,4.873600000000404,6.519999999996799,8.008800000000045,22.039999999993597,,,0.0,,,
amd-ryzen-5 · firefox|s5|021_r3f-state_i5,amd-ryzen-5 · firefox,r3f-state,1600,69.0,3025.76,22.804188038707615,23.50728725904982,16.409583196588137,17.10571330824521,43.85159420289858,42.54000000000087,4.827319809044009,55.744000000001684,58.89999999999998,60.93999999999505,1.0,1.0,1.0,5.849600000003084,9.319999999999709,11.739999999997963,31.880000000004657,,,0.0,,,
amd-ryzen-5 · firefox|s5|021_r3f-state_i5,amd-ryzen-5 · firefox,r3f-state,2263,61.0,3793.46,16.080306632994684,16.666666666666668,11.4626318202662,12.25089839921571,62.187868852459005,60.0,6.144031552315297,76.55999999999767,83.0160000000018,87.23999999999796,1.0,1.0,1.5200000000040745,8.448000000001043,13.959999999999127,20.323999999997614,43.95999999999913,,,0.0,,,
amd-ryzen-5 · firefox|s5|021_r3f-state_i5,amd-ryzen-5 · firefox,r3f-state,3200,61.0,5402.22,11.291654171803442,11.899095668729053,9.209799226376717,9.292528806839401,88.5609836065574,84.04000000000087,8.903971717706812,105.83999999999651,108.20800000000017,108.58000000000175,1.0,1.0,2.0599999999976717,5.503999999997904,20.020000000004075,25.82799999999843,61.37999999999738,,,0.0,,,
amd-ryzen-5 · firefox|s5|022_r3f-ref_i5,amd-ryzen-5 · firefox,r3f-ref,100,1246.0,3001.78,415.0870483513116,420.16806722687147,265.9574468085086,285.58268079225456,2.4091332263242373,2.380000000000109,0.5678240464249167,3.3400000000001455,3.619999999999891,3.980000000000473,0.0,0.0,0.09999999999990905,0.1999999999998181,0.8600000000001273,1.2709999999999573,1.4199999999998454,,,0.0,,,
amd-ryzen-5 · firefox|s5|022_r3f-ref_i5,amd-ryzen-5 · firefox,r3f-ref,141,1146.0,3002.2,381.7200719472386,381.67938931305923,240.70021881836254,259.84682713347854,2.6197207678883077,2.619999999999436,0.6883270717974032,3.6599999999998545,3.9710000000002754,4.400000000000546,0.0,0.0,0.14000000000032742,0.22000000000116415,1.1400000000003274,1.6000000000003638,1.3100000000004002,,,0.0,,,
amd-ryzen-5 · firefox|s5|022_r3f-ref_i5,amd-ryzen-5 · firefox,r3f-ref,200,1042.0,3002.22,347.07649672575616,348.4320557491422,169.4915254237288,227.15359077407305,2.8812092130518243,2.869999999999891,0.7221515486141055,3.8400000000001455,4.291799999999838,12.299999999999272,0.0,0.0,0.15999999999985448,0.271799999999401,1.4200000000000728,2.191800000000547,1.2399999999997817,,,0.0,,,
amd-ryzen-5 · firefox|s5|022_r3f-ref_i5,amd-ryzen-5 · firefox,r3f-ref,283,882.0,3000.72,293.92945693033676,294.11764705901237,208.44189682126543,220.6398555811612,3.4021768707482987,3.399999999997817,0.5250032380941086,4.280000000002474,4.647600000002528,4.93999999999869,0.0,0.0,0.27999999999883585,0.47999999999956344,2.0,2.7399999999979627,1.0799999999999272,,,0.0,,,
amd-ryzen-5 · firefox|s5|022_r3f-ref_i5,amd-ryzen-5 · firefox,r3f-ref,400,747.0,3002.5,248.79267277268943,250.0,168.35016835016128,189.64633521271284,4.019410977242303,4.0,0.493335396505154,4.880000000001019,5.360000000000582,7.859999999996944,0.0,0.0,0.3999999999978172,0.5800000000017462,2.600000000002183,3.503200000000067,0.8400000000001455,,,0.0,,,
amd-ryzen-5 · firefox|s5|022_r3f-ref_i5,amd-ryzen-5 · firefox,r3f-ref,566,596.0,3003.6,198.42855240378222,203.25203252024704,141.56285390715053,151.0574018126863,5.0395973154362395,4.920000000001892,0.5175571309440673,6.249999999998181,6.784000000002376,7.240000000001601,0.0,0.0,0.5400000000008731,0.7809999999988567,3.860000000000582,5.202000000000588,0.3600000000005821,,,0.0,,,
amd-ryzen-5 · firefox|s5|022_r3f-ref_i5,amd-ryzen-5 · firefox,r3f-ref,800,480.0,3001.14,159.93922309522384,161.81229773462022,119.11852293032237,129.8420255356008,6.252374999999999,6.180000000000291,0.5138249307876414,7.284000000002376,7.852599999999655,8.719999999997526,0.0,0.0,0.6599999999998545,0.9599999999991269,5.1599999999998545,6.7325999999978,0.3400000000001455,,,0.0,,,
amd-ryzen-5 · firefox|s5|022_r3f-ref_i5,amd-ryzen-5 · firefox,r3f-ref,1131,358.0,3006.24,119.08563521209226,120.77294685992037,94.51795841208269,103.6711794121214,8.397318435754185,8.279999999998836,0.47413499507304024,9.19999999999709,9.785999999998968,11.220000000001164,0.0,0.0,0.819999999999709,1.0799999999975989,7.240000000005239,8.640200000001498,0.2400000000052387,,,0.0,,,
amd-ryzen-5 · firefox|s5|022_r3f-ref_i5,amd-ryzen-5 · firefox,r3f-ref,1600,261.0,3009.64,86.72133544211269,88.80994671401591,68.44626967828276,73.87203091260542,11.531187739463599,11.260000000002037,0.6973205084761678,12.819999999999709,13.65599999999831,15.30000000000291,0.0,0.0,1.0999999999985448,1.4239999999990673,9.839999999996508,11.992000000001275,0.33999999999650754,,,0.0,,,
amd-ryzen-5 · firefox|s5|022_r3f-ref_i5,amd-ryzen-5 · firefox,r3f-ref,2263,184.0,3005.18,61.22761365375784,62.421972534330386,50.6585612968644,53.116147308781144,16.332500000000003,16.020000000000437,0.7864746338737816,17.953999999998995,19.087199999998262,19.739999999997963,0.18478260869565216,0.0,1.5599999999976717,2.1999999999983264,14.19999999999709,16.977400000002522,0.2400000000052387,,,0.0,,,
amd-ryzen-5 · firefox|s5|022_r3f-ref_i5,amd-ryzen-5 · firefox,r3f-ref,3200,136.0,3009.72,45.186927687625406,45.8715596330214,38.58024691358285,40.41492657955029,22.130294117647068,21.80000000000291,0.8315304419062916,23.919999999998254,24.79700000000048,25.919999999998254,1.0,0.0,2.099999999998545,2.466000000002896,19.36999999999898,22.196999999997207,0.3000000000029104,,,0.0,,,
amd-ryzen-5 · firefox|s5|022_r3f-ref_i5,amd-ryzen-5 · firefox,r3f-ref,4525,94.0,3014.76,31.179928087144635,31.279324366592544,28.264556246469024,29.82403817476828,32.07191489361696,31.970000000001164,0.44814858470042446,32.7139999999974,33.31539999999628,35.37999999999738,1.0,0.010638297872340425,3.039999999993597,4.019200000003035,28.69999999999709,29.334399999996954,0.23999999999796273,,,0.0,,,
amd-ryzen-5 · firefox|s5|022_r3f-ref_i5,amd-ryzen-5 · firefox,r3f-ref,6400,61.0,3114.28,19.587191903104415,19.7083169097367,17.525411847179125,18.109380659182666,51.05377049180326,50.73999999999796,1.210947513222621,53.0,55.64399999999732,57.05999999999767,1.0,1.0,5.139999999999418,5.9719999999957505,41.30000000000291,45.3480000000025,4.239999999997963,,,0.0,,,
amd-ryzen-5 · firefox|s5|022_r3f-ref_i5,amd-ryzen-5 · firefox,r3f-ref,9051,61.0,4411.94,13.82611730893894,14.176353841790254,10.519671786240528,10.817047667123521,72.32688524590156,70.54000000000815,5.657650731821008,84.20000000000437,94.60399999999645,95.05999999999767,1.0,1.0,6.879999999990105,7.327999999994063,59.74000000000524,62.86400000000139,3.9399999999877764,,,0.0,,,
amd-ryzen-5 · firefox|s5|022_r3f-ref_i5,amd-ryzen-5 · firefox,r3f-ref,12800,61.0,6234.32,9.784547472699497,10.168802115111202,8.735150244584517,8.759635599159179,102.20196721311487,98.33999999999651,6.693176331078224,113.66000000000349,114.35999999999767,114.47999999999593,1.0,1.0,9.139999999999418,10.155999999999766,84.05999999999767,87.096000000005,4.600000000005821,,,0.0,,,
amd-ryzen-5 · firefox|s5|023_r3f-ref-central_i5,amd-ryzen-5 · firefox,r3f-ref-central,100,1253.0,3000.84,417.54975273590065,431.0344827585903,158.35312747426528,246.52087475149017,2.394924181963288,2.3200000000001637,0.7451901776033891,3.3200000000001637,3.869600000000119,14.5,0.0,0.0,0.07999999999992724,0.14960000000010076,0.8399999999996908,1.3800000000001091,1.4200000000000728,,,0.0,,,
amd-ryzen-5 · firefox|s5|023_r3f-ref-central_i5,amd-ryzen-5 · firefox,r3f-ref-central,141,1166.0,3000.02,388.6640755728296,387.59689922481715,238.92267593396122,261.9219653179109,2.5729159519725555,2.5799999999999272,0.6674372779284238,3.5999999999994543,3.9200000000000728,4.700000000000728,0.0,0.0,0.1000000000003638,0.1600000000010823,1.1199999999998909,1.6200000000002093,1.319999999999709,,,0.0,,,
amd-ryzen-5 · firefox|s5|023_r3f-ref-central_i5,amd-ryzen-5 · firefox,r3f-ref-central,200,1025.0,3001.38,341.50957226342535,347.2222222223187,136.31406761177985,208.12928501469537,2.9281756097560985,2.8799999999991996,0.8345380741800178,3.9559999999994027,4.665599999999976,12.44000000000051,0.0,0.0,0.12000000000080036,0.22000000000116415,1.4200000000000728,2.3400000000001455,1.319999999999709,,,0.0,,,
amd-ryzen-5 · firefox|s5|023_r3f-ref-central_i5,amd-ryzen-5 · firefox,r3f-ref-central,283,860.0,3002.46,286.43179259673724,289.01734104053537,200.20020020019547,215.2798638229642,3.491232558139536,3.459999999999127,0.5292935673412054,4.399999999997999,4.756399999999393,5.56000000000131,0.0,0.0,0.2000000000007276,0.30820000000159714,2.180000000000291,3.080000000000673,1.0599999999985812,,,0.0,,,
amd-ryzen-5 · firefox|s5|023_r3f-ref-central_i5,amd-ryzen-5 · firefox,r3f-ref-central,400,740.0,3002.8,246.43665911815614,248.75621890544562,168.7560270009809,186.54835131592202,4.057837837837842,4.020000000000437,0.5255544665859828,5.001000000000021,5.452199999998957,7.579999999998108,0.0,0.0,0.2599999999983993,0.4000000000014552,2.7000000000007276,3.720000000001164,0.9500000000007276,,,0.0,,,
amd-ryzen-5 · firefox|s5|023_r3f-ref-central_i5,amd-ryzen-5 · firefox,r3f-ref-central,566,600.0,3002.66,199.8228237629302,201.61290322584193,148.6620416253829,156.93659761456382,5.004433333333333,4.959999999999127,0.49968639135472354,6.041000000000894,6.559999999997672,6.959999999999127,0.0,0.0,0.3400000000001455,0.5200000000004366,3.900000000001455,5.319999999999709,0.47999999999956344,,,0.0,,,
amd-ryzen-5 · firefox|s5|023_r3f-ref-central_i5,amd-ryzen-5 · firefox,r3f-ref-central,800,492.0,3001.04,163.94316636899202,165.56291390726082,121.43290831815905,132.83152534867986,6.099674796747969,6.040000000000873,0.497277205468347,7.0580000000012655,8.041800000000912,8.299999999999272,0.0,0.0,0.41999999999825377,0.5818000000014576,5.220000000001164,7.145399999999534,0.3400000000001455,,,0.0,,,
amd-ryzen-5 · firefox|s5|023_r3f-ref-central_i5,amd-ryzen-5 · firefox,r3f-ref-central,1131,374.0,3000.28,124.655032196995,126.90355329953456,94.93670886074202,104.54175862469933,8.022139037433153,7.879999999997381,0.5174548166934939,8.980000000003201,9.661599999997923,10.92000000000553,0.0,0.0,0.5199999999967986,0.7254000000002994,7.139999999999418,8.785399999999935,0.2400000000052387,,,0.0,,,
amd-ryzen-5 · firefox|s5|023_r3f-ref-central_i5,amd-ryzen-5 · firefox,r3f-ref-central,1600,265.0,3007.58,88.11070694711357,89.60573476705547,68.91798759476984,75.48484496573779,11.349358490566045,11.159999999996217,0.6670877200943967,12.739999999997963,13.55839999999968,15.159999999996217,0.0,0.0,0.680000000000291,0.9272000000043775,10.139999999999418,12.040000000000589,0.33999999999650754,,,0.0,,,
amd-ryzen-5 · firefox|s5|023_r3f-ref-central_i5,amd-ryzen-5 · firefox,r3f-ref-central,2263,191.0,3013.78,63.3755615871099,64.51612903225806,50.3524672708948,54.784514243974094,15.778952879581146,15.5,0.8717864012169961,17.360000000000582,18.599999999997085,19.860000000000582,0.1518324607329843,0.0,0.9800000000032014,1.4059999999946737,14.279999999998836,16.764000000001396,0.2599999999947613,,,0.0,,,
amd-ryzen-5 · firefox|s5|023_r3f-ref-central_i5,amd-ryzen-5 · firefox,r3f-ref-central,3200,139.0,3016.02,46.08722753827886,46.641791044786885,37.792894935742936,39.99999999999806,21.69798561151082,21.439999999995052,0.8719636176564957,23.921999999997933,25.27040000000329,26.460000000006403,1.0,0.0,1.319999999999709,1.5295999999970085,19.799999999995634,23.58840000000157,0.31999999999970896,,,0.0,,,
amd-ryzen-5 · firefox|s5|023_r3f-ref-central_i5,amd-ryzen-5 · firefox,r3f-ref-central,4525,98.0,3021.4,32.4352948964057,32.77613897082705,27.337342810277537,29.351335485764853,30.8306122448979,30.510000000002037,0.9300003506556719,32.73200000000033,33.7088000000026,36.580000000001746,1.0,0.02040816326530612,1.860000000000582,2.2011999999971157,28.36999999999898,30.756200000005048,0.2599999999947613,,,0.0,,,
amd-ryzen-5 · firefox|s5|023_r3f-ref-central_i5,amd-ryzen-5 · firefox,r3f-ref-central,6400,62.0,3023.36,20.506985605419132,20.6526228831069,18.40942562592057,18.844221105527982,48.763870967741944,48.419999999998254,1.1787619996973064,51.79300000000439,53.29519999999953,54.31999999999971,1.0,1.0,2.889999999999418,4.084800000001851,40.220000000001164,46.50479999999727,5.140000000003056,,,0.0,,,
amd-ryzen-5 · firefox|s5|023_r3f-ref-central_i5,amd-ryzen-5 · firefox,r3f-ref-central,9051,61.0,4205.8,14.50378049360406,14.858841010400546,11.831519167060481,11.849277194091147,68.9475409836066,67.30000000000291,4.585750631298784,83.45999999999913,84.42400000000198,84.52000000000407,1.0,1.0,4.040000000000873,4.756000000005588,57.379999999990105,62.98399999999819,5.760000000009313,,,0.0,,,
amd-ryzen-5 · firefox|s5|023_r3f-ref-central_i5,amd-ryzen-5 · firefox,r3f-ref-central,12800,61.0,6029.28,10.117294270626013,10.624734381640984,8.748906386701439,8.919545697805885,98.84065573770489,94.11999999999534,7.15297510803571,110.75999999999476,112.35599999999977,114.30000000000291,1.0,1.0,5.4799999999959255,6.260000000003492,82.55999999999767,92.60000000000291,5.820000000006985,,,0.0,,,
amd-ryzen-5 · firefox|s5|024_threejs_i5,amd-ryzen-5 · firefox,threejs,100,1209.0,3000.38,402.9489597984255,409.8360655738377,250.9410288582234,274.44881529595057,2.481703887510339,2.4399999999996,0.5793237165317796,3.4400000000000546,3.7183999999998028,4.839999999999691,0.0,0.0,0.08000000000038199,0.16000000000030923,0.8400000000001455,1.2984000000001483,1.5199999999999818,,,0.0,,,
amd-ryzen-5 · firefox|s5|024_threejs_i5,amd-ryzen-5 · firefox,threejs,141,1099.0,3001.58,366.14049933701574,370.3703703705201,218.34061135371957,237.84355179703067,2.731191992720656,2.6999999999989086,0.822978474051364,3.982000000000424,4.3204000000015,4.819999999999709,0.0,0.0,0.14000000000032742,0.21999999999936334,1.1199999999998909,1.680400000000263,1.360000000000582,,,0.0,,,
amd-ryzen-5 · firefox|s5|024_threejs_i5,amd-ryzen-5 · firefox,threejs,200,1002.0,3003.76,333.5819106719578,335.5704697987069,167.4480910917634,214.9428252084921,2.9977644710578844,2.9799999999995634,0.8272669592056757,4.1599999999998545,4.600000000000364,10.760000000000218,0.0,0.0,0.12000000000080036,0.2000000000007276,1.360000000000582,2.0392000000008745,1.4400000000005093,,,0.0,,,
amd-ryzen-5 · firefox|s5|024_threejs_i5,amd-ryzen-5 · firefox,threejs,283,858.0,3001.6,285.84754797441377,285.7142857142857,198.60973187684976,213.2845825715908,3.498368298368297,3.5,0.5867451859251099,4.460000000002765,4.8400000000001455,5.56000000000131,0.0,0.0,0.2599999999983993,0.3600000000005821,1.9600000000027649,2.7486000000007507,1.2399999999988722,,,0.0,,,
amd-ryzen-5 · firefox|s5|024_threejs_i5,amd-ryzen-5 · firefox,threejs,400,717.0,3000.66,238.9474315650557,240.3846153846238,137.09361535450094,174.42439948169465,4.185020920502092,4.1599999999998545,0.6785997790865131,5.120000000002619,5.6672000000000144,15.559999999997672,0.0,0.0,0.31999999999970896,0.4400000000023283,2.7400000000016007,3.7767999999987665,0.9799999999995634,,,0.0,,,
amd-ryzen-5 · firefox|s5|024_threejs_i5,amd-ryzen-5 · firefox,threejs,566,576.0,3001.36,191.9129994402537,196.07843137260497,141.08352144470047,148.66730381225432,5.210694444444446,5.099999999998545,0.5428064307430739,6.385000000000218,6.929999999998472,7.319999999999709,0.0,0.0,0.3600000000005821,0.5600000000013097,4.059999999997672,5.544999999998254,0.5400000000008731,,,0.0,,,
amd-ryzen-5 · firefox|s5|024_threejs_i5,amd-ryzen-5 · firefox,threejs,800,475.0,3005.2,158.05936376946622,160.25641025646257,109.58904109590134,126.42919964819822,6.326736842105265,6.239999999997963,0.5638970080298749,7.286000000001512,8.110400000001464,9.659999999999854,0.0,0.0,0.41999999999825377,0.6599999999998545,5.440000000002328,7.115600000001577,0.3400000000001455,,,0.0,,,
amd-ryzen-5 · firefox|s5|024_threejs_i5,amd-ryzen-5 · firefox,threejs,1131,375.0,3005.42,124.7745739364216,127.22646310431628,99.27200529447923,103.6388760939527,8.014453333333329,7.860000000000582,0.5978778489638653,9.30600000000195,10.019999999996799,10.080000000001746,0.0,0.0,0.3600000000005821,0.6052000000030965,7.239999999997963,9.170400000001827,0.23999999999796273,,,0.0,,,
amd-ryzen-5 · firefox|s5|024_threejs_i5,amd-ryzen-5 · firefox,threejs,1600,272.0,3008.36,90.4147110053318,94.87666034154812,46.51162790697674,62.28440015331293,11.060147058823532,10.540000000000873,1.5290746714884786,13.271999999998659,19.613799999997234,21.599999999998545,0.014705882352941176,0.0,0.5199999999967986,0.9457999999962343,9.729999999999563,18.431399999998987,0.31999999999970896,,,0.0,,,
amd-ryzen-5 · firefox|s5|024_threejs_i5,amd-ryzen-5 · firefox,threejs,2263,196.0,3007.76,65.16477378514239,67.47638326585827,50.761421319785704,55.235055848777904,15.345714285714296,14.819999999999709,0.988707522021926,17.05999999999949,18.769999999998262,19.700000000004366,0.12244897959183673,0.0,0.7400000000052387,1.091000000001807,13.850000000002183,17.61000000000168,0.23999999999796273,,,0.0,,,
amd-ryzen-5 · firefox|s5|024_threejs_i5,amd-ryzen-5 · firefox,threejs,3200,144.0,3011.6,47.81511488909552,48.99559039686463,36.44314868805322,41.0509031198659,20.913888888888877,20.409999999999854,1.1145880176579335,22.776000000002387,24.86460000000486,27.439999999995052,1.0,0.0,0.9500000000007276,1.3456000000039052,19.149999999997817,23.230200000002437,0.3000000000029104,,,0.0,,,
amd-ryzen-5 · firefox|s5|024_threejs_i5,amd-ryzen-5 · firefox,threejs,4525,102.0,3023.54,33.73529042116194,34.83106931382899,26.954177897575182,28.653295128939828,29.642549019607852,28.709999999999127,1.8535054753300402,33.178000000004246,35.586399999998534,37.099999999998545,1.0,0.049019607843137254,1.319999999999709,2.336799999996509,27.040000000000873,34.0053999999968,0.23999999999796273,,,0.0,,,
amd-ryzen-5 · firefox|s5|024_threejs_i5,amd-ryzen-5 · firefox,threejs,6400,63.0,3002.34,20.9836327664422,21.213406873144088,17.53155680224377,18.4275184275181,47.65619047619042,47.13999999999942,1.684593785218777,49.75599999999904,54.894800000001425,57.04000000000087,1.0,1.0,2.2999999999956344,2.7399999999979627,39.16000000000349,43.6587999999983,5.799999999995634,,,0.0,,,
amd-ryzen-5 · firefox|s5|024_threejs_i5,amd-ryzen-5 · firefox,threejs,9051,61.0,4038.66,15.104019650081945,15.18833535844552,13.993842709206694,14.330753797649496,66.20754098360662,65.83999999999651,1.0301855103785778,68.08000000000175,70.06800000000221,71.4600000000064,1.0,1.0,3.1600000000034925,3.815999999994528,57.16000000000349,62.02399999999907,5.600000000005821,,,0.0,,,
amd-ryzen-5 · firefox|s5|024_threejs_i5,amd-ryzen-5 · firefox,threejs,12800,61.0,5633.04,10.828966242029184,10.890873448051432,9.86387847701671,10.07049345417896,92.34491803278678,91.81999999999243,2.2000413806348007,96.78000000001339,99.85599999999977,101.38000000000466,1.0,1.0,4.419999999998254,5.207999999998719,80.55999999999767,86.26400000000721,6.880000000004657,,,0.0,,,
amd-ryzen-5 · firefox|s5|025_r3f-ref_i6,amd-ryzen-5 · firefox,r3f-ref,100,1243.0,3000.02,414.3305711295259,420.1680672269518,255.86353944563098,278.8271271811447,2.4135317779565564,2.3799999999996544,0.5740586325480094,3.3600000000001273,3.6716000000002245,4.839999999999691,0.0,0.0,0.11999999999989086,0.1999999999998181,0.8799999999996544,1.2600000000000273,1.3999999999996362,,,0.0,,,
amd-ryzen-5 · firefox|s5|025_r3f-ref_i6,amd-ryzen-5 · firefox,r3f-ref,141,1066.0,3001.76,355.12499333724213,357.1428571428339,181.22508155128276,220.72297184741808,2.815909943714822,2.800000000000182,0.7704415948254243,4.020000000000437,4.706999999999059,9.799999999999272,0.0,0.0,0.1400000000012369,0.23999999999978172,1.2600000000002183,1.9400000000005093,1.339999999999236,,,0.0,,,
amd-ryzen-5 · firefox|s5|025_r3f-ref_i6,amd-ryzen-5 · firefox,r3f-ref,200,1016.0,3000.08,338.65763579637877,341.29692832771707,164.58196181699412,223.21428571429112,2.952834645669291,2.9299999999993815,0.7359057528410027,3.959999999999127,4.385000000001403,13.039999999999054,0.0,0.0,0.15999999999985448,0.2600000000002183,1.5,2.100000000000364,1.2600000000002183,,,0.0,,,
amd-ryzen-5 · firefox|s5|025_r3f-ref_i6,amd-ryzen-5 · firefox,r3f-ref,283,866.0,3003.78,288.30340437715137,287.3563218391165,207.4688796680721,224.0516882034159,3.468568129330255,3.4799999999995634,0.46208277475872983,4.2600000000015825,4.6280000000015225,5.139999999999418,0.0,0.0,0.2999999999992724,0.4870000000020814,2.0799999999999272,2.7139999999997606,1.0599999999985812,,,0.0,,,
amd-ryzen-5 · firefox|s5|025_r3f-ref_i6,amd-ryzen-5 · firefox,r3f-ref,400,734.0,3000.92,244.59165855804235,245.09803921579993,163.0941286113628,181.79981820018475,4.088446866485011,4.079999999998108,0.5410933671386426,5.087000000000626,5.646799999999565,8.200000000000728,0.0,0.0,0.4000000000014552,0.5999999999985448,2.639999999999418,3.80000000000171,0.8999999999978172,,,0.0,,,
amd-ryzen-5 · firefox|s5|025_r3f-ref_i6,amd-ryzen-5 · firefox,r3f-ref,566,592.0,3004.64,197.0285957718729,201.61290322584193,141.24293785308703,150.99448089138423,5.075405405405404,4.959999999999127,0.5078502229051147,6.218000000001118,6.74359999999837,7.56000000000131,0.0,0.0,0.5400000000008731,0.7999999999992724,3.8400000000001455,5.20360000000048,0.4399999999986903,,,0.0,,,
amd-ryzen-5 · firefox|s5|025_r3f-ref_i6,amd-ryzen-5 · firefox,r3f-ref,800,472.0,3002.44,157.205472882056,159.23566878983843,117.02750146284278,128.86597938144098,6.361101694915251,6.279999999998836,0.49004230312356856,7.2889999999990325,7.977400000001036,8.93999999999869,0.0,0.0,0.680000000000291,0.9799999999995634,5.239999999997963,6.6374000000019455,0.3400000000001455,,,0.0,,,
amd-ryzen-5 · firefox|s5|025_r3f-ref_i6,amd-ryzen-5 · firefox,r3f-ref,1131,354.0,3001.3,117.94888881484707,120.48192771080113,91.79926560583345,98.99836943861196,8.47824858757061,8.30000000000291,0.5640507936369885,9.506999999998879,10.367000000002879,11.640000000006694,0.0,0.0,0.8300000000017462,1.2000000000043656,7.239999999997963,8.919999999998254,0.2400000000052387,,,0.0,,,
amd-ryzen-5 · firefox|s5|025_r3f-ref_i6,amd-ryzen-5 · firefox,r3f-ref,1600,257.0,3002.84,85.58564558884267,87.10801393725794,72.46376811594585,75.84376185058375,11.684202334630337,11.480000000003201,0.5443468759906236,12.736000000000057,13.308800000001503,14.139999999999418,0.0,0.0,1.1000000000058208,1.5552000000016413,10.039999999993597,11.688799999998883,0.3400000000037835,,,0.0,,,
amd-ryzen-5 · firefox|s5|025_r3f-ref_i6,amd-ryzen-5 · firefox,r3f-ref,2263,182.0,3011.82,60.42857806907452,61.728395061739484,50.05005005004203,52.10142410558844,16.548461538461538,16.19999999999709,0.8653762609977832,18.272999999998863,19.473200000003924,19.9800000000032,0.2857142857142857,0.0,1.5999999999985448,1.9837999999966995,14.319999999999709,17.612200000001756,0.2400000000052387,,,0.0,,,
amd-ryzen-5 · firefox|s5|025_r3f-ref_i6,amd-ryzen-5 · firefox,r3f-ref,3200,134.0,3020.46,44.36410348092676,45.41326067212286,39.37007874015522,39.845929074247714,22.54074626865671,22.0199999999968,0.9904852815821248,24.753999999998268,25.30079999999805,25.400000000001455,1.0,0.0,2.180000000000291,2.9207999999982683,19.4900000000016,22.560800000004964,0.3200000000069849,,,0.0,,,
amd-ryzen-5 · firefox|s5|025_r3f-ref_i6,amd-ryzen-5 · firefox,r3f-ref,4525,96.0,3028.88,31.694883917487605,32.11303789338532,25.523226135783375,27.173913043476112,31.550833333333383,31.139999999999418,1.2978457184015677,33.905000000002474,36.52000000000443,39.18000000000029,1.0,0.08333333333333333,3.040000000000873,3.685000000000582,27.81999999999971,32.63199999999996,0.2400000000052387,,,0.0,,,
amd-ryzen-5 · firefox|s5|025_r3f-ref_i6,amd-ryzen-5 · firefox,r3f-ref,6400,61.0,3088.04,19.75363013432468,19.801980198019802,19.09125620465922,19.24310455420213,50.623606557377066,50.5,0.41712521216385934,51.60000000000582,52.019999999998255,52.37999999999738,1.0,1.0,4.799999999995634,5.132000000000699,40.37999999999738,42.49200000000419,5.3400000000037835,,,0.0,,,
amd-ryzen-5 · firefox|s5|025_r3f-ref_i6,amd-ryzen-5 · firefox,r3f-ref,9051,61.0,4402.14,13.856896872884553,14.240956992309647,10.688328345446207,10.899578549629206,72.16622950819671,70.22000000000116,5.628975680629271,87.19999999999709,93.35600000000268,93.56000000000495,1.0,1.0,6.4799999999959255,7.236000000001512,58.04000000000815,60.088000000003376,5.580000000001746,,,0.0,,,
amd-ryzen-5 · firefox|s5|025_r3f-ref_i6,amd-ryzen-5 · firefox,r3f-ref,12800,61.0,6258.44,9.746837870140158,10.208248264598645,8.286377195890436,8.534850640113797,102.59737704918037,97.95999999999185,7.314114642625542,115.04000000000815,117.5359999999986,120.67999999999302,1.0,1.0,9.180000000007567,9.724000000004889,82.97999999999593,89.03199999999195,5.680000000007567,,,0.0,,,
amd-ryzen-5 · firefox|s5|026_r3f-ref-central_i6,amd-ryzen-5 · firefox,r3f-ref-central,100,1244.0,3000.62,414.5809865961035,431.0344827585903,147.23926380368343,240.17974742387864,2.412073954983923,2.3200000000001637,0.78780357475855,3.400000000000091,3.859999999999932,14.55999999999949,0.0,0.0,0.06000000000040018,0.1600000000001137,0.8400000000001455,1.3314000000003476,1.4200000000000728,,,0.0,,,
amd-ryzen-5 · firefox|s5|026_r3f-ref-central_i6,amd-ryzen-5 · firefox,r3f-ref-central,141,1157.0,3000.82,385.5612799168228,390.6250000000777,239.54703832753052,260.22644265887516,2.59362143474503,2.5599999999994907,0.6168743949898602,3.604000000000088,3.9887999999997565,4.579999999999927,0.0,0.0,0.11999999999898137,0.18000000000029104,1.179999999998472,1.6488000000006298,1.2999999999992724,,,0.0,,,
amd-ryzen-5 · firefox|s5|026_r3f-ref-central_i6,amd-ryzen-5 · firefox,r3f-ref-central,200,1004.0,3000.66,334.5930561943039,337.83783783772986,123.06177701206248,198.14535943567904,2.9887051792828685,2.960000000000946,0.91858463059338,4.079999999999927,4.737599999999786,17.76000000000022,0.00099601593625498,0.0,0.11999999999898137,0.21999999999934516,1.4600000000000364,2.5587999999994655,1.3400000000001455,,,0.0,,,
amd-ryzen-5 · firefox|s5|026_r3f-ref-central_i6,amd-ryzen-5 · firefox,r3f-ref-central,283,883.0,3000.78,294.25682655842826,295.85798816559134,206.7183462532358,224.69614952508482,3.3983918459796136,3.3800000000010186,0.49056277139333776,4.1599999999998545,4.643599999999496,5.020000000000437,0.0,0.0,0.2000000000007276,0.3036000000023331,2.0599999999994907,2.819999999999709,1.1199999999989814,,,0.0,,,
amd-ryzen-5 · firefox|s5|026_r3f-ref-central_i6,amd-ryzen-5 · firefox,r3f-ref-central,400,754.0,3004.06,250.99365525322418,250.0,178.11704834609225,192.8690575479638,3.984164456233419,4.0,0.5263178913156887,4.80700000000179,5.338800000000121,6.479999999999563,0.0,0.0,0.2400000000016007,0.3600000000005821,2.5800000000017462,3.5799999999981083,1.0199999999967986,,,0.0,,,
amd-ryzen-5 · firefox|s5|026_r3f-ref-central_i6,amd-ryzen-5 · firefox,r3f-ref-central,566,599.0,3001.34,199.5775220401554,202.42914979747545,145.518044237483,153.32557893624409,5.010584307178632,4.940000000002328,0.5035454490094788,6.0840000000014705,6.681200000000316,7.0,0.0,0.0,0.3400000000001455,0.5,3.8800000000010186,5.360000000000582,0.5600000000013097,,,0.0,,,
amd-ryzen-5 · firefox|s5|026_r3f-ref-central_i6,amd-ryzen-5 · firefox,r3f-ref-central,800,490.0,3003.78,163.12779231501628,166.11295681061918,124.06947890818243,130.47732956399176,6.130163265306128,6.020000000000437,0.5331593279643887,7.259999999998399,7.770999999998641,8.180000000000291,0.0,0.0,0.41999999999825377,0.5800000000017462,5.219999999997526,6.871000000000423,0.3400000000001455,,,0.0,,,
amd-ryzen-5 · firefox|s5|026_r3f-ref-central_i6,amd-ryzen-5 · firefox,r3f-ref-central,1131,370.0,3005.42,123.11091295060265,125.62814070353137,99.60159362548934,104.44470233260488,8.122756756756752,7.959999999999127,0.5670290283506307,9.319999999999709,9.679999999995271,10.62000000000262,0.0,0.0,0.5200000000040745,0.680000000000291,7.200000000000728,8.723400000000112,0.2400000000052387,,,0.0,,,
amd-ryzen-5 · firefox|s5|026_r3f-ref-central_i6,amd-ryzen-5 · firefox,r3f-ref-central,1600,271.0,3006.8,90.12904084076108,92.08103130754571,68.96551724136201,76.4436081383019,11.095202952029505,10.860000000000582,0.6532170073245218,12.400000000001455,13.176000000003116,15.200000000004366,0.0,0.0,0.7000000000043656,0.9299999999959266,9.839999999996508,12.098000000001049,0.33999999999650754,,,0.0,,,
amd-ryzen-5 · firefox|s5|026_r3f-ref-central_i6,amd-ryzen-5 · firefox,r3f-ref-central,2263,193.0,3010.02,64.11917528787191,66.13756613755469,50.968399592246,53.55230274901663,15.59595854922278,15.12000000000262,1.002373349409603,17.59599999999918,19.169599999997008,19.62000000000262,0.16580310880829016,0.0,0.9800000000032014,1.4864000000027577,13.87999999999738,17.829599999999918,0.26000000000203727,,,0.0,,,
amd-ryzen-5 · firefox|s5|026_r3f-ref-central_i6,amd-ryzen-5 · firefox,r3f-ref-central,3200,138.0,3018.02,45.72534310574488,46.59832246039332,37.0096225018449,39.01677721420056,21.869710144927513,21.459999999999127,1.0210578041711944,23.772999999998138,26.18020000000433,27.020000000004075,1.0,0.0,1.3399999999965075,1.748199999995849,19.81999999999971,24.44180000000182,0.2999999999956344,,,0.0,,,
amd-ryzen-5 · firefox|s5|026_r3f-ref-central_i6,amd-ryzen-5 · firefox,r3f-ref-central,4525,99.0,3001.74,32.98087109476498,33.602150537632106,28.3286118980205,28.735632183908645,30.320606060606114,29.760000000002037,1.2860966242476044,33.80199999999895,34.84920000000362,35.299999999995634,1.0,0.0707070707070707,1.860000000000582,2.520799999996816,27.60000000000582,32.36280000000057,0.2599999999947613,,,0.0,,,
amd-ryzen-5 · firefox|s5|026_r3f-ref-central_i6,amd-ryzen-5 · firefox,r3f-ref-central,6400,62.0,3037.96,20.40843197408788,20.576131687243414,18.109380659181074,18.52537977028586,48.999354838709664,48.599999999998545,1.358393302334945,52.51000000000167,54.475800000000454,55.220000000001164,1.0,1.0,3.1300000000010186,3.862400000001435,40.63000000000102,44.819199999999256,4.75,,,0.0,,,
amd-ryzen-5 · firefox|s5|026_r3f-ref-central_i6,amd-ryzen-5 · firefox,r3f-ref-central,9051,61.0,4290.14,14.21865020721937,14.723203769140543,11.831519167061499,11.978917105893863,70.3301639344261,67.91999999999825,4.901011627478183,82.19999999999709,83.95599999999976,84.5199999999968,1.0,1.0,4.4799999999959255,5.088000000003376,58.419999999998254,66.0039999999979,5.259999999994761,,,0.0,,,
amd-ryzen-5 · firefox|s5|026_r3f-ref-central_i6,amd-ryzen-5 · firefox,r3f-ref-central,12800,61.0,6058.04,10.069263326092278,10.501995379121905,8.812125484667218,8.821453775582171,99.31213114754088,95.22000000000116,7.0507184302393995,113.08000000000175,113.4680000000022,113.47999999999593,1.0,1.0,6.1600000000034925,6.80000000000291,83.58000000000175,93.43200000000068,5.060000000012224,,,0.0,,,
amd-ryzen-5 · firefox|s5|027_threejs_i6,amd-ryzen-5 · firefox,threejs,100,1220.0,3000.88,406.5474127589241,413.2231404958553,245.4991816693916,270.19844082210926,2.4597377049180333,2.4200000000000728,0.5684611555503203,3.4210000000000598,3.880000000000109,4.380000000000109,0.0,0.0,0.07999999999992724,0.17999999999938154,0.8600000000001273,1.2962000000001843,1.4799999999997908,,,0.0,,,
amd-ryzen-5 · firefox|s5|027_threejs_i6,amd-ryzen-5 · firefox,threejs,141,1126.0,3003.56,374.8884656873844,378.7878787877013,227.46071133168064,248.1609501019244,2.667460035523978,2.640000000001237,0.7169633095844409,3.7799999999997453,4.224999999999454,4.679999999998472,0.0,0.0,0.1000000000003638,0.1600000000014461,1.0799999999999272,1.5200000000004366,1.4200000000000728,,,0.0,,,
amd-ryzen-5 · firefox|s5|027_threejs_i6,amd-ryzen-5 · firefox,threejs,200,1009.0,3001.06,336.2145375300728,340.1360544217098,215.88946459412915,227.9773846434399,2.974291377601585,2.9400000000005093,0.7563901833440468,4.1400000000005095,4.5,4.940000000000509,0.0,0.0,0.12000000000080036,0.20000000000058207,1.3999999999996362,2.039999999999054,1.360000000000582,,,0.0,,,
amd-ryzen-5 · firefox|s5|027_threejs_i6,amd-ryzen-5 · firefox,threejs,283,862.0,3002.88,287.05775788576307,285.7142857142857,192.95706705261026,210.70168561349064,3.483619489559164,3.5,0.6255555553560701,4.419999999999982,4.9278000000006426,5.419999999998254,0.0,0.0,0.2000000000007276,0.2999999999992724,2.0,2.806799999999419,1.2399999999997817,,,0.0,,,
amd-ryzen-5 · firefox|s5|027_threejs_i6,amd-ryzen-5 · firefox,threejs,400,726.0,3000.56,241.95483509744838,242.71844660189458,172.3289020187143,188.32391713748018,4.1330027548209385,4.1200000000008,0.5405535527963402,5.020000000000437,5.414999999999054,6.219999999997526,0.0,0.0,0.26000000000203727,0.4000000000014552,2.720000000001164,3.710000000000946,0.9800000000013824,,,0.0,,,
amd-ryzen-5 · firefox|s5|027_threejs_i6,amd-ryzen-5 · firefox,threejs,566,605.0,3004.04,201.39545412178262,201.61290322569405,140.18691588782903,155.48875298018748,4.965355371900828,4.960000000002765,0.5596099762232394,5.907999999998717,6.775999999998898,7.720000000001164,0.0,0.0,0.2999999999992724,0.4800000000030559,3.6599999999998545,5.099199999998674,0.7999999999992724,,,0.0,,,
amd-ryzen-5 · firefox|s5|027_threejs_i6,amd-ryzen-5 · firefox,threejs,800,497.0,3005.3,165.3745050410941,168.35016835020548,125.39184952978914,130.79019073568963,6.0468812877263565,5.93999999999869,0.5886891979355643,7.319999999999709,7.781600000002364,8.159999999999854,0.0,0.0,0.31999999999970896,0.5200000000004366,5.180000000000291,6.942400000002237,0.3400000000001455,,,0.0,,,
amd-ryzen-5 · firefox|s5|027_threejs_i6,amd-ryzen-5 · firefox,threejs,1131,383.0,3000.98,127.62497584122538,130.2083333333284,101.62601626017363,106.12153708668401,7.835456919060041,7.680000000000291,0.5704771931034551,9.040000000000873,9.559999999997672,10.219999999993888,0.0,0.0,0.37999999999738066,0.5635999999970955,7.059999999997672,8.843600000003207,0.23999999999796273,,,0.0,,,
amd-ryzen-5 · firefox|s5|027_threejs_i6,amd-ryzen-5 · firefox,threejs,1600,290.0,3000.46,96.65184671683679,98.23182711198147,74.29420505201077,80.1190339933625,10.346413793103446,10.180000000000291,0.8386949623953648,11.930999999999768,12.704399999997186,13.819999999999709,0.0,0.0,0.5199999999967986,0.8022000000025585,9.279999999998836,11.72440000000126,0.33999999999650754,,,0.0,,,
amd-ryzen-5 · firefox|s5|027_threejs_i6,amd-ryzen-5 · firefox,threejs,2263,209.0,3000.58,69.65320038125975,71.94244604315793,54.70459518599911,58.05178218971009,14.356842105263132,13.900000000001455,0.9436832395887745,16.396000000005007,17.45760000000271,18.68000000000029,0.03827751196172249,0.0,0.7200000000011642,0.9967999999999296,12.959999999999127,16.342400000000485,0.23999999999796273,,,0.0,,,
amd-ryzen-5 · firefox|s5|027_threejs_i6,amd-ryzen-5 · firefox,threejs,3200,148.0,3000.94,49.31788039747542,50.42864346948623,41.25412541253234,43.130006161430614,20.276621621621636,19.830000000001746,0.9541784613623974,22.06600000000144,23.37779999999904,24.24000000000524,1.0,0.0,0.9000000000014552,1.2506000000001223,18.649999999997817,22.020000000000653,0.3000000000029104,,,0.0,,,
amd-ryzen-5 · firefox|s5|027_threejs_i6,amd-ryzen-5 · firefox,threejs,4525,108.0,3014.9,35.82208365119903,36.41660597232454,28.636884306988833,30.09872381411113,27.915740740740755,27.459999999999127,1.449179080349356,31.299999999995634,34.18660000000271,34.919999999998254,1.0,0.018518518518518517,1.2799999999988358,2.076199999998787,25.919999999998254,31.84060000000193,0.22999999999956344,,,0.0,,,
amd-ryzen-5 · firefox|s5|027_threejs_i6,amd-ryzen-5 · firefox,threejs,6400,66.0,3011.62,21.915115452812753,22.050716648291775,20.31694433157205,20.350020350020593,45.6306060606061,45.349999999998545,0.9551429676113079,48.06999999999789,49.1940000000006,49.220000000001164,1.0,1.0,2.139999999999418,2.6209999999977294,37.04000000000087,42.6080000000009,6.059999999997672,,,0.0,,,
amd-ryzen-5 · firefox|s5|027_threejs_i6,amd-ryzen-5 · firefox,threejs,9051,61.0,3866.3,15.77735819776012,15.91849729385369,13.835085777532043,14.409221902016485,63.381967213114805,62.820000000006985,1.6784385796249899,66.89999999999418,69.72400000000198,72.27999999999884,1.0,1.0,2.8800000000046566,3.9159999999988937,53.9600000000064,62.58000000000029,5.860000000000582,,,0.0,,,
amd-ryzen-5 · firefox|s5|027_threejs_i6,amd-ryzen-5 · firefox,threejs,12800,61.0,5458.84,11.17453524924707,11.289230074508696,8.474576271186441,9.652509652510014,89.48918032786904,88.58000000000175,4.048027624692048,91.24000000000524,106.19199999999543,118.0,1.0,1.0,4.319999999992433,5.420000000001163,77.69999999999709,94.72800000000277,6.460000000006403,,,0.0,,,
amd-ryzen-5 · firefox|s5|028_r3f-state_i6,amd-ryzen-5 · firefox,r3f-state,100,1089.0,3000.74,362.9104820810867,292.3976608187461,147.71048744460896,178.67778439547413,2.7555004591368224,3.419999999999618,1.5002257036840372,4.831999999999878,6.167199999999896,8.420000000000073,0.0,0.0,0.13999999999987267,0.24000000000029104,0.7200000000002547,1.122399999999941,2.599999999999909,,,0.0,,,
amd-ryzen-5 · firefox|s5|028_r3f-state_i6,amd-ryzen-5 · firefox,r3f-state,141,892.0,3002.08,297.1273250546289,242.71844660200176,60.96631611034934,113.98963730570028,3.3655605381165907,4.119999999998981,2.342285573034709,5.989000000000759,9.200799999999562,23.280000000000655,0.004484304932735426,0.0,0.14000000000032742,0.2799999999998272,0.8599999999996726,1.5,3.180000000000291,,,0.0,,,
amd-ryzen-5 · firefox|s5|028_r3f-state_i6,amd-ryzen-5 · firefox,r3f-state,200,724.0,3004.32,240.98631304255193,247.52475247524976,90.6735751295371,105.73308270676479,4.14961325966851,4.039999999999964,2.620385740113229,7.7339999999999245,10.360000000000582,11.399999999999636,0.0,0.0,0.18000000000029104,0.3600000000005821,1.1599999999998545,1.9553999999994445,2.550000000000182,,,0.0,,,
amd-ryzen-5 · firefox|s5|028_r3f-state_i6,amd-ryzen-5 · firefox,r3f-state,283,567.0,3000.38,188.976063032016,142.4501424501336,75.98784194528538,85.52752153460642,5.291675485008817,7.020000000000437,3.353251865157541,10.247999999999227,12.233999999997835,14.0,0.0,0.0,0.22000000000116415,0.47999999999956344,1.5399999999972351,2.4799999999995634,0.5799999999981083,,,0.0,,,
amd-ryzen-5 · firefox|s5|028_r3f-state_i6,amd-ryzen-5 · firefox,r3f-state,400,405.0,3002.2,134.90107254679899,102.0408163265003,55.08124483613407,61.73601679219673,7.412839506172841,9.80000000000291,4.652207512464291,14.51200000000026,16.9592000000026,20.020000000000437,0.014814814814814815,0.0,0.3600000000005821,0.7191999999976538,2.2599999999983993,4.480800000000007,7.259999999998399,,,0.0,,,
amd-ryzen-5 · firefox|s5|028_r3f-state_i6,amd-ryzen-5 · firefox,r3f-state,566,205.0,3000.92,68.31238420217804,74.85029940119435,40.93327875562479,47.0942827540712,14.638634146341454,13.360000000000582,2.4131206075279064,18.83199999999997,21.60480000000258,24.56000000000131,0.2048780487804878,0.0,0.37999999999738066,0.4991999999999827,3.180000000000291,8.785600000002745,9.799999999999272,,,0.0,,,
amd-ryzen-5 · firefox|s5|028_r3f-state_i6,amd-ryzen-5 · firefox,r3f-state,800,136.0,3022.02,45.00301123089853,44.34589800443602,31.786395422756264,32.894736842105,22.22073529411765,22.549999999999272,3.554728021549501,29.140000000001237,30.685000000000585,31.460000000002765,1.0,0.0,0.46000000000276486,4.273000000002321,4.520000000000437,5.909000000000562,17.48999999999978,,,0.0,,,
amd-ryzen-5 · firefox|s5|028_r3f-state_i6,amd-ryzen-5 · firefox,r3f-state,1131,94.0,3006.46,31.266007197834007,32.030749519541295,24.330900243309863,25.19526329050222,31.983617021276586,31.219999999997526,3.307081958094686,38.111999999999895,39.46319999999664,41.099999999998545,1.0,0.23404255319148937,0.7799999999988358,3.840400000002371,6.580000000001746,8.301400000002687,23.55999999999767,,,0.0,,,
amd-ryzen-5 · firefox|s5|028_r3f-state_i6,amd-ryzen-5 · firefox,r3f-state,1600,67.0,3021.04,22.17779307788046,23.191094619668554,15.328019619863882,16.207455429496424,45.090149253731354,43.11999999999534,5.1140950479247556,53.69399999999877,62.3228000000064,65.24000000000524,1.0,1.0,1.1000000000058208,7.213199999997904,9.700000000004366,15.329199999998675,31.37999999999738,,,0.0,,,
amd-ryzen-5 · firefox|s5|028_r3f-state_i6,amd-ryzen-5 · firefox,r3f-state,2263,61.0,3880.42,15.719947840697664,16.611295681063925,10.796804145973335,11.742602160638985,63.61344262295079,60.19999999999709,7.225714009758304,77.93999999999505,86.58399999999672,92.61999999999534,1.0,1.0,1.4200000000055297,10.27600000000092,14.019999999996799,21.70400000000081,44.479999999995925,,,0.0,,,
amd-ryzen-5 · firefox|s5|028_r3f-state_i6,amd-ryzen-5 · firefox,r3f-state,3200,61.0,5379.48,11.33938596295552,11.756407241946178,8.778089887640585,8.936550491510355,88.18819672131153,85.06000000000495,8.140784873748938,108.44000000000233,112.2399999999965,113.91999999999825,1.0,1.0,2.1999999999970896,7.059999999996211,20.18000000000029,24.716000000001802,62.19999999999709,,,0.0,,,
amd-ryzen-5 · firefox|s5|029_threejs_i7,amd-ryzen-5 · firefox,threejs,100,1205.0,3000.62,401.58367270764046,406.5040650406444,255.5366269165245,271.14967462038857,2.490141078838174,2.4600000000000364,0.6195355644580927,3.5,3.779199999999765,4.180000000000291,0.0,0.0,0.07999999999992724,0.16000000000030923,0.8400000000001455,1.2399999999997817,1.5599999999999454,,,0.0,,,
amd-ryzen-5 · firefox|s5|029_threejs_i7,amd-ryzen-5 · firefox,threejs,141,1114.0,3001.38,371.16259853800597,373.13432835816843,232.6565143823995,245.49187645063185,2.69423698384201,2.680000000000291,0.7544904812427633,3.879999999999518,4.252200000000278,4.380000000001019,0.0,0.0,0.14000000000032742,0.21999999999934516,1.0999999999989996,1.6600000000006458,1.4200000000000728,,,0.0,,,
amd-ryzen-5 · firefox|s5|029_threejs_i7,amd-ryzen-5 · firefox,threejs,200,1012.0,3002.58,337.0434759440215,335.5704697987069,167.5603217158271,216.562716562719,2.9669762845849803,2.9799999999995634,0.8484786801408815,4.088999999999304,4.577800000000079,12.799999999999272,0.0,0.0,0.12000000000080036,0.1999999999989086,1.3800000000010186,2.0600000000011094,1.3999999999996362,,,0.0,,,
amd-ryzen-5 · firefox|s5|029_threejs_i7,amd-ryzen-5 · firefox,threejs,283,866.0,3000.26,288.64165105690836,287.3563218391165,197.62845849799922,213.61152508690867,3.4645034642032333,3.4799999999995634,0.6014837496924972,4.380000000001019,4.88699999999999,5.479999999999563,0.0,0.0,0.2400000000016007,0.3400000000001455,2.0,2.639999999999418,1.2199999999993452,,,0.0,,,
amd-ryzen-5 · firefox|s5|029_threejs_i7,amd-ryzen-5 · firefox,threejs,400,723.0,3003.4,240.7271758673502,242.71844660200176,137.2549019608039,176.88679245283296,4.15408022130014,4.119999999998981,0.6979600899651868,5.078000000001702,5.455599999999031,16.459999999999127,0.0,0.0,0.31999999999970896,0.44000000000152795,2.7399999999979627,3.815600000000413,0.9200000000018917,,,0.0,,,
amd-ryzen-5 · firefox|s5|029_threejs_i7,amd-ryzen-5 · firefox,threejs,566,577.0,3001.66,192.22696774451472,197.62845849797256,128.60082304525207,141.88709840883482,5.202183708838821,5.06000000000131,0.6585348432722787,6.57200000000084,7.337599999999222,8.180000000000291,0.0,0.0,0.3400000000001455,0.5600000000013097,4.0,5.982399999998745,0.5600000000013097,,,0.0,,,
amd-ryzen-5 · firefox|s5|029_threejs_i7,amd-ryzen-5 · firefox,threejs,800,483.0,3006.3,160.66260852210362,162.86644951141608,122.39902080783244,130.49151805132274,6.224223602484471,6.139999999999418,0.5016590398088121,7.240000000001601,7.941599999998726,8.319999999999709,0.0,0.0,0.3600000000005821,0.6199999999996362,5.400000000001455,7.04720000000103,0.3400000000001455,,,0.0,,,
amd-ryzen-5 · firefox|s5|029_threejs_i7,amd-ryzen-5 · firefox,threejs,1131,374.0,3002.42,124.56618327882182,126.90355329953456,98.55453350855741,105.20163646989259,8.027860962566841,7.879999999997381,0.502195951977395,8.967000000000553,9.824799999996172,10.360000000000582,0.0,0.0,0.3600000000005821,0.5199999999987631,7.279999999998836,9.197799999998022,0.23999999999796273,,,0.0,,,
amd-ryzen-5 · firefox|s5|029_threejs_i7,amd-ryzen-5 · firefox,threejs,1600,278.0,3010.4,92.34653202232279,94.33962264152238,70.12622720898403,75.61656584458284,10.828776978417245,10.599999999998545,0.7004469541950493,12.069000000004596,13.858200000005315,14.319999999999709,0.0,0.0,0.5,0.7845999999980999,9.780000000002474,12.82759999999624,0.31999999999970896,,,0.0,,,
amd-ryzen-5 · firefox|s5|029_threejs_i7,amd-ryzen-5 · firefox,threejs,2263,198.0,3000.86,65.98108542217896,67.56756756755428,51.652892561981915,56.6679259539102,15.155858585858589,14.80000000000291,0.7996452387274066,16.851999999996767,17.862400000000417,19.360000000000582,0.06565656565656566,0.0,0.7200000000011642,1.0406000000009954,13.840000000003783,16.900600000001358,0.23999999999796273,,,0.0,,,
amd-ryzen-5 · firefox|s5|029_threejs_i7,amd-ryzen-5 · firefox,threejs,3200,147.0,3006.98,48.88625797311595,49.60317460316601,41.050903119867655,42.74026132616956,20.455646258503375,20.160000000003492,0.8332721997890399,22.304000000002997,23.612800000002167,24.360000000000582,1.0,0.0,0.9399999999950523,1.1723999999981602,18.919999999998254,22.11760000000591,0.3000000000029104,,,0.0,,,
amd-ryzen-5 · firefox|s5|029_threejs_i7,amd-ryzen-5 · firefox,threejs,4525,103.0,3019.32,34.113641482188044,34.91620111731915,27.48763056624717,29.425612052730997,29.313786407766987,28.639999999999418,1.5010376257546367,32.83999999999796,34.53120000000476,36.37999999999738,1.0,0.019417475728155338,1.2999999999956344,1.6192000000026021,27.080000000001746,32.08399999999863,0.23999999999796273,,,0.0,,,
amd-ryzen-5 · firefox|s5|029_threejs_i7,amd-ryzen-5 · firefox,threejs,6400,64.0,3018.64,21.20160072085443,21.267545725223112,19.26782273603299,19.828155981495247,47.16624999999999,47.02000000000044,1.049255972218613,48.815000000001234,51.00539999999528,51.89999999999418,1.0,1.0,2.1599999999998545,2.7318000000000753,38.32999999999811,43.947400000001146,6.120000000002619,,,0.0,,,
amd-ryzen-5 · firefox|s5|029_threejs_i7,amd-ryzen-5 · firefox,threejs,9051,61.0,4011.46,15.206433567828203,15.234613040828899,14.322543683756802,14.560279557366924,65.76163934426216,65.63999999999942,0.9476799395158091,67.30000000000291,68.8359999999986,69.82000000000698,1.0,1.0,3.099999999998545,3.871999999997206,55.68000000000029,59.532000000003606,6.419999999998254,,,0.0,,,
amd-ryzen-5 · firefox|s5|029_threejs_i7,amd-ryzen-5 · firefox,threejs,12800,61.0,5512.98,11.064796171943312,11.155734047300385,10.373443983403115,10.385653950010887,90.37672131147534,89.63999999999942,1.760118103339581,96.11999999999534,96.31599999999453,96.39999999999418,1.0,1.0,4.1600000000034925,5.09199999999837,77.97999999999593,84.73199999999778,7.580000000001746,,,0.0,,,
amd-ryzen-5 · firefox|s5|030_r3f-state_i7,amd-ryzen-5 · firefox,r3f-state,100,1085.0,3000.06,361.6594334779971,301.2048192770936,124.84394506866504,170.98347159774497,2.7650322580645166,3.3200000000001637,1.5165062671098828,4.639999999999873,7.3432000000000714,10.019999999999527,0.0,0.0,0.14000000000032742,0.26320000000028976,0.7399999999997817,1.1032000000002897,2.480000000000473,,,0.0,,,
amd-ryzen-5 · firefox|s5|030_r3f-state_i7,amd-ryzen-5 · firefox,r3f-state,141,930.0,3000.58,309.94007825153795,248.13895781639286,113.89521640091053,139.50385151937937,3.2264301075268826,4.029999999999745,1.9577576494416158,5.771000000000457,8.3799999999992,9.539999999999964,0.0,0.0,0.13999999999941792,0.2600000000002183,0.8800000000001091,1.2599999999999545,3.1100000000001273,,,0.0,,,
amd-ryzen-5 · firefox|s5|030_r3f-state_i7,amd-ryzen-5 · firefox,r3f-state,200,732.0,3001.48,243.87968602156272,244.49877750615815,89.58280010237684,108.77447425670566,4.100382513661201,4.089999999999236,2.5949973688987393,7.547000000000203,9.769000000000409,14.780000000000655,0.0,0.0,0.15999999999985448,0.3400000000001455,1.1599999999998545,1.8537999999991905,2.4899999999997817,,,0.0,,,
amd-ryzen-5 · firefox|s5|030_r3f-state_i7,amd-ryzen-5 · firefox,r3f-state,283,542.0,3007.44,180.21972175671,136.98630136987666,74.20599584446512,83.1588025132428,5.548782287822879,7.299999999999272,3.47683174140754,10.627999999999322,12.723600000001245,14.360000000000582,0.0,0.0,0.2599999999983993,0.5117999999981118,1.680000000000291,2.50360000000008,3.0700000000006185,,,0.0,,,
amd-ryzen-5 · firefox|s5|030_r3f-state_i7,amd-ryzen-5 · firefox,r3f-state,400,418.0,3005.5,139.07835634669772,111.60714285713108,56.76979846721028,62.30529595015435,7.190191387559809,8.960000000000946,4.5579326019120465,14.795000000002254,16.392800000001913,20.280000000002474,0.004784688995215311,0.0,0.3499999999985448,0.5966000000014898,2.2000000000007276,3.606400000002321,3.8700000000008004,,,0.0,,,
amd-ryzen-5 · firefox|s5|030_r3f-state_i7,amd-ryzen-5 · firefox,r3f-state,566,274.0,3010.8,91.00571276737082,86.13264427218833,35.971223021583675,41.29343751985265,10.988321167883209,11.609999999998763,7.212109532663057,21.407000000001606,25.02399999999992,27.81999999999971,0.24817518248175183,0.0,0.4399999999986903,5.8003999999999625,3.5200000000004366,5.028000000001295,4.899999999999636,,,0.0,,,
amd-ryzen-5 · firefox|s5|030_r3f-state_i7,amd-ryzen-5 · firefox,r3f-state,800,131.0,3011.84,43.49500637484063,43.103448275860714,28.985507246376812,32.27888960619674,22.99114503816794,23.200000000000728,3.4378339874048565,29.600000000000364,30.69000000000014,34.5,1.0,0.007633587786259542,0.5600000000013097,4.858000000000537,4.639999999999418,5.771999999999751,18.0,,,0.0,,,
amd-ryzen-5 · firefox|s5|030_r3f-state_i7,amd-ryzen-5 · firefox,r3f-state,1131,96.0,3030.2,31.681077156623356,32.18538783391993,25.265285497729653,26.106252447463447,31.564583333333303,31.070000000003347,3.209258289999206,37.26499999999942,38.059999999995846,39.57999999999447,1.0,0.23958333333333334,0.7000000000043656,9.026000000002018,6.580000000001746,8.149999999994902,23.139999999999418,,,0.0,,,
amd-ryzen-5 · firefox|s5|030_r3f-state_i7,amd-ryzen-5 · firefox,r3f-state,1600,67.0,3029.46,22.116152713684954,22.935779816514525,16.463615409944577,16.79731243001202,45.21582089552238,43.599999999998545,4.672717121843506,55.574000000001966,60.67399999999893,60.73999999999796,1.0,1.0,1.139999999999418,8.497600000000261,9.519999999996799,11.674000000001397,32.0,,,0.0,,,
amd-ryzen-5 · firefox|s5|030_r3f-state_i7,amd-ryzen-5 · firefox,r3f-state,2263,61.0,3842.3,15.875907659474782,16.7000668002659,12.562814070351989,12.745347947999122,62.98852459016398,59.88000000000466,6.195125459064786,76.68000000000029,79.23999999999941,79.59999999999854,1.0,1.0,1.5400000000008731,9.71999999999971,13.720000000001164,20.888000000001917,44.56000000000495,,,0.0,,,
amd-ryzen-5 · firefox|s5|030_r3f-state_i7,amd-ryzen-5 · firefox,r3f-state,3200,61.0,5211.3,11.705332642526827,11.848341232227284,8.355614973262012,8.570938803497022,85.43114754098353,84.40000000000146,9.749165793092168,111.63999999999942,118.65999999999767,119.68000000000029,1.0,1.0,2.2399999999979627,13.616000000000344,19.639999999999418,23.191999999996913,61.599999999998545,,,0.0,,,
amd-ryzen-5 · firefox|s5|031_r3f-ref-central_i7,amd-ryzen-5 · firefox,r3f-ref-central,100,1256.0,3001.74,418.4239807578271,427.35042735040076,250.94102885822224,277.1321294475245,2.3899203821656054,2.3400000000001455,0.6159991669926449,3.384999999999991,3.7290000000000427,4.2599999999997635,0.0,0.0,0.06000000000040018,0.1400000000000773,0.8599999999996726,1.2800000000002,1.4399999999995998,,,0.0,,,
amd-ryzen-5 · firefox|s5|031_r3f-ref-central_i7,amd-ryzen-5 · firefox,r3f-ref-central,141,1145.0,3001.84,381.4327212642912,387.5968992246805,166.86893203883707,233.18605792832375,2.621694323144105,2.5800000000008367,0.79426765814409,3.6760000000002027,4.278400000000394,13.180000000000291,0.0,0.0,0.1000000000003638,0.2000000000007276,1.1599999999998545,1.680000000000291,1.319999999999709,,,0.0,,,
amd-ryzen-5 · firefox|s5|031_r3f-ref-central_i7,amd-ryzen-5 · firefox,r3f-ref-central,200,1030.0,3001.92,343.1137405393881,340.1360544217098,168.63406408094642,225.68368882201827,2.914485436893204,2.9400000000005093,0.7971171802862114,3.899999999999636,4.259999999999691,13.780000000000655,0.0,0.0,0.12000000000080036,0.23420000000018334,1.4399999999986903,2.219999999999345,1.3400000000001455,,,0.0,,,
amd-ryzen-5 · firefox|s5|031_r3f-ref-central_i7,amd-ryzen-5 · firefox,r3f-ref-central,283,882.0,3000.74,293.9274978838553,294.1176470589337,204.08163265305743,221.99798183652996,3.4021995464852606,3.3999999999987267,0.5067240637876876,4.238999999997939,4.619000000000427,5.120000000002619,0.0,0.0,0.2000000000007276,0.300000000001437,2.0599999999976717,2.9200000000004183,1.1199999999989814,,,0.0,,,
amd-ryzen-5 · firefox|s5|031_r3f-ref-central_i7,amd-ryzen-5 · firefox,r3f-ref-central,400,754.0,3002.12,251.1558498660947,251.2562814069479,172.92490118575708,189.47152806226717,3.981591511936338,3.9800000000013824,0.5391041831591552,4.907000000000335,5.379999999997381,7.200000000000728,0.0,0.0,0.2599999999983993,0.38000000000101863,2.639999999999418,3.509400000000206,1.0,,,0.0,,,
amd-ryzen-5 · firefox|s5|031_r3f-ref-central_i7,amd-ryzen-5 · firefox,r3f-ref-central,566,604.0,3002.12,201.19115824817112,203.25203252024704,148.73574615767276,155.682407887911,4.970397350993382,4.920000000001892,0.5206634124979453,6.0,6.599399999998532,6.900000000001455,0.0,0.0,0.3400000000001455,0.47999999999956344,3.780000000002474,5.298799999999248,0.6200000000008004,,,0.0,,,
amd-ryzen-5 · firefox|s5|031_r3f-ref-central_i7,amd-ryzen-5 · firefox,r3f-ref-central,800,487.0,3002.0,162.22518321119253,165.01650165012936,120.40939193257971,130.32145960034507,6.164271047227926,6.06000000000131,0.5147917318734211,7.201999999998224,7.916799999998182,8.479999999999563,0.0,0.0,0.41999999999825377,0.5799999999986176,5.279999999998836,7.019599999999917,0.3400000000001455,,,0.0,,,
amd-ryzen-5 · firefox|s5|031_r3f-ref-central_i7,amd-ryzen-5 · firefox,r3f-ref-central,1131,372.0,3006.48,123.73273728745896,127.22646310431628,98.55453350855741,103.30578512396383,8.081935483870977,7.860000000000582,0.6346104912548222,9.427000000000406,9.723799999998668,10.360000000000582,0.0,0.0,0.5200000000040745,0.7200000000011642,7.080000000001746,8.880599999996342,0.2400000000052387,,,0.0,,,
amd-ryzen-5 · firefox|s5|031_r3f-ref-central_i7,amd-ryzen-5 · firefox,r3f-ref-central,1600,273.0,3000.28,90.99150745930362,92.93680297402294,72.56894049345577,78.94097643915109,10.990036630036652,10.759999999994761,0.6474182313622638,12.143999999997321,12.8527999999994,14.279999999998836,0.0,0.0,0.7200000000011642,0.96559999999823,9.69999999999709,11.34559999999561,0.33999999999650754,,,0.0,,,
amd-ryzen-5 · firefox|s5|031_r3f-ref-central_i7,amd-ryzen-5 · firefox,r3f-ref-central,2263,198.0,3007.28,65.84022771408053,67.79661016949153,51.975051975057475,56.25,15.188282828282823,14.75,0.8889508336105328,17.03199999999815,17.788800000002013,19.239999999997963,0.08585858585858586,0.0,1.0,1.2636000000018976,13.520000000004075,16.431200000001482,0.2400000000052387,,,0.0,,,
amd-ryzen-5 · firefox|s5|031_r3f-ref-central_i7,amd-ryzen-5 · firefox,r3f-ref-central,3200,139.0,3014.92,46.10404256166004,46.99248120301009,39.43217665615052,41.23144584936869,21.690071942446032,21.279999999998836,0.8410737585076579,23.357999999999446,24.456400000000432,25.360000000000582,1.0,0.0,1.3399999999965075,1.657200000001176,19.639999999999418,22.619199999998965,0.2999999999956344,,,0.0,,,
amd-ryzen-5 · firefox|s5|031_r3f-ref-central_i7,amd-ryzen-5 · firefox,r3f-ref-central,4525,98.0,3005.74,32.6042838036557,33.62474781438958,26.13695765813217,27.685492801772654,30.67081632653059,29.7400000000016,1.7763327643282818,33.944999999994614,36.378199999999566,38.25999999999476,1.0,0.11224489795918367,1.8699999999989814,2.4102000000013506,27.529999999998836,34.057200000004016,0.26000000000203727,,,0.0,,,
amd-ryzen-5 · firefox|s5|031_r3f-ref-central_i7,amd-ryzen-5 · firefox,r3f-ref-central,6400,62.0,3014.88,20.564665923685155,20.768431983386197,18.395879323031444,18.731268731268322,48.627096774193625,48.14999999999782,1.4355810922582073,52.11400000000249,53.603600000001826,54.36000000000058,1.0,1.0,2.9400000000023283,3.246799999998111,39.64999999999782,45.26139999999701,5.509999999998399,,,0.0,,,
amd-ryzen-5 · firefox|s5|031_r3f-ref-central_i7,amd-ryzen-5 · firefox,r3f-ref-central,9051,61.0,4161.86,14.656908209310284,15.00150015001749,11.45737855178655,11.713259409651938,68.227213114754,66.65999999998894,4.62858658453018,83.84000000000378,85.74399999999878,87.28000000000611,1.0,1.0,4.080000000001746,5.112000000002444,56.820000000006985,61.635999999997146,5.680000000000291,,,0.0,,,
amd-ryzen-5 · firefox|s5|031_r3f-ref-central_i7,amd-ryzen-5 · firefox,r3f-ref-central,12800,61.0,5997.76,10.170463639758827,10.725010725010122,8.423180592991832,8.755034144633075,98.32393442622966,93.24000000000524,7.551952347724173,110.58000000000175,114.95200000000186,118.72000000000116,1.0,1.0,5.599999999991269,6.136000000007334,81.90000000000873,89.04400000000024,5.6600000000034925,,,0.0,,,
amd-ryzen-5 · firefox|s5|032_r3f-ref_i7,amd-ryzen-5 · firefox,r3f-ref,100,1243.0,3000.1,414.3195226825772,420.1680672269518,255.9726962457332,280.64457722252854,2.4135961383748996,2.3799999999996544,0.5696168057242293,3.3400000000001455,3.6400000000001365,4.599999999999454,0.0,0.0,0.1000000000003638,0.1999999999998181,0.8800000000001091,1.300000000000182,1.3999999999996362,,,0.0,,,
amd-ryzen-5 · firefox|s5|032_r3f-ref_i7,amd-ryzen-5 · firefox,r3f-ref,141,1144.0,3002.94,380.95999254064344,381.6793893131255,244.0106477373562,262.74545957407184,2.6249475524475527,2.6199999999989814,0.6711286356137947,3.639999999999418,3.8914000000002296,4.380000000001019,0.0,0.0,0.17999999999938154,0.2713999999999474,1.1799999999989268,1.639999999999418,1.2399999999997817,,,0.0,,,
amd-ryzen-5 · firefox|s5|032_r3f-ref_i7,amd-ryzen-5 · firefox,r3f-ref,200,1015.0,3001.54,338.1597446644057,340.1360544219202,166.94490818029644,222.7965421976614,2.9571822660098515,2.9399999999986903,0.7528603845730666,3.960000000000946,4.317199999999648,12.739999999999782,0.0,0.0,0.15999999999985448,0.28000000000040015,1.5,2.2744000000005333,1.2800000000006548,,,0.0,,,
amd-ryzen-5 · firefox|s5|032_r3f-ref_i7,amd-ryzen-5 · firefox,r3f-ref,283,841.0,3002.76,280.07566372270827,284.0909090908739,120.3731567860383,184.35607058203573,3.570463733650419,3.5200000000004366,0.7366008798010781,4.5,5.300000000000364,12.739999999999782,0.0,0.0,0.2999999999992724,0.5120000000002624,2.1200000000026193,3.211999999999171,1.0600000000013097,,,0.0,,,
amd-ryzen-5 · firefox|s5|032_r3f-ref_i7,amd-ryzen-5 · firefox,r3f-ref,400,730.0,3002.56,243.12586592774184,243.90243902447682,162.41299303947608,181.21413470251687,4.113095890410956,4.099999999998545,0.5308155633174729,5.102000000000224,5.540000000000873,8.539999999997235,0.0,0.0,0.3999999999978172,0.5999999999985448,2.7000000000007276,3.7484000000017854,0.8699999999989814,,,0.0,,,
amd-ryzen-5 · firefox|s5|032_r3f-ref_i7,amd-ryzen-5 · firefox,r3f-ref,566,577.0,3001.36,192.2461817309486,197.62845849811464,106.74637062339018,134.60244207287028,5.201663778162913,5.059999999997672,0.6880750155589527,6.376000000000926,8.157599999998931,11.459999999999127,0.0,0.0,0.5599999999976717,0.8800000000010186,4.0,6.084799999998213,0.3400000000001455,,,0.0,,,
amd-ryzen-5 · firefox|s5|032_r3f-ref_i7,amd-ryzen-5 · firefox,r3f-ref,800,474.0,3000.6,157.96840631873633,159.23566878983843,121.13870381586757,131.86561174177132,6.33037974683544,6.279999999998836,0.4626171793630572,7.2470000000004795,7.701600000000761,8.520000000000437,0.0,0.0,0.680000000000291,0.9654000000019001,5.239999999997963,6.474000000001102,0.3400000000001455,,,0.0,,,
amd-ryzen-5 · firefox|s5|032_r3f-ref_i7,amd-ryzen-5 · firefox,r3f-ref,1131,342.0,3004.46,113.83077158624182,115.74074074074854,86.75534991324028,95.4412755445714,8.784970760233916,8.639999999999418,0.5426770551990113,9.859000000000743,10.611799999999638,11.900000000001455,0.0,0.0,0.819999999999709,1.13180000000073,7.580000000001746,9.322600000000598,0.23999999999796273,,,0.0,,,
amd-ryzen-5 · firefox|s5|032_r3f-ref_i7,amd-ryzen-5 · firefox,r3f-ref,1600,261.0,3007.78,86.77496359441186,88.33922261484327,67.02412868633492,74.43032176800803,11.524061302681988,11.319999999999709,0.6342533315127147,12.860000000000582,13.68399999999964,15.339999999996508,0.0,0.0,1.1199999999953434,1.6280000000013384,9.840000000003783,11.987999999997555,0.3400000000037835,,,0.0,,,
amd-ryzen-5 · firefox|s5|032_r3f-ref_i7,amd-ryzen-5 · firefox,r3f-ref,2263,185.0,3004.9,61.56610868914119,62.65664160398489,52.46589716684796,54.334701762857016,16.242702702702672,15.960000000006403,0.6942459494356525,17.976000000002387,18.546399999999263,19.05999999999767,0.1945945945945946,0.0,1.5200000000040745,2.086400000001886,14.160000000003492,16.69120000000548,0.23999999999796273,,,0.0,,,
amd-ryzen-5 · firefox|s5|032_r3f-ref_i7,amd-ryzen-5 · firefox,r3f-ref,3200,133.0,3008.34,44.21042834254112,44.76275738584739,38.52080123266693,40.306328093508554,22.619097744360875,22.340000000003783,0.7595208404253844,24.152000000000406,25.149599999999342,25.959999999999127,1.0,0.0,2.140000000006694,2.9239999999981974,19.860000000000582,21.88880000000121,0.2999999999956344,,,0.0,,,
amd-ryzen-5 · firefox|s5|032_r3f-ref_i7,amd-ryzen-5 · firefox,r3f-ref,4525,95.0,3020.06,31.456328682211637,31.766200762385587,26.624068157616133,28.24858757062321,31.79010526315787,31.4800000000032,0.9768637339766525,33.76399999999849,35.09719999999522,37.55999999999767,1.0,0.07368421052631578,2.9799999999959255,3.5688000000010662,28.220000000001164,31.913600000001903,0.26000000000203727,,,0.0,,,
amd-ryzen-5 · firefox|s5|032_r3f-ref_i7,amd-ryzen-5 · firefox,r3f-ref,6400,61.0,3074.16,19.842818851328516,19.88862370723992,18.867924528301888,19.21598770176755,50.39606557377043,50.279999999998836,0.4904803043565404,51.21999999999389,52.196000000002094,53.0,1.0,1.0,4.700000000004366,5.424000000001978,40.86000000000058,41.57200000000157,4.680000000000291,,,0.0,,,
amd-ryzen-5 · firefox|s5|032_r3f-ref_i7,amd-ryzen-5 · firefox,r3f-ref,9051,61.0,4371.52,13.953956518556462,14.367816091952822,10.90037061260107,11.474908200734612,71.66426229508204,69.60000000000582,4.883917982868633,84.36000000000058,87.81599999999743,91.73999999999796,1.0,1.0,6.360000000000582,6.979999999998836,58.4600000000064,63.68800000000338,4.620000000009895,,,0.0,,,
amd-ryzen-5 · firefox|s5|032_r3f-ref_i7,amd-ryzen-5 · firefox,r3f-ref,12800,61.0,6188.78,9.85654684768242,10.27960526315648,8.528057308545494,8.638562543193204,101.45540983606556,97.28000000001339,7.062461698721088,113.23999999999069,116.45599999999685,117.25999999999476,1.0,1.0,9.119999999995343,9.896000000005005,83.86000000000058,90.0759999999951,3.720000000001164,,,0.0,,,
amd-ryzen-5 · firefox|s5|033_threejs_i8,amd-ryzen-5 · firefox,threejs,100,1215.0,3002.84,404.6169626087304,413.2231404958553,251.67785234899176,276.93159789531364,2.4714732510288067,2.4200000000000728,0.5178873435031012,3.3799999999997907,3.6972000000002736,4.220000000000255,0.0,0.0,0.09999999999990905,0.16000000000005002,0.8200000000001637,1.237199999999846,1.5199999999999818,,,0.0,,,
amd-ryzen-5 · firefox|s5|033_threejs_i8,amd-ryzen-5 · firefox,threejs,141,1114.0,3000.54,371.266505362368,369.0036900368954,229.64509394572633,241.1011748202711,2.6934829443447046,2.7100000000000364,0.8320944715007935,3.959999999999127,4.239999999999782,4.43999999999869,0.0,0.0,0.14000000000032742,0.22000000000013642,1.0999999999994543,1.6173999999999502,1.3900000000003274,,,0.0,,,
amd-ryzen-5 · firefox|s5|033_threejs_i8,amd-ryzen-5 · firefox,threejs,200,1007.0,3000.46,335.61520566846406,337.8378378379375,163.82699868938656,218.0359323216469,2.979602780536247,2.959999999999127,0.7992042769246792,4.040000000000873,4.420000000000073,12.539999999999054,0.0,0.0,0.12000000000080036,0.2000000000007276,1.360000000000582,2.0600000000012004,1.4400000000005093,,,0.0,,,
amd-ryzen-5 · firefox|s5|033_threejs_i8,amd-ryzen-5 · firefox,threejs,283,855.0,3003.32,284.6849486568198,284.0909090908739,194.3634596695828,211.97133340061282,3.5126549707602335,3.5200000000004366,0.564798230554144,4.43999999999869,4.800000000000109,5.520000000000437,0.0,0.0,0.2599999999983993,0.40920000000082,2.0600000000013097,2.7600000000002183,1.1999999999989086,,,0.0,,,
amd-ryzen-5 · firefox|s5|033_threejs_i8,amd-ryzen-5 · firefox,threejs,400,728.0,3004.02,242.3419284825001,241.54589371984073,149.70059880242363,179.407953752623,4.126401098901099,4.139999999999418,0.5987232758496216,5.100000000002183,5.796800000000188,10.179999999996653,0.0,0.0,0.2400000000016007,0.3999999999978172,2.719999999997526,3.874600000000901,1.0400000000008731,,,0.0,,,
amd-ryzen-5 · firefox|s5|033_threejs_i8,amd-ryzen-5 · firefox,threejs,566,590.0,3000.42,196.63913718746053,200.8032128514232,140.1345291479952,150.64935064935065,5.085457627118641,4.979999999999563,0.5695982357363246,6.304000000000993,6.835399999999646,7.3400000000001455,0.0,0.0,0.31999999999970896,0.4799999999999636,3.9400000000023283,5.302199999999321,0.5200000000004366,,,0.0,,,
amd-ryzen-5 · firefox|s5|033_threejs_i8,amd-ryzen-5 · firefox,threejs,800,482.0,3001.9,160.56497551550697,163.3986928104847,119.90407673859394,129.29641202456196,6.228008298755182,6.119999999998981,0.5272386938224823,7.299999999999272,7.811400000002468,8.520000000000437,0.0,0.0,0.4599999999991269,0.6200000000026193,5.299999999999272,6.903799999998592,0.3400000000001455,,,0.0,,,
amd-ryzen-5 · firefox|s5|033_threejs_i8,amd-ryzen-5 · firefox,threejs,1131,321.0,3005.98,106.78713763897312,108.93246187363489,71.25890736342289,82.16082982438516,9.364423676012448,9.180000000000291,1.163509398302083,11.239999999997963,12.676000000000935,15.339999999996508,0.0,0.0,0.4599999999991269,0.71200000000099,8.439999999995052,11.544000000000239,0.27999999999883585,,,0.0,,,
amd-ryzen-5 · firefox|s5|033_threejs_i8,amd-ryzen-5 · firefox,threejs,1600,261.0,3004.56,86.86796069973647,88.96797153026523,62.34413965086942,67.22515254938807,11.511724137931026,11.239999999997963,1.25891241849989,14.080000000001746,15.031999999999234,16.760000000002037,0.0038314176245210726,0.0,0.5799999999944703,0.8880000000033756,10.299999999995634,13.784000000001104,0.33999999999650754,,,0.0,,,
amd-ryzen-5 · firefox|s5|033_threejs_i8,amd-ryzen-5 · firefox,threejs,2263,200.0,3013.14,66.37594004925096,68.02721088436721,55.27915975677125,57.110222729866756,15.065699999999998,14.69999999999709,0.8266864960880742,16.82899999999972,17.84159999999654,18.18000000000029,0.08,0.0,0.7400000000052387,1.0002000000000406,13.720000000001164,16.601999999998515,0.23999999999796273,,,0.0,,,
amd-ryzen-5 · firefox|s5|033_threejs_i8,amd-ryzen-5 · firefox,threejs,3200,142.0,3002.96,47.286677145216736,48.4496124030936,39.71405877680653,41.7461832061068,21.14760563380281,20.640000000003056,0.9748081677640745,22.976999999996405,24.315400000001755,25.18000000000029,1.0,0.0,1.0200000000040745,1.3717999999986934,19.299999999995634,22.792399999997798,0.31999999999970896,,,0.0,,,
amd-ryzen-5 · firefox|s5|033_threejs_i8,amd-ryzen-5 · firefox,threejs,4525,103.0,3003.94,34.288301364208316,35.08771929824562,27.322404371585787,29.631385563589312,29.1644660194175,28.5,1.4567353563167469,32.459999999996214,33.89959999999832,36.599999999998545,1.0,0.019417475728155338,1.4199999999982538,1.7795999999989,26.839999999996508,31.8840000000014,0.23999999999796273,,,0.0,,,
amd-ryzen-5 · firefox|s5|033_threejs_i8,amd-ryzen-5 · firefox,threejs,6400,64.0,3041.62,21.04141871765702,21.105951878427643,18.733608092917063,19.734245494013418,47.52531250000004,47.38000000000466,0.8748133020782299,48.27999999999738,51.08680000000043,53.38000000000466,1.0,1.0,2.3000000000029104,2.7444000000026425,38.23999999999796,41.3359999999967,6.760000000002037,,,0.0,,,
amd-ryzen-5 · firefox|s5|033_threejs_i8,amd-ryzen-5 · firefox,threejs,9051,61.0,4006.92,15.22366306290116,15.323322096228276,14.001680201624538,14.188422247445928,65.68721311475419,65.26000000000931,1.2611107949572113,67.5,70.6039999999979,71.41999999999825,1.0,1.0,3.1200000000098953,3.716000000000349,55.16000000000349,59.76799999999348,6.900000000008731,,,0.0,,,
amd-ryzen-5 · firefox|s5|033_threejs_i8,amd-ryzen-5 · firefox,threejs,12800,61.0,5571.7,10.948184575623245,11.003521126761761,10.239606799100073,10.429703796412202,91.33934426229503,90.8799999999901,1.3054244122793526,92.88000000000466,97.00000000000291,97.65999999998894,1.0,1.0,4.239999999990687,4.939999999999417,77.89999999999418,80.49200000001001,8.739999999990687,,,0.0,,,
amd-ryzen-5 · firefox|s5|034_r3f-ref-central_i8,amd-ryzen-5 · firefox,r3f-ref-central,100,1242.0,3001.38,413.80964756212137,427.35042735056686,157.48031496063123,245.25316455695963,2.416570048309179,2.339999999999236,0.7422023266191237,3.3589999999996745,3.815400000000163,15.640000000000327,0.0,0.0,0.07999999999992724,0.13999999999987267,0.8799999999991996,1.339999999999959,1.400000000000091,,,0.0,,,
amd-ryzen-5 · firefox|s5|034_r3f-ref-central_i8,amd-ryzen-5 · firefox,r3f-ref-central,141,1142.0,3002.12,380.3978521844562,381.6793893128605,229.5492487478954,254.30534487373617,2.6288266199649746,2.6200000000008004,0.6910377997823982,3.6600000000007187,4.155400000000122,4.579999999999927,0.0,0.0,0.1000000000003638,0.1999999999994452,1.1599999999998545,1.7200000000004183,1.319999999999709,,,0.0,,,
amd-ryzen-5 · firefox|s5|034_r3f-ref-central_i8,amd-ryzen-5 · firefox,r3f-ref-central,200,1031.0,3000.9,343.5635975873905,347.2222222220994,163.880694854145,223.82164486965266,2.910669253152279,2.8800000000010186,0.7686772387006066,3.9299999999993815,4.2940000000009615,13.380000000001019,0.0,0.0,0.12000000000080036,0.21999999999934516,1.4200000000000728,2.1339999999998334,1.2600000000002183,,,0.0,,,
amd-ryzen-5 · firefox|s5|034_r3f-ref-central_i8,amd-ryzen-5 · firefox,r3f-ref-central,283,877.0,3000.5,292.2846192301283,290.69767441871534,206.7183462532358,219.90385598855173,3.4213226909920182,3.4399999999986903,0.5383783210047617,4.284000000001832,4.714400000000169,4.919999999998254,0.0,0.0,0.13999999999941792,0.26000000000203727,2.1199999999989814,2.9847999999996686,1.1000000000021828,,,0.0,,,
amd-ryzen-5 · firefox|s5|034_r3f-ref-central_i8,amd-ryzen-5 · firefox,r3f-ref-central,400,751.0,3002.9,250.0915781411304,248.75621890544562,164.39643024892237,186.22911214012456,3.9985352862849504,4.020000000000437,0.5515307048750213,4.860000000000582,5.549999999999272,8.06000000000131,0.0,0.0,0.2599999999983993,0.3900000000012369,2.600000000002183,3.6699999999982538,1.0600000000013097,,,0.0,,,
amd-ryzen-5 · firefox|s5|034_r3f-ref-central_i8,amd-ryzen-5 · firefox,r3f-ref-central,566,599.0,3000.54,199.6307331347026,203.25203252039734,141.72335600906035,150.74332051148687,5.009248747913184,4.919999999998254,0.5731033309862844,6.242000000001645,6.86040000000059,7.279999999998836,0.0,0.0,0.33999999999650754,0.47999999999956344,3.860000000000582,5.400400000001391,0.5799999999981083,,,0.0,,,
amd-ryzen-5 · firefox|s5|034_r3f-ref-central_i8,amd-ryzen-5 · firefox,r3f-ref-central,800,493.0,3000.26,164.31909234533015,166.11295681061918,126.66244458518808,134.48391796480522,6.085720081135899,6.020000000000437,0.4657127359010653,7.0559999999997665,7.723200000001233,7.959999999999127,0.0,0.0,0.41999999999825377,0.5800000000017462,5.200000000000728,6.803199999999341,0.3600000000005821,,,0.0,,,
amd-ryzen-5 · firefox|s5|034_r3f-ref-central_i8,amd-ryzen-5 · firefox,r3f-ref-central,1131,377.0,3003.14,125.53527308084207,128.86597938140946,90.41591320072254,103.32950631458267,7.965888594164455,7.760000000002037,0.5750655081114171,8.939999999996507,10.102399999999617,11.459999999999127,0.0,0.0,0.5199999999967986,0.6848000000012691,7.019999999996799,9.308799999999465,0.2400000000052387,,,0.0,,,
amd-ryzen-5 · firefox|s5|034_r3f-ref-central_i8,amd-ryzen-5 · firefox,r3f-ref-central,1600,275.0,3009.7,91.371233013257,93.28358208954211,73.58351729212578,77.10557532621323,10.944363636363653,10.720000000001164,0.6337570847481975,12.203999999998633,13.27560000000143,13.62000000000262,0.0,0.0,0.7000000000043656,0.9652000000001861,9.680000000000291,11.970399999999353,0.33999999999650754,,,0.0,,,
amd-ryzen-5 · firefox|s5|034_r3f-ref-central_i8,amd-ryzen-5 · firefox,r3f-ref-central,2263,194.0,3009.26,64.46767643872576,66.22516556290434,48.402710551799764,53.097345132743364,15.511649484536093,15.100000000002183,1.042222794409441,17.485000000003126,19.329400000002785,20.659999999996217,0.1134020618556701,0.0,0.9800000000032014,1.241399999998248,13.839999999996508,18.105599999998667,0.2599999999947613,,,0.0,,,
amd-ryzen-5 · firefox|s5|034_r3f-ref-central_i8,amd-ryzen-5 · firefox,r3f-ref-central,3200,140.0,3014.08,46.448667586792624,47.169811320745005,35.893754486718564,40.61738424045402,21.52914285714287,21.200000000004366,0.9046430877067865,23.266000000001803,24.57080000000074,27.860000000000582,1.0,0.0,1.3100000000013097,1.7087999999972805,19.56999999999971,22.704400000000824,0.31999999999970896,,,0.0,,,
amd-ryzen-5 · firefox|s5|034_r3f-ref-central_i8,amd-ryzen-5 · firefox,r3f-ref-central,4525,99.0,3007.56,32.917049036428224,33.80662609871335,28.153153153149923,29.167274318215085,30.379393939393918,29.580000000001746,1.367212133027414,32.794000000005326,34.93199999999837,35.520000000004075,1.0,0.030303030303030304,1.8399999999965075,2.5404000000009543,27.44000000000233,31.375200000000476,0.26000000000203727,,,0.0,,,
amd-ryzen-5 · firefox|s5|034_r3f-ref-central_i8,amd-ryzen-5 · firefox,r3f-ref-central,6400,63.0,3046.58,20.678925221067544,20.712510356255677,19.2381685263578,19.595035924233645,48.35841269841273,48.279999999998836,0.8781233772322953,50.051999999998955,51.198799999999174,51.979999999995925,1.0,1.0,2.900000000001455,3.415199999994511,39.299999999995634,42.6903999999995,5.680000000000291,,,0.0,,,
amd-ryzen-5 · firefox|s5|034_r3f-ref-central_i8,amd-ryzen-5 · firefox,r3f-ref-central,9051,61.0,4171.92,14.62156513068324,14.943215780036253,11.984659635666013,12.176313012419968,68.39213114754095,66.91999999999825,4.174301184930589,80.94000000000233,82.26399999999849,83.44000000000233,1.0,1.0,4.059999999997672,4.727999999999883,55.9800000000032,61.175999999995106,6.220000000001164,,,0.0,,,
amd-ryzen-5 · firefox|s5|034_r3f-ref-central_i8,amd-ryzen-5 · firefox,r3f-ref-central,12800,61.0,5941.54,10.266698532703629,10.729613733905914,8.747375787263286,8.945077225832872,97.40229508196735,93.19999999999709,7.07579545432731,109.81999999999243,112.38800000000629,114.32000000000698,1.0,1.0,5.519999999989523,6.40000000000291,80.9200000000128,87.78399999999965,6.039999999993597,,,0.0,,,
amd-ryzen-5 · firefox|s5|035_r3f-ref_i8,amd-ryzen-5 · firefox,r3f-ref,100,1248.0,3000.44,415.93899561397666,423.72881355929917,249.48024948024758,274.9689551179722,2.4041987179487174,2.3600000000001273,0.623105242570092,3.4329999999997627,3.7306000000000035,4.519999999999982,0.0,0.0,0.11999999999989086,0.1999999999998181,0.8599999999996726,1.3611999999996978,1.3999999999996362,,,0.0,,,
amd-ryzen-5 · firefox|s5|035_r3f-ref_i8,amd-ryzen-5 · firefox,r3f-ref,141,1140.0,3002.78,379.64819267478794,378.7878787879623,244.01064773736113,265.21496370742597,2.63401754385965,2.639999999999418,0.5675680136221971,3.5399999999999636,3.9400000000005093,4.420000000000073,0.0,0.0,0.14000000000032742,0.23999999999978172,1.2399999999997817,1.6400000000003274,1.2600000000002183,,,0.0,,,
amd-ryzen-5 · firefox|s5|035_r3f-ref_i8,amd-ryzen-5 · firefox,r3f-ref,200,1021.0,3001.46,340.1677850112946,342.465753424649,165.12549537648258,226.48547828403002,2.9397257590597445,2.9200000000000728,0.7136396102695055,3.899999999999636,4.327999999999881,12.739999999999782,0.0,0.0,0.1400000000012369,0.29599999999954796,1.4600000000009459,2.1760000000002027,1.2800000000006548,,,0.0,,,
amd-ryzen-5 · firefox|s5|035_r3f-ref_i8,amd-ryzen-5 · firefox,r3f-ref,283,867.0,3002.1,288.7978415109425,289.01734104053537,204.29009193054213,219.49974476773295,3.4626297577854657,3.459999999999127,0.513736037387928,4.339999999997781,4.7599999999996365,5.219999999999345,0.0,0.0,0.27999999999883585,0.48680000000091306,2.0599999999976717,2.793599999999134,1.0800000000017462,,,0.0,,,
amd-ryzen-5 · firefox|s5|035_r3f-ref_i8,amd-ryzen-5 · firefox,r3f-ref,400,738.0,3001.8,245.85248850689592,243.9024390242604,162.79069767443238,184.42622950820635,4.067479674796747,4.100000000002183,0.5347286713472892,4.979999999999563,5.520000000000437,9.080000000001746,0.0,0.0,0.38000000000101863,0.6000000000021828,2.6599999999998545,3.692599999998274,0.8400000000001455,,,0.0,,,
amd-ryzen-5 · firefox|s5|035_r3f-ref_i8,amd-ryzen-5 · firefox,r3f-ref,566,591.0,3004.34,196.71541836143712,200.8032128514232,146.97236919457382,154.7822374039338,5.083485617597293,4.979999999999563,0.4795612748316954,6.130000000001019,6.581999999998152,7.139999999999418,0.0,0.0,0.5200000000004366,0.7799999999991997,3.899999999997817,5.251999999998227,0.4000000000014552,,,0.0,,,
amd-ryzen-5 · firefox|s5|035_r3f-ref_i8,amd-ryzen-5 · firefox,r3f-ref,800,471.0,3004.26,156.7773761259013,159.23566878983843,120.40939193256652,128.4198771635942,6.378471337579614,6.279999999998836,0.5364844178162915,7.399999999999636,8.079999999998108,8.459999999999127,0.0,0.0,0.6599999999998545,0.9599999999991269,5.279999999998836,6.784000000001471,0.3400000000001455,,,0.0,,,
amd-ryzen-5 · firefox|s5|035_r3f-ref_i8,amd-ryzen-5 · firefox,r3f-ref,1131,360.0,3006.32,119.74773144575428,121.06537530263358,95.48058561426373,103.83017997230289,8.350888888888887,8.260000000002037,0.3916329486268316,9.041000000000713,10.2882000000048,10.739999999997963,0.0,0.0,0.7799999999988358,1.0564000000012321,7.239999999997963,8.919999999998254,0.2400000000052387,,,0.0,,,
amd-ryzen-5 · firefox|s5|035_r3f-ref_i8,amd-ryzen-5 · firefox,r3f-ref,1600,262.0,3010.86,87.01832698963085,88.18342151672543,62.383031815350755,73.25594500169389,11.491832061068704,11.340000000003783,0.6447872933616102,12.836000000003695,13.579000000000304,16.959999999999127,0.003816793893129771,0.0,1.0600000000049477,1.4555999999953924,9.919999999998254,11.995600000000703,0.33999999999650754,,,0.0,,,
amd-ryzen-5 · firefox|s5|035_r3f-ref_i8,amd-ryzen-5 · firefox,r3f-ref,2263,186.0,3003.96,61.918267886389984,62.73525721454541,48.03073967339164,54.08653846153799,16.150322580645156,15.940000000002328,0.6821277547187352,17.375,18.958000000002002,20.81999999999971,0.11290322580645161,0.0,1.5099999999983993,1.936000000001151,14.139999999999418,16.86000000000095,0.2599999999947613,,,0.0,,,
amd-ryzen-5 · firefox|s5|035_r3f-ref_i8,amd-ryzen-5 · firefox,r3f-ref,3200,132.0,3001.2,43.98240703718506,45.04504504505095,34.89183531054194,37.74534474081724,22.73636363636367,22.19999999999709,1.157527816246588,24.987000000001352,26.658799999998443,28.659999999996217,1.0,0.0,2.099999999998545,2.607600000000093,19.80000000000291,23.979599999999042,0.3000000000029104,,,0.0,,,
amd-ryzen-5 · firefox|s5|035_r3f-ref_i8,amd-ryzen-5 · firefox,r3f-ref,4525,93.0,3032.52,30.667563610462544,30.94059405940622,26.232948583418974,27.056277056276365,32.607741935483915,32.31999999999971,1.0583540636211766,34.87600000000092,37.163200000001815,38.12000000000262,1.0,0.07526881720430108,2.9799999999959255,3.3991999999977995,29.099999999998545,33.59599999999482,0.2400000000052387,,,0.0,,,
amd-ryzen-5 · firefox|s5|035_r3f-ref_i8,amd-ryzen-5 · firefox,r3f-ref,6400,61.0,3130.26,19.487199146396772,19.74723538704604,17.415534656914495,17.77672434226175,51.315737704918064,50.63999999999942,1.6667977871913442,55.599999999998545,56.37599999999947,57.419999999998254,1.0,1.0,4.8399999999965075,5.452000000003317,41.720000000001164,46.97599999999947,4.139999999999418,,,0.0,,,
amd-ryzen-5 · firefox|s5|035_r3f-ref_i8,amd-ryzen-5 · firefox,r3f-ref,9051,61.0,4451.56,13.703061398700687,14.128284826222329,10.29230135858341,10.868777624809637,72.9763934426229,70.77999999999884,5.903791446403221,86.41999999999825,94.04000000000086,97.16000000000349,1.0,1.0,6.540000000008149,7.228000000005704,60.04000000000815,67.14000000000233,4.179999999993015,,,0.0,,,
amd-ryzen-5 · firefox|s5|035_r3f-ref_i8,amd-ryzen-5 · firefox,r3f-ref,12800,61.0,6334.78,9.629379394390968,9.984025559105083,8.764241893075802,8.782201405152076,103.84885245901637,100.16000000000349,6.34670783381958,113.58000000000175,113.89600000000792,114.10000000000582,1.0,1.0,9.080000000001746,9.899999999991268,85.54000000000815,94.24800000000104,4.539999999993597,,,0.0,,,
amd-ryzen-5 · firefox|s5|036_r3f-state_i8,amd-ryzen-5 · firefox,r3f-state,100,1095.0,3000.62,364.92458225300106,301.20481927713485,141.8037436188325,179.90405117270825,2.7402922374429224,3.319999999999709,1.5202941318189525,4.7660000000000755,6.182400000000286,8.8799999999992,0.0,0.0,0.13999999999987267,0.2600000000002183,0.7199999999997999,1.1199999999998909,2.5200000000004366,,,0.0,,,
amd-ryzen-5 · firefox|s5|036_r3f-state_i8,amd-ryzen-5 · firefox,r3f-state,141,913.0,3000.92,304.24003305652934,243.90243902447682,90.87237479806143,132.4074618960757,3.286878422782037,4.099999999998545,2.1190826806313274,5.908000000000356,7.8879999999997015,20.25999999999931,0.001095290251916758,0.0,0.14000000000032742,0.3000000000001819,0.8400000000001455,1.3400000000001455,3.219999999999345,,,0.0,,,
amd-ryzen-5 · firefox|s5|036_r3f-state_i8,amd-ryzen-5 · firefox,r3f-state,200,749.0,3000.64,249.6134158046284,420.16806722671095,96.63169519601877,117.73690574683104,4.0061949265687575,2.3800000000010186,2.5404553613941707,7.45199999999968,8.979999999999563,14.180000000000291,0.0,0.0,0.15999999999985448,0.3400000000001455,1.0799999999999272,1.7104000000009543,1.0600000000013097,,,0.0,,,
amd-ryzen-5 · firefox|s5|036_r3f-state_i8,amd-ryzen-5 · firefox,r3f-state,283,577.0,3000.42,192.30641043587244,141.6430594900587,81.80628272250715,88.80431335236304,5.2000346620450575,7.06000000000131,3.3140097186735513,10.188000000000462,11.834400000000024,12.5,0.0,0.0,0.21999999999752617,0.4800000000004366,1.4600000000009459,2.45919999999911,5.360000000000582,,,0.0,,,
amd-ryzen-5 · firefox|s5|036_r3f-state_i8,amd-ryzen-5 · firefox,r3f-state,400,422.0,3001.94,140.57576100788162,110.86474501108111,58.9101620029474,65.20929077133037,7.113601895734594,9.020000000000437,4.5083746630487935,14.360000000000401,15.567400000001472,20.61999999999898,0.002369668246445498,0.0,0.31999999999970896,0.6758000000001998,2.140000000003056,3.5254000000013237,3.8300000000017462,,,0.0,,,
amd-ryzen-5 · firefox|s5|036_r3f-state_i8,amd-ryzen-5 · firefox,r3f-state,566,209.0,3010.56,69.422300170068,76.68711656441204,38.226299694187155,45.89261128958207,14.404593301435414,13.040000000000873,2.6098994145356467,19.120000000000434,21.908799999998298,27.400000000001455,0.20574162679425836,0.0,0.31999999999970896,0.6103999999990614,3.0599999999976717,8.823200000000647,9.659999999999854,,,0.0,,,
amd-ryzen-5 · firefox|s5|036_r3f-state_i8,amd-ryzen-5 · firefox,r3f-state,800,136.0,3001.88,45.30494223619869,45.745654162857114,33.377837116155845,34.14523104939654,22.07264705882351,21.859999999998763,3.0129801256351776,28.25499999999829,29.696000000001916,29.959999999999127,1.0,0.0,0.4599999999991269,4.271999999999935,4.3799999999992,5.472999999999411,16.950000000000728,,,0.0,,,
amd-ryzen-5 · firefox|s5|036_r3f-state_i8,amd-ryzen-5 · firefox,r3f-state,1131,97.0,3024.5,32.07141676310134,34.03675970047112,21.901007446344348,24.000960038401033,31.18041237113402,29.380000000004657,3.3145901951085404,36.45999999999767,41.935200000005686,45.65999999999622,1.0,0.24742268041237114,0.7400000000052387,5.085600000001395,6.260000000002037,7.910399999997456,22.260000000002037,,,0.0,,,
amd-ryzen-5 · firefox|s5|036_r3f-state_i8,amd-ryzen-5 · firefox,r3f-state,1600,68.0,3042.8,22.347837518075437,22.727272727272727,15.974440894569062,16.709368385874257,44.74705882352946,44.0,4.965139086243563,55.7319999999956,60.56320000000283,62.599999999998545,1.0,1.0,1.0400000000008731,5.452400000002599,9.680000000000291,15.793200000002905,31.080000000001746,,,0.0,,,
amd-ryzen-5 · firefox|s5|036_r3f-state_i8,amd-ryzen-5 · firefox,r3f-state,2263,61.0,3848.12,15.85189651050382,16.65556295802774,11.862396204032805,12.080212611742137,63.083934426229554,60.04000000000087,6.581194237798024,79.41999999999825,84.29999999999855,84.30000000000291,1.0,1.0,1.4400000000023283,9.912000000002445,14.280000000006112,19.747999999998136,44.31999999999971,,,0.0,,,
amd-ryzen-5 · firefox|s5|036_r3f-state_i8,amd-ryzen-5 · firefox,r3f-state,3200,61.0,5427.26,11.239557345695628,11.918951132300151,8.445945945945843,8.844861135680162,88.97147540983597,83.90000000000146,9.424203916169693,107.72000000000116,114.87200000000301,118.40000000000146,1.0,1.0,1.9200000000055297,12.179999999998834,19.799999999995634,28.320000000002608,62.36000000000058,,,0.0,,,
apple-m4 · chrome|s5|005_threejs_i1,apple-m4 · chrome,threejs,100,2317.0,3000.41,772.2277955355307,484.2614947808485,259.33025170598967,343.27845862697086,1.2949546827779126,2.0650000274181366,1.1709361371716769,2.625,2.8233999896049515,6.03999999165535,0.0,0.0,0.004999995231628418,0.019999980926513672,2.0,2.719999998807907,0.06999999284744263,0.208166,2.2879442399999887,2237.0,8.495,11.7183,11.4242
apple-m4 · chrome|s5|005_threejs_i1,apple-m4 · chrome,threejs,141,2157.0,3001.62,718.6119495532378,478.4688987028047,248.94789879285074,334.85635608297315,1.3915716272484775,2.0900000035762787,1.2456461409523114,2.6760000050067894,3.2016000044346136,5.119999974966049,0.0,0.0,0.005000025033950806,0.01999999403953552,2.0250000059604645,3.1198000025749506,0.05500000715255737,0.209083,2.194197499999997,2099.0,12.2202,18.6406,17.2933
apple-m4 · chrome|s5|005_threejs_i1,apple-m4 · chrome,threejs,200,2139.0,3002.35,712.4419204970261,470.5882352941176,281.99274853670045,341.98512682590564,1.4036231884030106,2.125,1.1920365875467196,2.7350000143051147,2.858099986314773,4.004999995231628,0.0,0.0,0.009999990463256836,0.02499997615814209,2.074999988079071,2.7843000155687316,0.04499998688697815,0.1928955,2.2918690200000076,2098.0,18.805,24.5138,20.4275
apple-m4 · chrome|s5|005_threejs_i1,apple-m4 · chrome,threejs,283,1995.0,3001.615,664.6422009463777,442.4778721384644,248.52844990916893,307.7305647008761,1.5045689223105447,2.2600000202655792,1.252208887204155,2.824999988079071,3.975600023269653,4.175000011920929,0.0,0.0,0.014999985694885254,0.025000005960464478,2.205000013113022,3.915599992871284,0.03999999165534973,0.196874,2.6492278799999998,1965.0,18.7664,24.7019,19.4483
apple-m4 · chrome|s5|005_threejs_i1,apple-m4 · chrome,threejs,400,1859.0,3000.29,619.6067713471599,441.5011065411585,241.9517443247034,279.82662914860344,1.6139268423838922,2.2649999856948853,1.2296313409900437,2.9950000047683716,4.0467999976873426,4.260000020265579,0.0,0.0,0.02000001072883606,0.034999996423721313,2.1949999928474426,3.993900001049045,0.034999996423721313,0.222416,2.63660924,1837.0,17.8119,28.4947,24.252
apple-m4 · chrome|s5|005_threejs_i1,apple-m4 · chrome,threejs,566,1737.0,3000.82,578.8417832472925,1290.3225707213912,234.288864476623,271.6275543666315,1.727587795044817,0.7750000059604645,1.2356398524284569,3.2010000169277184,4.21000000834465,4.344999998807907,0.0,0.0,0.030000001192092896,0.045000005960464474,0.6800000071525574,4.1500000059604645,0.034999996423721313,0.256291,2.66124989,1722.0,32.5871,43.6532,14.3618
apple-m4 · chrome|s5|005_threejs_i1,apple-m4 · chrome,threejs,800,1745.0,3000.545,581.5610164121165,956.9378110510493,220.0932161778728,248.74555048133493,1.7195100286628593,1.0449999868869781,1.1273071542956459,3.4749999940395355,4.4006000053882595,4.83500000834465,0.0,0.0,0.04500001668930054,0.09000000357627869,0.925000011920929,4.288999992609023,0.050000011920928955,0.45125,2.98179375,1734.0,15.2404,46.2787,46.2787
apple-m4 · chrome|s5|005_threejs_i1,apple-m4 · chrome,threejs,1131,1642.0,3000.16,547.3041437796509,749.063665729832,245.77572955668586,254.04693666902142,1.8271376370258365,1.3350000083446503,0.9456296238296856,3.800000010430813,4.007950004637241,4.159999996423721,0.0,0.0,0.09000000357627869,0.14500001072883606,1.1600000262260437,3.8458999979495996,0.06999999284744263,0.5269995000000001,3.14504308,1634.0,35.9292,52.934,35.1284
apple-m4 · chrome|s5|005_threejs_i1,apple-m4 · chrome,threejs,1600,1217.0,3002.005,405.3957271856147,428.26552309476403,220.20368851293821,237.83098139186876,2.466725554663134,2.3350000083446503,0.5526655105522256,3.8920000135898594,4.324200013875961,4.939999997615814,0.0,0.0,0.19999998807907104,0.2741999816894527,2.050000011920929,4.0041999959945676,0.08000001311302185,0.6275204999999999,3.2491391300000005,1212.0,56.0648,83.6478,22.2077
apple-m4 · chrome|s5|005_threejs_i1,apple-m4 · chrome,threejs,2263,859.0,3002.26,286.1177912648234,286.12303251377944,263.5480149884111,268.4220615857428,3.4950640279283625,3.4950000047683716,0.13699944490335522,3.689999997615814,3.734999997019768,3.9300000071525574,0.0,0.0,0.3050000071525574,0.3799999952316284,3.115000009536743,3.297100002169609,0.07000002264976501,0.895958,3.3929943799999998,858.0,45.7301,65.9329,65.9329
apple-m4 · chrome|s5|005_threejs_i1,apple-m4 · chrome,threejs,3200,574.0,3000.65,191.29188675748915,191.75455403916246,153.0456076524913,174.2919389590217,5.227613240428503,5.215000003576279,0.18774346683015267,5.3767499983310705,5.86375001311302,8.310000002384186,0.0,0.0,0.5,0.6317499935626979,4.637500002980232,5.094450007379054,0.07499998807907104,1.256874,3.61058948,573.0,93.2979,99.0163,54.1202
apple-m4 · chrome|s5|005_threejs_i1,apple-m4 · chrome,threejs,4525,381.0,3005.89,126.75114525209278,126.82308195427764,121.5559158327882,123.6295018533777,7.889475065579251,7.884999990463257,0.09678713834152061,8.034999996423721,8.106000018119811,8.300000011920929,0.0,0.0,0.9050000011920929,1.0169999897480009,6.9000000059604645,7.049999988079071,0.07999998331069946,1.78827,4.19680796,380.0,60.3022,84.1192,74.4214
apple-m4 · chrome|s5|005_threejs_i1,apple-m4 · chrome,threejs,6400,255.0,3003.995,84.8869588663081,84.92569019318779,80.24072222406483,81.83585089441573,11.780372549038308,11.774999976158142,0.19380605222342137,12.094999998807907,12.21190000653267,12.7049999833107,0.0,0.0,1.5800000131130219,1.7395999962091446,10.100000023841858,10.477299991846085,0.07999998331069946,2.4157705,4.77923953,254.0,137.4924,151.5391,151.5391
apple-m4 · chrome|s5|005_threejs_i1,apple-m4 · chrome,threejs,9051,184.0,3006.28,61.20521042615027,61.208875264585565,58.411215038683615,59.88621620254129,16.338478260876045,16.337500005960464,0.16282636562004293,16.569999992847443,16.694349978864192,17.11999997496605,0.016304347826086956,0.0,1.9449999928474426,2.1408500146865843,14.287499994039536,14.561799980998039,0.08000001311302185,3.375249,3.706808,183.0,98.0064,124.9787,95.4568
apple-m4 · chrome|s5|005_threejs_i1,apple-m4 · chrome,threejs,12800,127.0,3014.85,42.12481549629191,42.016806754257104,40.45307443560776,41.24845318063932,23.73897637814049,23.799999982118607,0.23836524821740096,23.98350000679493,24.411199991703032,24.719999998807907,1.0,0.0,3.0149999856948853,3.164800013899803,20.719999998807907,21.186199997663497,0.07999998331069946,5.064458,5.16476,126.0,220.0427,237.9209,231.614
apple-m4 · chrome|s5|005_threejs_i1,apple-m4 · chrome,threejs,18102,92.0,3026.455,30.39860166419173,30.459945173757742,29.819591474776896,29.850746268656717,32.89625000014253,32.82999999821186,0.2891780936400583,33.43674999773502,33.5122499909997,33.53499999642372,1.0,0.08695652173913043,4.264999985694885,4.498600004017353,28.46000000834465,29.02905000478029,0.08000001311302185,7.142124,7.2638746,91.0,175.5887,196.8758,188.7148
apple-m4 · chrome|s5|005_threejs_i1,apple-m4 · chrome,threejs,25600,64.0,3041.985,21.03889401154149,21.124900974366746,20.548648917272658,20.688228395150272,47.53101562522352,47.337500005960464,0.403570553225087,48.11925000101328,48.372050000429155,48.66500002145767,1.0,1.0,5.520000010728836,5.702399996817112,41.752499997615814,42.6709000056982,0.09000000357627869,8.337208,10.21067938,63.0,398.938,428.9371,403.02
apple-m4 · chrome|s5|005_threejs_i1,apple-m4 · chrome,threejs,36204,61.0,4085.02,14.932607429055375,15.006002404181611,14.454000144041903,14.648795137537975,66.96754098378244,66.63999998569489,0.617217291953703,67.72999998927116,68.38999999165534,69.18500000238419,1.0,1.0,8.025000005960464,8.25600000023842,58.50999999046326,60.15799998641014,0.125,14.415895500000001,14.69906122,60.0,343.2373,362.8568,362.8568
apple-m4 · chrome|s5|005_threejs_i1,apple-m4 · chrome,threejs,51200,61.0,6256.8,9.749392660812928,9.743264968996142,9.560229443327595,9.60030720862214,102.57049180298556,102.63499999046326,0.8451364306256283,103.76999998092651,104.30900001525879,104.60000002384186,1.0,1.0,11.655000001192093,12.015000015497208,90.81499999761581,92.3030000090599,0.12999999523162842,17.3311245,20.83409709,60.0,634.1303,683.5531,683.5531
apple-m4 · chrome|s5|006_r3f-state_i1,apple-m4 · chrome,r3f-state,100,2310.0,3001.07,769.7254645861328,601.5037561636916,282.1047470242344,371.6991499931953,1.2991645021614058,1.6625000089406967,0.9334249578605084,2.4000000059604645,2.988399989604915,4.7249999940395355,0.0,0.0,0.02000001072883606,0.034999996423721313,1.342500001192093,2.6670499980449307,0.2900000214576721,0.19747900000000002,2.1763887500000108,2230.0,14.7779,27.476,20.0769
apple-m4 · chrome|s5|006_r3f-state_i1,apple-m4 · chrome,r3f-state,141,2129.0,3000.44,709.5625974862659,1315.7894901951927,220.76215492080473,344.41303566312683,1.409318929073563,0.7599999904632568,0.9523499476225693,2.3799999952316284,3.5550000071525574,4.925000011920929,0.0,0.0,0.025000005960464478,0.03999999165534973,0.11499997973442078,3.1686000096797935,0.36500000953674316,0.235437,2.3544832099999993,2070.0,19.6378,50.0645,46.8803
apple-m4 · chrome|s5|006_r3f-state_i1,apple-m4 · chrome,r3f-state,200,2124.0,3000.685,707.8383769033778,583.0903777928316,340.02590629601775,395.3822335158117,1.4127518832402939,1.7150000035762787,0.7691143150941624,2.3199999928474426,2.692699988186359,3.530000001192093,0.0,0.0,0.034999996423721313,0.04500001668930054,1.1949999928474426,2.1715499854087827,0.47999998927116394,0.224166,2.600598619999977,2083.0,50.7395,55.6714,34.9898
apple-m4 · chrome|s5|006_r3f-state_i1,apple-m4 · chrome,r3f-state,283,1986.0,3000.545,661.8797585068559,617.2839488003461,289.65622393441157,366.5512710871083,1.5108484390819181,1.6200000047683716,0.6421921073802095,2.2849999964237213,3.2247500032186567,3.780000001192093,0.0,0.0,0.050000011920928955,0.06499999761581421,0.6950000077486038,2.4822499915957463,0.6599999964237213,0.197208,2.5466820400000003,1955.0,45.2475,57.4471,26.9215
apple-m4 · chrome|s5|006_r3f-state_i1,apple-m4 · chrome,r3f-state,400,1942.0,3000.72,647.1780106110439,690.8462841409407,311.27129770435874,353.91126688193697,1.5451699279087578,1.447500005364418,0.34495218663269306,2.119999974966049,3.115000009536743,3.4749999940395355,0.0,0.0,0.07500001788139343,0.09999999403953552,0.3649999797344208,2.0399999916553497,0.9599999785423279,0.222041,2.5948831999999995,1921.0,46.3588,62.662,62.662
apple-m4 · chrome|s5|006_r3f-state_i1,apple-m4 · chrome,r3f-state,566,1530.0,3001.4,509.7621110138474,515.4639181592586,405.8441560797746,428.50699117928866,1.9616993464091246,1.9399999976158142,0.09883835348623841,2.1477500081062315,2.419199987649918,2.5100000202655792,0.0,0.0,0.10000002384185791,0.1300000163912773,0.48499998450279236,0.5949999988079071,1.350000023841858,0.410916,2.87864976,1529.0,58.3838,77.865,76.1213
apple-m4 · chrome|s5|006_r3f-state_i1,apple-m4 · chrome,r3f-state,800,964.0,3001.74,321.1470680328534,325.73289661961775,250.48705811879702,273.30960858730396,3.1138381742837518,3.070000022649765,0.17412128817533715,3.4950000047683716,3.661849994659424,5.294999986886978,0.0,0.0,0.14500001072883606,0.1899999976158142,0.8499999940395355,1.030550000667572,2.0699999928474426,0.454916,2.76163754,963.0,54.3918,77.0249,51.8706
apple-m4 · chrome|s5|006_r3f-state_i1,apple-m4 · chrome,r3f-state,1131,630.0,3001.69,209.88176660497933,212.08907725164588,182.8153563637805,185.42333352953946,4.764587301583517,4.715000003576279,0.1996538844562732,5.315499997138977,5.4435499942302705,5.5,0.0,0.0,0.2600000202655792,0.37855001777410524,1.4399999976158142,1.5985499954223634,3.0100000202655792,0.36125,2.83161252,629.0,73.7449,100.1104,98.7021
apple-m4 · chrome|s5|006_r3f-state_i1,apple-m4 · chrome,r3f-state,1600,428.0,3002.495,142.548114152919,144.4043318813814,123.15270940028587,127.01484865712307,7.015175233586369,6.925000011920929,0.29282965600685584,7.741499997675419,7.882299993038178,8.23999997973442,0.0,0.0,0.32499998807907104,1.0186500120162965,2.1399999856948853,2.330000013113022,4.455000013113022,0.61875,2.923855,427.0,105.4644,108.6778,94.9182
apple-m4 · chrome|s5|006_r3f-state_i1,apple-m4 · chrome,r3f-state,2263,266.0,3008.715,88.40983609271194,89.3854748603352,79.93605122001036,80.95401188980581,11.310958646629986,11.1875,0.4370733736888577,12.211249984800816,12.41925000846386,12.519999980926514,0.0,0.0,0.6400000154972076,0.7700000107288361,3.550000011920929,3.7450000047683716,7.002499997615814,0.769083,3.241889,265.0,123.9773,149.6823,127.45
apple-m4 · chrome|s5|006_r3f-state_i1,apple-m4 · chrome,r3f-state,3200,198.0,3001.645,65.9638298330723,67.10283507867952,60.60606060606061,60.98387316044029,15.159823232377418,14.902500003576279,0.6076964877488406,16.23825001567602,16.47059999912977,16.5,0.0,0.0,0.8149999976158142,0.9633000078797341,4.860000014305115,5.03514999717474,9.229999989271164,0.975208,1.2223499999999998,197.0,201.5083,207.2397,201.404
apple-m4 · chrome|s5|006_r3f-state_i1,apple-m4 · chrome,r3f-state,4525,135.0,3016.365,44.75585680145042,45.65167769667103,41.736227030539474,42.09935447339548,22.343444444294327,21.905000001192093,0.9685092935493702,23.65799999833107,23.754800015091895,23.96000000834465,1.0,0.0,1.3149999976158142,1.4600000083446503,7.110000014305115,7.336500006914139,13.659999996423721,1.4977075,1.77868611,134.0,279.2896,286.1748,276.6534
apple-m4 · chrome|s5|006_r3f-state_i1,apple-m4 · chrome,r3f-state,6400,87.0,3008.51,28.917969360339765,28.081999427079015,27.416038386933852,27.480076943765336,34.58057471253406,35.610000014305115,1.7014761764702215,36.28149999082088,36.453499988913535,36.474999994039536,1.0,0.6436781609195402,1.5049999952316284,4.109500009417534,11.689999997615814,12.300899986624719,22.23999997973442,2.2102915000000003,2.6260554000000003,86.0,371.6572,516.2191,516.2191
apple-m4 · chrome|s5|006_r3f-state_i1,apple-m4 · chrome,r3f-state,9051,63.0,3035.295,20.755807919912947,20.97535395385326,12.759170653907496,16.275600161177103,48.17928571407757,47.67500001192093,4.236076038785808,49.9750000089407,64.40949999630458,78.375,1.0,1.0,1.9949999749660492,6.349499994516373,14.775000005960464,15.53679998636246,30.94999998807907,3.1629575,4.095169,62.0,846.5175,1051.8971,526.9712
apple-m4 · chrome|s5|006_r3f-state_i1,apple-m4 · chrome,r3f-state,12800,61.0,4182.82,14.58346283132057,15.165301790053942,9.623249769460688,10.87409608996368,68.5708196720139,65.93999999761581,6.590101492060758,74.2999999821186,99.35200001001357,103.91500002145767,1.0,1.0,2.0900000035762787,18.95899997949596,20.604999989271164,22.989999997615815,43.16999998688698,4.657354,5.77303725,60.0,977.6294,1490.0956,778.2962
apple-m4 · chrome|s5|007_r3f-ref_i1,apple-m4 · chrome,r3f-ref,100,2294.0,3001.185,764.3647425927351,492.6108335331471,240.22712386994127,334.08061876841197,1.3082759372285895,2.030000016093254,1.1858089805275738,2.6299999952316284,3.3917500138282817,6.149999976158142,0.0,0.0,0.004999995231628418,0.02000001072883606,1.9525000005960464,3.3170999976992657,0.06999999284744263,0.197812,2.4941958299999882,2214.0,13.6481,17.6478,11.5166
apple-m4 · chrome|s5|007_r3f-ref_i1,apple-m4 · chrome,r3f-ref,141,2165.0,3000.845,721.4634544606137,3225.8064268034777,258.2073037256176,339.86311046203537,1.3860715935329366,0.3100000023841858,1.2432101480549524,2.680000001192093,3.025400012731586,3.9849999845027924,0.0,0.0,0.009999990463256836,0.02000001072883606,0.23499998450279236,2.9571999883652076,0.054999977350234985,0.178041,2.2009374800000034,2107.0,16.6718,21.7494,21.7473
apple-m4 · chrome|s5|007_r3f-ref_i1,apple-m4 · chrome,r3f-ref,200,2113.0,3000.905,704.1209235211247,454.5454570084564,292.68292658612876,345.2016963331795,1.420210601041738,2.199999988079071,1.1948245069363388,2.7350000143051147,2.8451999950408977,3.9600000083446503,0.0,0.0,0.014999985694885254,0.025000005960464478,2.1350000202655792,2.749400000572205,0.04499998688697815,0.22316599999999998,2.798445639999997,2072.0,14.8779,26.452,26.452
apple-m4 · chrome|s5|007_r3f-ref_i1,apple-m4 · chrome,r3f-ref,283,1980.0,3002.1,659.5383231750878,442.4778779733619,248.13895783955635,291.99233147859354,1.5162121212091109,2.259999990463257,1.2677296137848846,2.8250000178813934,4.0,4.120000004768372,0.0,0.0,0.02499997615814209,0.03999999165534973,2.2000000178813934,3.9410499966144563,0.0350000262260437,0.19677050000000001,2.74482983,1950.0,21.9657,26.7414,26.7414
apple-m4 · chrome|s5|007_r3f-ref_i1,apple-m4 · chrome,r3f-ref,400,1873.0,3000.59,624.2105719201116,446.4285695279131,245.33187929954,301.59064700047765,1.6020234917264156,2.240000009536743,1.205520074630971,2.9549999952316286,3.9478000116348264,4.384999990463257,0.0,0.0,0.030000001192092896,0.04499998688697815,2.185000002384186,3.8892000079154965,0.034999996423721313,0.2204785,2.57274117,1852.0,17.4083,37.3161,37.3161
apple-m4 · chrome|s5|007_r3f-ref_i1,apple-m4 · chrome,r3f-ref,566,1714.0,3000.135,571.3076244863721,1159.4202938612657,231.5760796584891,270.5584644313272,1.7503704784248924,0.8624999970197678,1.2264920840036235,3.200249998271464,4.225249986052505,4.5,0.0,0.0,0.04499998688697815,0.06499999761581421,0.7349999994039536,4.148949999213209,0.034999996423721313,0.258812,2.60602373,1698.0,28.6361,51.3231,24.9642
apple-m4 · chrome|s5|007_r3f-ref_i1,apple-m4 · chrome,r3f-ref,800,1786.0,3000.79,595.1766034960682,975.6097504243052,217.2523961661342,258.4316970232705,1.6801735722237712,1.0250000059604645,1.0964939148101231,3.450000010430813,4.286250004172332,5.189999997615814,0.0,0.0,0.08499997854232788,0.17075001597404527,0.8700000047683716,4.031749978661542,0.054999977350234985,0.453749,2.92140892,1775.0,42.7313,48.3571,48.3571
apple-m4 · chrome|s5|007_r3f-ref_i1,apple-m4 · chrome,r3f-ref,1131,1653.0,3000.385,550.9292974085839,694.4444455942254,238.52116870709997,268.16665576453767,1.8151149425229662,1.4399999976158142,0.77315273418927,3.501999998092651,3.7900000059604646,5.109999984502792,0.0,0.0,0.20999997854232788,0.2849999964237213,1.1449999809265137,3.5246000063419345,0.07000002264976501,0.525916,3.005236,1645.0,33.7803,56.4569,49.0578
apple-m4 · chrome|s5|007_r3f-ref_i1,apple-m4 · chrome,r3f-ref,1600,1171.0,3000.21,390.3060119152909,470.5882352941176,193.9351199931401,204.84927678894746,2.5620922288458945,2.125,1.0571799584990853,4.690000012516975,5.014999994635582,5.389999985694885,0.0,0.0,0.3100000023841858,0.3949999898672104,1.7350000143051147,4.620000004768372,0.08499997854232788,0.619875,3.172124,1165.0,50.3188,65.4535,65.4535
apple-m4 · chrome|s5|007_r3f-ref_i1,apple-m4 · chrome,r3f-ref,2263,828.0,3002.32,275.7867249306381,276.8166092249073,253.0844665876967,257.02106302822835,3.625990338191606,3.6124999970197678,0.15915222053720618,3.860000003874302,3.9036500024795533,4.1700000166893005,0.0,0.0,0.5100000202655792,0.5949999988079071,3.0149999856948853,3.2549999952316284,0.07499998807907104,0.91775,3.33667408,827.0,77.1628,92.7542,92.7542
apple-m4 · chrome|s5|007_r3f-ref_i1,apple-m4 · chrome,r3f-ref,3200,618.0,3002.405,205.83498895044295,204.81310771387288,184.5302167350545,190.80934959303028,4.858260517801281,4.882500007748604,0.19880785321094416,5.169999991357327,5.2249999940395355,6.215000003576279,0.0,0.0,0.929999977350235,1.0400000163912773,3.8499999940395355,4.144149986803532,0.07999998331069946,1.270375,3.58867916,617.0,88.3035,119.3699,108.752
apple-m4 · chrome|s5|007_r3f-ref_i1,apple-m4 · chrome,r3f-ref,4525,355.0,3007.57,118.03549044605587,118.06375444400743,108.04970280300851,113.32577828865247,8.472028168993937,8.469999998807907,0.16583030087034936,8.708000001311301,8.760000004172324,9.97000002861023,0.0,0.0,1.3199999928474426,1.4223000144958495,7.070000022649765,7.28999999165535,0.07500001788139343,1.638541,4.1295129799999994,354.0,179.8416,199.5718,199.5718
apple-m4 · chrome|s5|007_r3f-ref_i1,apple-m4 · chrome,r3f-ref,6400,275.0,3005.455,91.50028864232773,91.70105455210306,85.43357540818172,88.5679247666909,10.928927272666584,10.905000001192093,0.17091860723985772,11.176500010490418,11.263899994492531,12.125,0.0,0.0,1.2100000083446503,1.3312999820709228,9.600000023841858,9.906299999952315,0.08000001311302185,2.4983115,4.91264741,274.0,280.928,299.5326,295.8477
apple-m4 · chrome|s5|007_r3f-ref_i1,apple-m4 · chrome,r3f-ref,9051,168.0,3000.335,55.993747364721855,56.179775243274435,50.42864343614362,54.429174041257056,17.859136904811574,17.80000001192093,0.23001301570208724,18.133250011503698,18.186600000858306,19.830000013113022,1.0,0.0,2.2350000143051147,2.329999993145466,15.48250000178814,15.819999992847443,0.08000001311302185,3.370374,3.6344593400000003,167.0,236.9478,250.9085,250.9085
apple-m4 · chrome|s5|007_r3f-ref_i1,apple-m4 · chrome,r3f-ref,12800,134.0,3003.295,44.617661601868974,44.54839067874034,43.27131114974403,43.69833581943443,22.412649253633486,22.447500005364418,0.22311254273559664,22.70850000977516,22.921750005185604,23.109999984502792,1.0,0.0,2.5750000029802322,2.6985499995946878,19.78999999165535,20.183850013911723,0.08249999582767487,5.028166,5.12507756,133.0,419.1919,448.2172,433.3102
apple-m4 · chrome|s5|007_r3f-ref_i1,apple-m4 · chrome,r3f-ref,18102,89.0,3006.045,29.607008544285225,29.704440821264612,28.943560047900604,29.077163516902978,33.77578651704145,33.66499999165535,0.3383506952738766,34.2460000038147,34.41800000667572,34.55000001192093,1.0,0.9775280898876404,3.5999999940395355,3.6974000203609467,30.01000002026558,30.637199980020522,0.09000000357627869,7.116958,7.21177367,88.0,421.9315,454.902,434.845
apple-m4 · chrome|s5|007_r3f-ref_i1,apple-m4 · chrome,r3f-ref,25600,63.0,3013.745,20.904223814523235,20.837674524323557,19.886646118546686,20.410940265471393,47.83722222229791,47.98999997973442,0.4943012148453671,48.32099999189377,49.08529999494553,50.28499999642372,1.0,1.0,6.034999996423721,6.121900002956391,41.85999998450279,42.91990001082421,0.0949999988079071,8.141207999999999,10.16036961,62.0,811.2544,836.5007,824.5025
apple-m4 · chrome|s5|007_r3f-ref_i1,apple-m4 · chrome,r3f-ref,36204,61.0,4469.28,13.648730891773111,13.719303056487709,12.724265173107195,12.758899332543015,73.26688524592119,72.89000001549721,1.806374860606449,77.96000000834465,78.43099999427795,78.59000000357628,1.0,1.0,11.23999997973442,11.591000002622604,61.44499999284744,62.818999993801114,0.13499999046325684,14.676166,15.143051909999999,60.0,753.9868,813.6744,730.2836
apple-m4 · chrome|s5|008_r3f-ref-central_i1,apple-m4 · chrome,r3f-ref-central,100,2324.0,3000.095,774.6421363326573,648.2982154263138,279.94157732057255,351.65368155771245,1.2909186746982821,1.5425000041723251,1.1636893422909464,2.6299999952316284,2.763850016593933,4.925000011920929,0.0,0.0,0.004999995231628418,0.02000000387430191,1.457500010728836,2.681549982726574,0.06499999761581421,0.197083,1.4273217799999933,2243.0,12.3215,16.9519,16.691
apple-m4 · chrome|s5|008_r3f-ref-central_i1,apple-m4 · chrome,r3f-ref-central,141,2151.0,3000.11,716.9737109605127,472.81323663872416,264.566929431863,341.6947422358134,1.3947512784817784,2.115000009536743,1.250395312781433,2.679999977350235,2.824999988079071,5.365000009536743,0.0,0.0,0.004999995231628418,0.017499998211860657,2.050000011920929,2.7549999952316284,0.050000011920928955,0.2069375,1.9007699700000018,2092.0,15.2086,21.8762,20.0904
apple-m4 · chrome|s5|008_r3f-ref-central_i1,apple-m4 · chrome,r3f-ref-central,200,2128.0,3000.82,709.1395018711793,474.49584775873564,252.32802663315007,332.4864338615149,1.410159774432729,2.1075000017881393,1.2039431367477171,2.7300000086426737,2.928250000774861,5.2049999833106995,0.0,0.0,0.009999990463256836,0.02000001072883606,2.0575000196695328,2.8282500067353253,0.04499998688697815,0.185333,2.171654879999999,2087.0,15.6071,26.3121,14.5837
apple-m4 · chrome|s5|008_r3f-ref-central_i1,apple-m4 · chrome,r3f-ref-central,283,2030.0,3000.185,676.6249414614055,449.94375775438664,271.75759212208646,331.5334241053113,1.4779236453213715,2.2224999964237213,1.236043918808976,2.8127499997615812,2.938549998998642,4.159999996423721,0.0,0.0,0.014999985694885254,0.025000005960464478,2.1599999964237213,2.863550002276898,0.0350000262260437,0.195333,2.4286462399999995,2000.0,24.9822,26.5734,25.4761
apple-m4 · chrome|s5|008_r3f-ref-central_i1,apple-m4 · chrome,r3f-ref-central,400,1860.0,3002.635,619.4559112204602,442.4778779733619,244.68157422518107,292.7612422517209,1.6143198924840139,2.259999990463257,1.2155200448948962,3.0,3.952049998342991,4.16499999165535,0.0,0.0,0.019999980926513672,0.030000001192092896,2.205000013113022,3.899999988377094,0.034999996423721313,0.221208,2.5844825,1839.0,16.6192,36.3001,36.3001
apple-m4 · chrome|s5|008_r3f-ref-central_i1,apple-m4 · chrome,r3f-ref-central,566,1703.0,3003.06,567.0882366648178,1169.590617183426,233.95032018023474,275.87102214805344,1.763394010570983,0.8550000190734863,1.2512539029147525,3.280000001192093,4.104899989366531,4.58500000834465,0.0,0.0,0.030000001192092896,0.04000002145767212,0.7849999964237213,4.044699987173081,0.034999996423721313,0.325687,2.6310689999999997,1688.0,26.1533,46.9034,25.0796
apple-m4 · chrome|s5|008_r3f-ref-central_i1,apple-m4 · chrome,r3f-ref-central,800,1864.0,3000.49,621.23186546,956.9378110510493,215.06661085045454,250.52529509481187,1.6097049356274338,1.0449999868869781,1.1357142595536267,3.5542500078678128,4.445000003874302,4.979999989271164,0.0,0.0,0.04499998688697815,0.07499999910593033,0.9449999928474426,4.341850001811981,0.04999998211860657,0.45625,2.92622559,1852.0,32.7805,46.1311,35.3427
apple-m4 · chrome|s5|008_r3f-ref-central_i1,apple-m4 · chrome,r3f-ref-central,1131,1698.0,3000.105,565.9801906897275,729.927004758713,220.99447530186558,239.95200968469385,1.766846289763883,1.3700000047683716,1.0059626412597475,3.905000001192093,4.2854499959945676,5.4549999833106995,0.0,0.0,0.06499999761581421,0.10500001907348633,1.2400000095367432,4.140150015354156,0.06499999761581421,0.525791,3.0434810399999996,1689.0,43.0313,60.6001,60.6001
apple-m4 · chrome|s5|008_r3f-ref-central_i1,apple-m4 · chrome,r3f-ref-central,1600,1207.0,3002.06,402.0572540185877,472.81323663872416,192.83303848350084,208.42017496851744,2.487207953605952,2.115000009536743,0.9010870948016282,4.479999989271164,4.999400000572205,5.440000027418137,0.0,0.0,0.17500001192092896,0.2849999964237213,1.8350000083446503,4.729999989271164,0.08500000834465027,0.637333,3.195208,1201.0,48.8614,65.4032,65.4032
apple-m4 · chrome|s5|008_r3f-ref-central_i1,apple-m4 · chrome,r3f-ref-central,2263,864.0,3003.025,287.7098925273215,294.9852493889535,174.8251747477506,190.67045045490192,3.475723379602035,3.3900000154972076,0.4646962563679005,4.477500012516971,5.385000001490116,5.995000004768372,0.0,0.0,0.3799999952316284,0.4699999988079071,2.935000002384186,4.911849994659424,0.08500000834465027,0.9399575,3.33382544,860.0,53.2903,72.4724,72.4724
apple-m4 · chrome|s5|008_r3f-ref-central_i1,apple-m4 · chrome,r3f-ref-central,3200,574.0,3000.06,191.3295067430464,191.57088126980273,178.53954653995154,182.3510257103628,5.2265853658578125,5.219999998807907,0.11587219362134943,5.415000021457672,5.512700009644031,5.680000007152557,0.0,0.0,0.47999998927116394,0.5713500213623046,4.655000001192093,4.922699992358685,0.07500001788139343,1.2467915,3.55046989,572.0,95.1797,112.9094,110.1199
apple-m4 · chrome|s5|008_r3f-ref-central_i1,apple-m4 · chrome,r3f-ref-central,4525,378.0,3007.365,125.6914275462231,126.10340491514822,91.96811770574683,115.73329904109842,7.955992063438451,7.929999992251396,0.2811064392131728,8.069999992847443,8.504199993312369,11.259999990463257,0.0,0.0,0.6899999976158142,0.7711500096321107,7.155000001192093,7.468400014042856,0.07500001788139343,1.816083,4.12596292,377.0,162.6918,183.2805,86.782
apple-m4 · chrome|s5|008_r3f-ref-central_i1,apple-m4 · chrome,r3f-ref-central,6400,251.0,3012.165,83.32876850976356,83.57709984965358,64.79831522378213,76.51841223422123,12.000657370603417,11.965000003576279,0.3889987994820719,12.287499994039536,13.529999986290932,16.009999990463257,0.0,0.0,1.4549999833106995,1.5750000029802322,10.4200000166893,11.032499998807907,0.08000001311302185,2.326041,4.38717391,250.0,157.7925,190.0373,83.0103
apple-m4 · chrome|s5|008_r3f-ref-central_i1,apple-m4 · chrome,r3f-ref-central,9051,167.0,3011.845,55.44774050459638,55.38631955712247,52.687039018191285,54.09791723193102,18.034999999992863,18.055000007152557,0.2084018357549123,18.308499994874,18.50090000987053,18.979999989271164,1.0,0.0,2.5349999964237213,2.7002999979257587,15.444999992847443,15.673500003814697,0.08000001311302185,3.532708,3.66857225,166.0,216.2893,230.1653,230.1653
apple-m4 · chrome|s5|008_r3f-ref-central_i1,apple-m4 · chrome,r3f-ref-central,12800,135.0,3016.92,44.74762340419593,44.702726856810045,40.41220447796725,43.527150050815614,22.34755555545842,22.37000000476837,0.2816157191035554,22.596499997377396,22.646499999165535,24.74500000476837,1.0,0.0,1.899999976158142,1.981599987745285,20.375,20.60489998936653,0.08000001311302185,5.054916,5.1452928899999995,134.0,294.542,313.2811,313.2811
apple-m4 · chrome|s5|008_r3f-ref-central_i1,apple-m4 · chrome,r3f-ref-central,18102,86.0,3010.025,28.57119126940181,28.690288333963412,27.22940776480054,27.888168448941368,35.00029069739719,34.855000004172325,0.3519060320609644,35.46124999970198,35.807000008225444,36.724999994039536,1.0,1.0,4.215000003576279,4.333249989151955,30.560000002384186,31.478999993205075,0.09000000357627869,7.112624,7.237194000000001,85.0,541.4453,565.8138,556.0112
apple-m4 · chrome|s5|008_r3f-ref-central_i1,apple-m4 · chrome,r3f-ref-central,25600,66.0,3018.535,21.864911289774078,21.959923143143374,20.54020745508942,21.2179079208987,45.7353787878246,45.537499994039536,0.5383859854417897,46.28499998897314,47.202999982237806,48.685000002384186,1.0,1.0,3.7849999964237213,3.9662499934434887,41.63500000536442,43.21075000464915,0.09000000357627869,8.449291,10.21357912,65.0,916.2744,938.3957,938.3957
apple-m4 · chrome|s5|008_r3f-ref-central_i1,apple-m4 · chrome,r3f-ref-central,36204,61.0,4619.98,13.20352036159067,13.266118334614722,12.059816692693447,12.292311160510614,75.73737704900445,75.37999999523163,1.896508108063967,80.4050000011921,81.57299998402596,82.91999998688698,1.0,1.0,10.169999986886978,10.918999993801117,64.7999999821186,65.73400001525879,0.13499999046325684,14.7327495,15.11215584,60.0,760.1482,821.4079,821.4079
apple-m4 · chrome|s5|009_r3f-ref_i2,apple-m4 · chrome,r3f-ref,100,2308.0,3001.71,768.8950631452019,488.9975581477925,264.87015619942696,342.7873080345167,1.3005675909914838,2.044999986886978,1.1704479572451196,2.625,3.348949995040891,4.8299999833106995,0.0,0.0,0.009999990463256836,0.02499997615814209,1.969999998807907,3.270000010728836,0.06999999284744263,0.1994995,2.4273271600000004,2228.0,13.0073,17.3352,17.3352
apple-m4 · chrome|s5|009_r3f-ref_i2,apple-m4 · chrome,r3f-ref,141,2152.0,3002.485,716.7396340068668,801.6032048808248,255.95709675612616,337.55008040228745,1.3952067843794158,1.2475000023841858,1.253632283748381,2.689999997615814,2.844999998807907,5.2049999833106995,0.0,0.0,0.009999990463256836,0.02000001072883606,1.1724999994039536,2.7623499882221187,0.054999977350234985,0.20966600000000002,1.9837621200000075,2094.0,16.3536,21.4673,21.4673
apple-m4 · chrome|s5|009_r3f-ref_i2,apple-m4 · chrome,r3f-ref,200,2133.0,3000.655,710.8447988852943,464.0371227131437,251.69293461257166,332.79959832558797,1.4067768401318295,2.155000001192093,1.1993233446667226,2.729999989271164,2.848399995565414,5.199999988079071,0.0,0.0,0.014999985694885254,0.025000005960464478,2.0999999940395355,2.761800009012221,0.04499998688697815,0.18764550000000002,1.9813822800000278,2092.0,14.7308,26.3708,26.3708
apple-m4 · chrome|s5|009_r3f-ref_i2,apple-m4 · chrome,r3f-ref,283,2029.0,3000.145,676.3006454663838,453.51474266160716,261.55757524710094,328.34316725794827,1.4786323312029221,2.2049999833106995,1.2343200136559784,2.808000004291534,2.948599989414215,4.069999992847443,0.0,0.0,0.02000001072883606,0.034999996423721313,2.1299999952316284,2.8699999964237213,0.03999999165534973,0.197124,2.485850819999999,1999.0,22.1903,27.176,27.176
apple-m4 · chrome|s5|009_r3f-ref_i2,apple-m4 · chrome,r3f-ref,400,1876.0,3000.39,625.2520505635301,449.43820345117325,245.75056296239052,304.9730279600264,1.5993550106692416,2.2249999940395355,1.1921839606908926,2.9000000059604645,3.8562499955296516,4.184999972581863,0.0,0.0,0.030000001192092896,0.04000002145767212,2.157499998807907,3.796249993145466,0.034999996423721313,0.220874,2.57416276,1854.0,16.4722,36.4195,36.4195
apple-m4 · chrome|s5|009_r3f-ref_i2,apple-m4 · chrome,r3f-ref,566,1691.0,3000.13,563.6422421704018,1234.5678976006923,230.64725354301163,259.9975238945037,1.7741750443496342,0.8100000023841858,1.268592886648155,3.3075000047683716,4.26599998474121,4.5250000059604645,0.0,0.0,0.04499998688697815,0.06000000238418579,0.7150000035762787,4.186000001430511,0.034999996423721313,0.327124,2.76686408,1675.0,27.1913,47.8012,25.6207
apple-m4 · chrome|s5|009_r3f-ref_i2,apple-m4 · chrome,r3f-ref,800,1788.0,3000.425,595.9155786299127,909.0909140169128,211.86440683316994,250.2178863005014,1.6780900447327285,1.0999999940395355,1.1242830712719507,3.5182500019669525,4.401300004720687,5.899999976158142,0.0,0.0,0.08500000834465027,0.17499998599290847,0.945000022649765,4.261299993097781,0.050000011920928955,0.456791,2.92371784,1777.0,33.849,46.3901,35.0145
apple-m4 · chrome|s5|009_r3f-ref_i2,apple-m4 · chrome,r3f-ref,1131,1691.0,3001.56,563.3737123358043,738.0073859173139,213.0492674909607,238.41623499818854,1.7750206978133556,1.354999989271164,0.9922733366266522,3.9025000035762787,4.344999998807907,5.699999988079071,0.0,0.0,0.13999998569488525,0.2355000108480449,1.1449999809265137,4.084000012278553,0.06999999284744263,0.5260825,3.08572952,1682.0,43.5455,59.456,59.456
apple-m4 · chrome|s5|009_r3f-ref_i2,apple-m4 · chrome,r3f-ref,1600,1228.0,3000.16,409.311503386974,405.679512596015,249.09185255901596,294.0113266743099,2.4431270358277066,2.4650000035762787,0.35401112009548713,2.899999995529652,3.7345999848842624,4.314999997615814,0.0,0.0,0.3499999940395355,0.44000001937150957,2.030000001192093,3.2809500002861025,0.08000001311302185,0.631,3.19239448,1223.0,48.57,66.2126,66.2126
apple-m4 · chrome|s5|009_r3f-ref_i2,apple-m4 · chrome,r3f-ref,2263,794.0,3002.86,264.4145914215839,264.20079285200944,242.4662281285032,247.2971688841018,3.7819395466175125,3.7849999964237213,0.15813965333583246,4.004999995231628,4.055350004732609,4.370000004768372,0.0,0.0,0.5300000011920929,0.6353500199317929,3.1599999964237213,3.3700000047683716,0.07500001788139343,0.953562,3.332083,792.0,73.461,91.3184,85.9091
apple-m4 · chrome|s5|009_r3f-ref_i2,apple-m4 · chrome,r3f-ref,3200,504.0,3003.555,167.80115563017816,167.99664005037653,159.2356687595822,160.49303452983222,5.959434523823715,5.9525000005960464,0.12218043804033511,6.179250007867813,6.259849991500378,6.299999982118607,0.0,0.0,0.9050000011920929,1.0348499965667723,4.969999998807907,5.185000002384186,0.07499998807907104,1.216083,3.545744,503.0,59.4518,83.26,69.7771
apple-m4 · chrome|s5|009_r3f-ref_i2,apple-m4 · chrome,r3f-ref,4525,345.0,3000.875,114.9664681134669,115.07479865067431,106.11956122033432,110.84667296281997,8.6981884057971,8.689999997615814,0.14195522873139588,8.894999980926514,8.998000005483627,10.050000011920929,0.0,0.0,1.2399999797344208,1.3577999997138976,7.369999974966049,7.597799996137619,0.07500001788139343,1.829624,4.14955725,344.0,140.7922,158.3989,158.3989
apple-m4 · chrome|s5|009_r3f-ref_i2,apple-m4 · chrome,r3f-ref,6400,248.0,3007.825,82.4516053962524,82.5593395455972,76.8491834598249,79.81642222950646,12.128326612855158,12.112499997019768,0.2000488865449807,12.403250002861023,12.460599993765355,13.495000004768372,0.0,0.0,1.4500000178813934,1.5900000035762787,10.569999992847443,10.880600010454655,0.08000001311302185,2.362458,4.445044179999999,247.0,185.0729,197.4938,197.4938
apple-m4 · chrome|s5|009_r3f-ref_i2,apple-m4 · chrome,r3f-ref,9051,181.0,3012.48,60.08338644593313,59.9520383435965,55.47850215382583,58.721821698300786,16.643535911542934,16.680000007152557,0.1812431908436884,16.84000000357628,16.9789999961853,18.024999976158142,0.5303867403314917,0.0,1.9200000166893005,2.0550000071525574,14.63500002026558,14.966000002622604,0.08500000834465027,3.373645,3.6643998600000005,180.0,324.0097,338.1399,338.1399
apple-m4 · chrome|s5|009_r3f-ref_i2,apple-m4 · chrome,r3f-ref,12800,122.0,3000.065,40.6657855746782,40.62563478439703,38.336208536710664,39.69304048001461,24.590696721291934,24.614999994635582,0.2534353355452294,24.859500013291836,25.114750003516672,26.08500000834465,1.0,0.0,2.6649999916553497,2.7400000032782557,21.855000004172325,22.31004998356104,0.08249999582767487,4.957124,5.1108998,121.0,311.4276,330.8228,324.7248
apple-m4 · chrome|s5|009_r3f-ref_i2,apple-m4 · chrome,r3f-ref,18102,89.0,3027.705,29.39520197628717,29.515938611001857,27.536830512616078,28.43130286493557,34.01915730351812,33.87999999523163,0.4289523683549472,34.6289999961853,35.034600012302406,36.314999997615814,1.0,1.0,3.814999997615814,3.960600004196167,29.930000007152557,31.0825999891758,0.08500000834465027,7.103708,7.216423999999999,88.0,590.5587,606.8105,581.3897
apple-m4 · chrome|s5|009_r3f-ref_i2,apple-m4 · chrome,r3f-ref,25600,68.0,3017.61,22.53438979866491,22.59631680279624,21.577300680239986,22.014309300082804,44.37661764683092,44.25499999523163,0.3871648202297333,44.788000012934205,45.45389999002218,46.34499999880791,1.0,1.0,4.730000019073486,4.836549986898899,39.435000002384186,40.50169999361038,0.0949999988079071,7.70525,10.21525672,67.0,609.8845,634.7767,600.0076
apple-m4 · chrome|s5|009_r3f-ref_i2,apple-m4 · chrome,r3f-ref,36204,61.0,4744.57,12.856802618591772,12.90405832554963,11.845534231252147,12.024771029065276,77.77983606545652,77.49500000476837,1.7678708877126819,81.28500002622604,84.0089999973774,84.4200000166893,1.0,1.0,12.08500000834465,12.342999982833863,65.08500000834465,67.6660000026226,0.13500002026557922,14.406458,15.2372075,60.0,1120.8435,1155.3337,1155.3337
apple-m4 · chrome|s5|010_r3f-ref-central_i2,apple-m4 · chrome,r3f-ref-central,100,2340.0,3001.025,779.7335910215185,696.8641103404506,286.81880534585144,355.5096397600134,1.2824893162418634,1.4350000023841858,1.1548327593692818,2.6200000047683716,2.7380500113964086,5.934999972581863,0.0,0.0,0.004999995231628418,0.019999999105930328,1.3575000017881393,2.6391499865055104,0.0650000274181366,0.174666,1.1991120899999983,2260.0,12.6805,16.8643,15.9793
apple-m4 · chrome|s5|010_r3f-ref-central_i2,apple-m4 · chrome,r3f-ref-central,141,2156.0,3000.25,718.6067827681027,1183.4319543322613,272.72727293838716,344.66097601581146,1.3915816326530612,0.8449999988079071,1.2476304704860068,2.6799999848008156,2.8072500050067895,5.205000013113022,0.0,0.0,0.005000025033950806,0.019999980926513672,0.7699999958276749,2.7295000195503216,0.054999977350234985,0.1949995,1.7979274800000011,2098.0,18.9196,22.3098,18.6941
apple-m4 · chrome|s5|010_r3f-ref-central_i2,apple-m4 · chrome,r3f-ref-central,200,2126.0,3000.06,708.6524936162311,591.71597194882,239.9314482230267,325.732898976265,1.4111288805279323,1.6900000125169754,1.2099404147524953,2.7349999845027924,3.5112499967217445,5.21000000834465,0.0,0.0,0.009999990463256836,0.02000001072883606,1.635000005364418,3.4362499937415123,0.04499998688697815,0.185416,2.5285815599999997,2085.0,14.8025,26.4542,26.4542
apple-m4 · chrome|s5|010_r3f-ref-central_i2,apple-m4 · chrome,r3f-ref-central,283,2032.0,3001.015,677.1042463931392,452.4886860742716,274.0476841135338,331.7130844201392,1.4768774606375479,2.2100000083446503,1.2446107975615859,2.814999997615814,2.946899991035462,4.155000001192093,0.0,0.0,0.014999985694885254,0.025000005960464478,2.1525000035762787,2.8734500014781954,0.03999999165534973,0.196791,2.3013352600000005,2002.0,23.994,26.6377,24.6979
apple-m4 · chrome|s5|010_r3f-ref-central_i2,apple-m4 · chrome,r3f-ref-central,400,1855.0,3000.09,618.3147838890795,440.52863806273876,240.33647121632472,280.3510481194294,1.617299191376591,2.2699999809265137,1.229527795794472,3.030000001192093,4.099200008511544,4.384999990463257,0.0,0.0,0.02000001072883606,0.034999996423721313,2.219999998807907,4.0491999989748,0.034999996423721313,0.222041,2.57765788,1833.0,15.8033,35.5149,35.5149
apple-m4 · chrome|s5|010_r3f-ref-central_i2,apple-m4 · chrome,r3f-ref-central,566,1712.0,3001.09,570.4593997507438,1234.5679203124153,231.82871925735657,271.38341681798056,1.7529731308432104,0.8099999874830246,1.2480450788131026,3.260000003874302,4.235000011026859,4.655000001192093,0.0,0.0,0.030000001192092896,0.04499998688697815,0.7175000011920929,4.178349978923796,0.034999996423721313,0.259624,2.60568432,1697.0,24.7096,46.428,23.7908
apple-m4 · chrome|s5|010_r3f-ref-central_i2,apple-m4 · chrome,r3f-ref-central,800,1787.0,3003.92,594.889344586431,975.6097504243052,213.0058888208998,243.45875554705154,1.6809848908879068,1.0250000059604645,1.178010193669905,3.6000000149011613,4.519999980926514,5.009999990463257,0.0,0.0,0.04000002145767212,0.07500001788139343,0.9199999868869781,4.430000007152557,0.04500001668930054,0.454958,2.9250102499999997,1776.0,32.7005,48.24,39.615
apple-m4 · chrome|s5|010_r3f-ref-central_i2,apple-m4 · chrome,r3f-ref-central,1131,1691.0,3001.215,563.438474083991,735.2941099128922,224.49838657180496,240.6704391583859,1.7748166765248825,1.3600000143051147,1.0166668456903123,3.8975000083446503,4.300500011444091,5.265000015497208,0.0,0.0,0.06499999761581421,0.1105000108480449,1.2249999940395355,4.170499989390373,0.06499999761581421,0.5253745000000001,3.0537477300000004,1682.0,42.8804,55.7205,49.8457
apple-m4 · chrome|s5|010_r3f-ref-central_i2,apple-m4 · chrome,r3f-ref-central,1600,1260.0,3002.69,419.62373738248056,478.4688987028047,192.41561788878133,212.79470381738906,2.3830873015854093,2.0900000035762787,0.82161256806983,4.36049998551607,4.877049998044968,5.465000003576279,0.0,0.0,0.16499999165534973,0.26999999314546586,1.834999993443489,4.591150002479554,0.08500000834465027,0.6299365,3.19076124,1254.0,49.0146,67.29,67.29
apple-m4 · chrome|s5|010_r3f-ref-central_i2,apple-m4 · chrome,r3f-ref-central,2263,835.0,3000.19,278.31570667213197,313.97174230814227,166.7708983787502,170.14566128647894,3.5930419161648093,3.185000002384186,0.9595558921129249,5.751499998569488,5.910000016093254,6.230000019073486,0.0,0.0,0.38499999046325684,0.494999994635582,2.6949999928474426,5.420000006556511,0.08500000834465027,0.969999,3.3317115,831.0,46.9491,75.0168,46.7083
apple-m4 · chrome|s5|010_r3f-ref-central_i2,apple-m4 · chrome,r3f-ref-central,3200,656.0,3000.76,218.61128514179237,219.05805049776015,190.47619065640103,200.53266490609766,4.574329268278145,4.564999997615814,0.16023648929491677,4.810000002384186,5.132250022888184,5.465000003576279,0.0,0.0,0.4699999988079071,0.5449999868869781,4.0,4.562250000238419,0.08500000834465027,1.249083,3.563149,653.0,67.718,85.6468,85.6468
apple-m4 · chrome|s5|010_r3f-ref-central_i2,apple-m4 · chrome,r3f-ref-central,4525,363.0,3006.03,120.75727787143045,120.40939182886994,109.64912263025067,115.80030875819514,8.281074380168572,8.305000007152557,0.17951731724366227,8.494499975442887,8.606899998784066,10.025000005960464,0.0,0.0,1.0,1.081899999976158,7.235000014305115,7.470700009465218,0.07999998331069946,1.657187,4.11034313,362.0,121.8288,143.4539,143.4539
apple-m4 · chrome|s5|010_r3f-ref-central_i2,apple-m4 · chrome,r3f-ref-central,6400,281.0,3008.06,93.41568984653806,93.67681488368012,85.05209445956538,89.19469931557161,10.70483985765973,10.675000011920929,0.1982663048846218,11.025000005960464,11.194999992847443,12.299999982118607,0.0,0.0,0.7750000059604645,0.8529999911785124,9.819999992847443,10.240000009536743,0.08000001311302185,2.3942285,4.95115479,280.0,218.7868,237.4134,234.8298
apple-m4 · chrome|s5|010_r3f-ref-central_i2,apple-m4 · chrome,r3f-ref-central,9051,191.0,3015.53,63.33878290049328,63.33122232605933,56.59309568432974,60.983873148125205,15.788115183252314,15.78999999165535,0.23299561147757394,16.075000017881393,16.26000002324581,17.669999986886978,0.010471204188481676,0.0,1.2400000095367432,1.3714999765157698,14.430000007152557,14.889000010490415,0.08000001311302185,3.38552,3.83528987,190.0,364.6983,383.1518,356.3691
apple-m4 · chrome|s5|010_r3f-ref-central_i2,apple-m4 · chrome,r3f-ref-central,12800,120.0,3016.305,39.78377518218519,39.7456279865716,38.05175037879143,38.754682859302385,25.135874999811254,25.15999999642372,0.2870339931027143,25.651250006258486,25.75239999204874,26.280000001192093,1.0,0.0,3.259999990463257,3.389050010740757,21.844999998807907,22.29404998779297,0.08499997854232788,5.049374,5.17481294,119.0,278.8609,310.8517,289.1007
apple-m4 · chrome|s5|010_r3f-ref-central_i2,apple-m4 · chrome,r3f-ref-central,18102,94.0,3031.385,31.00892826226155,30.969340361053835,29.141774736106058,30.221752108528158,32.24877659564323,32.28999999165535,0.3355894224309247,32.56925000399351,32.83164999872445,34.314999997615814,1.0,0.010638297872340425,2.3499999940395355,2.490950012803077,29.854999989271164,30.320500011444082,0.08500000834465027,7.110083,7.267006,93.0,549.3474,570.3765,570.3765
apple-m4 · chrome|s5|010_r3f-ref-central_i2,apple-m4 · chrome,r3f-ref-central,25600,62.0,3029.8,20.46339692380885,20.54337219052094,19.85308715317318,20.03740315271097,48.86774193567614,48.67750000953674,0.4654485563847131,49.54399998784065,49.95824999749661,50.37000000476837,1.0,1.0,5.195000007748604,5.327799997031689,43.38249999284744,44.583100014328956,0.0949999988079071,8.290958,10.1829582,61.0,560.9306,576.2936,576.2936
apple-m4 · chrome|s5|010_r3f-ref-central_i2,apple-m4 · chrome,r3f-ref-central,36204,61.0,4616.27,13.214131755694149,13.283740701171155,12.372409524018114,12.404895798691848,75.67655737722507,75.2800000011921,1.812687815646985,80.32499998807907,80.64199999570846,80.8250000178814,1.0,1.0,10.014999985694885,10.76599999666214,64.87999999523163,66.61199999451637,0.13499999046325684,14.6982705,15.07952594,60.0,1054.8288,1082.5216,1082.044
apple-m4 · chrome|s5|010_r3f-ref-central_i2,apple-m4 · chrome,r3f-ref-central,51200,61.0,6750.43,9.036461381009014,9.150805270764014,8.116553710430319,8.451894633330763,110.66278688487459,109.2800000011921,3.367189175766123,115.5949999988079,118.87899999022483,123.20500001311302,1.0,1.0,16.469999998807907,17.17899997830391,91.85500001907349,93.88100000619889,0.1550000011920929,17.7773745,20.40040475,60.0,989.4119,1060.7749,1036.4054
apple-m4 · chrome|s5|011_r3f-state_i2,apple-m4 · chrome,r3f-state,100,2307.0,3000.58,768.8513554012618,555.5555610745042,275.7132584518008,370.56131998082463,1.3006415257967547,1.7999999821186066,0.9414422029315201,2.405000001192093,2.629700023531914,6.175000011920929,0.0,0.0,0.019999980926513672,0.034999996423721313,1.4549999833106995,2.259399991035462,0.2900000214576721,0.200583,2.1696395799999695,2227.0,12.1709,28.1862,18.1351
apple-m4 · chrome|s5|011_r3f-state_i2,apple-m4 · chrome,r3f-state,141,2159.0,3000.15,719.6306851309804,568.1818212605705,360.32944460855214,400.7565684231748,1.3896016674413898,1.7599999904632568,0.9013796980326024,2.375,2.5100000029802323,4.889999985694885,0.0,0.0,0.030000001192092896,0.03999999165534973,1.3700000047683716,2.0871000063419345,0.36500000953674316,0.210166,1.439041,2101.0,19.0171,49.0097,23.938
apple-m4 · chrome|s5|011_r3f-state_i2,apple-m4 · chrome,r3f-state,200,2087.0,3000.125,695.6376817632598,579.7101469306328,285.4084908297752,358.7320204709674,1.4375299472927647,1.7249999940395355,0.8065722335320022,2.3584999948739997,3.2733999860286636,3.7049999833106995,0.0,0.0,0.034999996423721313,0.04500001668930054,1.2150000035762787,2.7385000109672513,0.47999998927116394,0.242208,2.53840596,2045.0,49.2757,51.344,51.3356
apple-m4 · chrome|s5|011_r3f-state_i2,apple-m4 · chrome,r3f-state,283,2011.0,3000.655,670.1870091693984,645.1612977654083,318.52205739246,396.1023528816424,1.4921208354058637,1.5499999821186066,0.6191424734590741,2.2325000166893005,2.760000017285347,3.6200000047683716,0.0,0.0,0.04999998211860657,0.06000000238418579,0.675000011920929,2.043999987840653,0.6599999964237213,0.196666,2.5418832,1981.0,38.3329,63.9079,29.1462
apple-m4 · chrome|s5|011_r3f-state_i2,apple-m4 · chrome,r3f-state,400,1991.0,3000.075,663.6500754174183,714.285711244661,321.952046330602,381.341242699721,1.5068181818121944,1.4000000059604645,0.30757183929950765,1.9549999982118607,2.89050001502037,3.5750000178813934,0.0,0.0,0.07500001788139343,0.09999999403953552,0.3449999988079071,1.8255000144243236,0.9500000178813934,0.220583,2.5770397700000003,1970.0,42.1589,63.4677,38.0486
apple-m4 · chrome|s5|011_r3f-state_i2,apple-m4 · chrome,r3f-state,566,1545.0,3000.155,514.973393041155,519.4805243059925,417.30421520159763,436.53268336784595,1.941847896440901,1.9249999821186066,0.09377620273162872,2.1080000102519985,2.347799996137619,2.4600000083446503,0.0,0.0,0.10499998927116394,0.13499999046325684,0.48500001430511475,0.5949999988079071,1.3349999785423279,0.411374,2.8798615,1543.0,50.7757,78.106,50.2574
apple-m4 · chrome|s5|011_r3f-state_i2,apple-m4 · chrome,r3f-state,800,990.0,3001.78,329.80431610564625,334.16875608666373,264.3559992829515,279.41721560168696,3.032101010102214,2.992499992251396,0.1644238955769169,3.4500000178813934,3.615000009536743,4.074999988079071,0.0,0.0,0.16499999165534973,0.20500001311302185,0.8199999928474426,1.0060999941825868,2.0,0.459374,2.76246488,989.0,72.5213,72.5213,50.0063
apple-m4 · chrome|s5|011_r3f-state_i2,apple-m4 · chrome,r3f-state,1131,650.0,3000.415,216.63669859063089,219.05805049776015,184.10555349395648,188.3239169868588,4.616023076910239,4.564999997615814,0.21452996203430102,5.184999988973141,5.390000015497208,5.469999998807907,0.0,0.0,0.23499998450279236,0.3501999792456625,1.344999998807907,1.4875499966740608,2.9800000190734863,0.360708,2.83097932,649.0,76.0278,100.3147,81.9908
apple-m4 · chrome|s5|011_r3f-state_i2,apple-m4 · chrome,r3f-state,1600,461.0,3004.225,153.4505571323435,156.00624033664926,132.53810467369163,134.60131679896335,6.516757049878611,6.409999996423721,0.3206063440356278,7.330000013113022,7.463000005483627,7.629999995231628,0.0,0.0,0.32499998807907104,1.0969999969005584,1.5399999916553497,1.6749999940395355,4.560000002384186,0.6228739999999999,3.00016794,460.0,106.6013,110.349,110.349
apple-m4 · chrome|s5|011_r3f-state_i2,apple-m4 · chrome,r3f-state,2263,282.0,3008.725,93.7274094501044,94.89916968594478,83.54218881366667,85.2359208523592,10.669237588737028,10.537499994039536,0.4335002413722371,11.60475001782179,11.782850004136563,12.125,0.0,0.0,0.6100000143051147,0.7599999961256981,3.219999998807907,3.439999997615814,6.692499995231628,0.843375,3.3217909999999997,281.0,143.2395,150.9228,144.0534
apple-m4 · chrome|s5|011_r3f-state_i2,apple-m4 · chrome,r3f-state,3200,205.0,3010.305,68.09941185345436,69.42034015392187,62.04436169109503,62.73722512830957,14.684414634181232,14.405000001192093,0.6157986587637231,15.798999983072282,16.033399996757506,16.13000002503395,0.0,0.0,0.8100000023841858,0.9496000170707704,4.580000013113022,4.803600006103516,9.020000010728836,0.975854,1.2460505,204.0,187.9722,209.2252,209.2252
apple-m4 · chrome|s5|011_r3f-state_i2,apple-m4 · chrome,r3f-state,4525,137.0,3021.68,45.3390167058311,46.403712335487846,42.04330461006342,42.38635158372094,22.056058394212794,21.549999982118607,1.054475306048644,23.475,23.624400008916854,23.78499999642372,1.0,0.0,1.2549999952316284,1.3874000072479242,6.985000014305115,7.141400003433227,13.475000023841858,1.4916455,1.71858025,136.0,274.8466,288.3788,274.2222
apple-m4 · chrome|s5|011_r3f-state_i2,apple-m4 · chrome,r3f-state,6400,88.0,3029.52,29.047505875415364,28.29854970648769,27.480076932512656,27.560547073011126,34.426363636485554,35.3374999910593,1.6899829482100817,36.1517500013113,36.30299999475479,36.39000001549721,1.0,0.6477272727272727,1.5899999886751175,4.048700011670587,11.28999999165535,11.554749989211558,22.367500007152557,2.222583,2.5611965,87.0,371.2016,517.3957,517.3957
apple-m4 · chrome|s5|011_r3f-state_i2,apple-m4 · chrome,r3f-state,9051,62.0,3008.96,20.605126023756426,20.785699439043633,14.959982048288333,16.41991188130613,48.531612902879715,48.10999999940395,3.545364181377785,50.512250006198876,65.65854998499155,66.8449999988079,1.0,1.0,1.9849999994039536,6.17375,14.63000001013279,15.742799987494946,31.57999999821186,3.174666,3.9538577999999998,61.0,831.9673,1065.6167,505.0593
apple-m4 · chrome|s5|011_r3f-state_i2,apple-m4 · chrome,r3f-state,12800,61.0,4097.94,14.885527850587243,15.3881665036312,9.83961428758161,11.6943107179988,67.179344262256,64.98499998450279,5.617275397782019,71.52000001072884,90.52699999809262,101.62999999523163,1.0,1.0,2.115000009536743,7.037999993562698,20.25,21.58600000143051,42.33000001311302,4.665812,5.72311025,60.0,951.1359,1467.5956,733.0092
apple-m4 · chrome|s5|012_threejs_i2,apple-m4 · chrome,threejs,100,2316.0,3000.115,771.9704078062489,486.6180031724753,250.1359434799549,337.1494743993855,1.2953864421328731,2.0550000071525574,1.1723311272283885,2.626249998807907,3.4219999849796277,5.719999998807907,0.0,0.0,0.004999995231628418,0.019999980926513672,1.989999994635582,3.3477499961853012,0.06499999761581421,0.2015615,2.413718200000003,2236.0,8.7794,11.7821,10.9942
apple-m4 · chrome|s5|012_threejs_i2,apple-m4 · chrome,threejs,141,2153.0,3000.05,717.6547057520525,694.4444455942254,256.5668906723184,338.4629985723275,1.3934277752029358,1.4399999976158142,1.2484105972610215,2.679999977350235,2.9448000073432925,5.195000022649765,0.0,0.0,0.004999995231628418,0.015000015497207642,1.3700000047683716,2.8623999977111816,0.054999977350234985,0.1781455,2.27034150000002,2094.0,15.2929,20.19,17.957
apple-m4 · chrome|s5|012_threejs_i2,apple-m4 · chrome,threejs,200,2139.0,3001.97,712.5321039187098,671.1409487255437,240.9362092801934,329.03926747679975,1.4034455352963104,1.4899999797344208,1.202767866526907,2.725500020384788,2.9692000025510614,5.159999996423721,0.0,0.0,0.009999990463256836,0.02000001072883606,1.429999977350235,2.8916000056266586,0.04499998688697815,0.18385400000000002,2.5665777800000003,2098.0,19.2379,24.2035,20.8455
apple-m4 · chrome|s5|012_threejs_i2,apple-m4 · chrome,threejs,283,1988.0,3001.65,662.302400345161,441.5011065411585,245.73202259584642,295.1347483136077,1.5098843058380083,2.2649999856948853,1.2677731076325742,2.838250005245208,4.0156499850749965,4.270000010728836,0.0,0.0,0.014999985694885254,0.025000005960464478,2.2100000083446503,3.9606500077247615,0.0350000262260437,0.1967075,2.6422090600000003,1958.0,19.6628,24.7118,20.3111
apple-m4 · chrome|s5|012_threejs_i2,apple-m4 · chrome,threejs,400,1807.0,3000.45,602.2429968861935,458.7156010962388,241.0768097771607,248.22792848654476,1.660459324841217,2.179999977350235,1.278200609740849,3.7934999972581855,4.134999990463257,4.16499999165535,0.0,0.0,0.02000001072883606,0.034999996423721313,2.125,4.08500000834465,0.034999996423721313,0.2234785,2.6298143,1786.0,17.4577,28.7176,21.8066
apple-m4 · chrome|s5|012_threejs_i2,apple-m4 · chrome,threejs,566,1743.0,3001.83,580.6458060557679,1282.051280091892,234.2081696089504,278.85509150081936,1.7222203098181945,0.7800000011920929,1.2238291126509353,3.2249999940395355,4.151899991631504,4.479999989271164,0.0,0.0,0.030000001192092896,0.04999998211860657,0.6899999976158142,4.081899998784062,0.034999996423721313,0.2577705,2.65935984,1728.0,15.662,29.673,21.4236
apple-m4 · chrome|s5|012_threejs_i2,apple-m4 · chrome,threejs,800,1762.0,3000.5,587.2354607565405,952.3809415683186,215.0673667255384,250.82658763703736,1.702894438138479,1.050000011920929,1.1377732713338404,3.5499999821186066,4.381950004994868,5.340000003576279,0.0,0.0,0.04499998688697815,0.08500000834465027,0.9449999928474426,4.273899988830088,0.04999998211860657,0.454624,2.9802075,1751.0,22.7247,45.4844,45.4844
apple-m4 · chrome|s5|012_threejs_i2,apple-m4 · chrome,threejs,1131,1684.0,3000.17,561.3015262492993,732.6007274823261,226.19636677041652,240.99842206711145,1.7815736341964887,1.3650000095367432,1.0172313905268466,3.9542500138282772,4.2358499836921695,4.949999988079071,0.0,0.0,0.07500001788139343,0.13999998569488525,1.219999998807907,4.094999998807907,0.06000000238418579,0.5248744999999999,3.1456247499999996,1676.0,29.9184,48.9318,43.3976
apple-m4 · chrome|s5|012_threejs_i2,apple-m4 · chrome,threejs,1600,1218.0,3005.26,405.2893925995971,465.11627778032135,190.2044697942586,201.29499784426085,2.4673727421924987,2.1500000059604645,0.9951129731965059,4.689999997615814,5.13414999127388,5.375,0.0,0.0,0.1550000011920929,0.24500000476837158,1.9125000089406967,4.905000001192093,0.08000001311302185,0.6333325000000001,3.2261732600000004,1212.0,34.4233,51.7068,49.0293
apple-m4 · chrome|s5|012_threejs_i2,apple-m4 · chrome,threejs,2263,827.0,3002.59,275.42887973350173,307.2196596955693,165.82029234430794,168.8041666289452,3.6307013301131517,3.255000025033951,0.9843681636359896,5.844999998807907,5.9660999947786335,6.134999990463257,0.0,0.0,0.2850000262260437,0.3400000035762787,2.8799999952316284,5.578700006604195,0.08500000834465027,1.027187,3.39054861,822.0,36.9833,64.561,64.561
apple-m4 · chrome|s5|012_threejs_i2,apple-m4 · chrome,threejs,3200,603.0,3005.05,200.66221859988624,200.6018060398732,190.41574091212678,193.485972363705,4.98349917078295,4.984999984502792,0.0940454467218474,5.129999995231628,5.174799982905388,5.405000001192093,0.0,0.0,0.5150000154972076,0.5850000083446503,4.385000020265579,4.564899997711182,0.07499998807907104,1.253041,3.61136317,602.0,43.4862,77.7027,67.152
apple-m4 · chrome|s5|012_threejs_i2,apple-m4 · chrome,threejs,4525,380.0,3001.035,126.62298173811796,126.50221376966446,122.05044745319569,124.00874587707804,7.897460526306379,7.905000001192093,0.07837691275750536,8.009999990463257,8.10209999203682,8.300000011920929,0.0,0.0,0.8449999988079071,0.9260500109195708,6.969999998807907,7.081050012111664,0.07999998331069946,1.833583,4.1979095200000005,379.0,104.9445,127.441,124.5215
apple-m4 · chrome|s5|012_threejs_i2,apple-m4 · chrome,threejs,6400,262.0,3005.435,87.17540056676994,87.48906381226854,63.03183109600562,80.10598639845843,11.471125954093823,11.430000007152557,0.4283363200158034,11.735000012814998,12.252899998426422,16.12999999523163,0.0,0.0,1.4399999976158142,1.5688999938964843,9.889999985694885,10.187800011336803,0.07999998331069946,2.375458,4.9467244,261.0,181.4562,181.4562,69.1562
apple-m4 · chrome|s5|012_threejs_i2,apple-m4 · chrome,threejs,9051,182.0,3001.225,60.64190455576021,60.450355076137285,58.92751915558321,59.40594060574544,16.490247252714504,16.542500019073486,0.17295073029862554,16.714000003039835,16.90379997819662,16.969999998807907,0.1043956043956044,0.0,2.0350000113248825,2.165949990749359,14.389999985694885,14.65615001142025,0.08000001311302185,3.417375,3.7466416,181.0,152.9394,187.7671,158.3034
apple-m4 · chrome|s5|012_threejs_i2,apple-m4 · chrome,threejs,12800,129.0,3003.865,42.94467294621777,42.79905840324572,42.11412928191974,42.298202328178476,23.28577519387238,23.365000009536743,0.20419664338914265,23.51599999666214,23.672200006246566,23.74500000476837,1.0,0.0,2.875,2.9435999941825868,20.390000015497208,20.700400000810625,0.08000001311302185,5.059791000000001,5.17073616,128.0,156.1893,159.0626,151.6728
apple-m4 · chrome|s5|012_threejs_i2,apple-m4 · chrome,threejs,18102,90.0,3001.71,29.982909741364022,29.964791367999354,29.265437503997084,29.362108201681135,33.35233333342605,33.372500002384186,0.3088745426884264,33.80449999719858,34.138849993348124,34.1700000166893,1.0,0.5444444444444444,4.185000002384186,4.326099990308284,29.11250001192093,29.747750005424024,0.08999998867511749,7.183,7.246004920000001,89.0,282.8651,316.4065,293.7473
apple-m4 · chrome|s5|012_threejs_i2,apple-m4 · chrome,threejs,25600,66.0,3000.505,21.996297289991148,22.070183188617346,21.59827214657035,21.67630058643647,45.46219696962472,45.309999987483025,0.4013104771883197,45.99875000119209,46.15374998599291,46.29999998211861,1.0,1.0,5.11999998986721,5.280249981582164,40.06250001490116,40.91574998646974,0.09000000357627869,7.81675,10.22190964,65.0,246.9848,266.6922,255.2025
apple-m4 · chrome|s5|012_threejs_i2,apple-m4 · chrome,threejs,36204,61.0,3982.805,15.315838962713578,15.27883881103343,15.007128381419252,15.032319485190767,65.2918852460189,65.44999998807907,0.6094527352856819,66.0300000011921,66.61700000166893,66.63500002026558,1.0,1.0,7.135000020265579,7.279000014066696,58.1700000166893,59.25699999332428,0.12999999523162842,13.8208745,14.779246689999999,60.0,560.6138,589.3424,575.8725
apple-m4 · chrome|s5|013_r3f-state_i3,apple-m4 · chrome,r3f-state,100,2301.0,3001.7,766.5656128224467,586.5102594188141,292.9563111110979,374.9592436114918,1.3045197740061187,1.7050000131130219,0.9395053841246626,2.405000001192093,2.634999990463257,5.729999989271164,0.0,0.0,0.019999980926513672,0.034999996423721313,1.350000023841858,2.2549999952316284,0.2900000214576721,0.1995,1.9590492000000062,2221.0,11.3349,28.0311,14.2154
apple-m4 · chrome|s5|013_r3f-state_i3,apple-m4 · chrome,r3f-state,141,2167.0,3000.895,722.1179014973111,561.7977524327443,315.3863482371136,387.2286259020666,1.3848154130045807,1.780000001192093,0.903580615957716,2.384999990463257,2.603400020599367,3.6649999916553497,0.0,0.0,0.025000005960464478,0.034999996423721313,1.3899999856948853,2.094999998807907,0.36500000953674316,0.235958,2.0190449999999998,2109.0,35.3742,48.8733,43.8663
apple-m4 · chrome|s5|013_r3f-state_i3,apple-m4 · chrome,r3f-state,200,2110.0,3000.94,703.1130245861884,581.3953492401612,299.5293110214691,379.12296231851667,1.4222464454965005,1.719999998807907,0.7834816711289321,2.3250000044703483,2.814999997615814,3.564999997615814,0.0,0.0,0.034999996423721313,0.04999998211860657,1.2000000029802322,2.2945500171184534,0.47999998927116394,0.242583,2.5290049999999997,2069.0,40.1993,52.0456,51.5658
apple-m4 · chrome|s5|013_r3f-state_i3,apple-m4 · chrome,r3f-state,283,2005.0,3000.675,668.1829921574428,625.0000023283064,293.6857561380027,377.22325963029033,1.4965960099810078,1.5999999940395355,0.6319189253490297,2.244999998807907,3.186000026464466,3.7150000035762787,0.0,0.0,0.04500001668930054,0.06000000238418579,0.7900000214576721,2.3139999973773966,0.6550000011920929,0.19675,2.54705408,1975.0,60.9638,64.4584,47.18
apple-m4 · chrome|s5|013_r3f-state_i3,apple-m4 · chrome,r3f-state,400,1931.0,3001.06,643.4393181134806,699.3006958029453,320.1887428185864,347.2661831931602,1.554148109773476,1.4300000071525574,0.34415415832649365,2.124999985098839,3.084999978542328,3.189999997615814,0.0,0.0,0.07500001788139343,0.09999999403953552,0.36500000953674316,2.0134999960660935,0.9650000035762787,0.222874,2.5925510000000003,1909.0,55.3843,63.8375,59.6668
apple-m4 · chrome|s5|013_r3f-state_i3,apple-m4 · chrome,r3f-state,566,1562.0,3001.46,520.4133988111311,526.315787822586,420.4625093216318,439.07793645450363,1.9215492957799902,1.9000000059604645,0.0936465018049962,2.080000011622906,2.3469499969482417,2.4200000166893005,0.0,0.0,0.09999999403953552,0.13000000685453414,0.4650000035762787,0.5699999928474426,1.3349999785423279,0.41177050000000004,2.88023106,1560.0,45.9304,77.8384,63.8706
apple-m4 · chrome|s5|013_r3f-state_i3,apple-m4 · chrome,r3f-state,800,1009.0,3000.5,336.27728711881355,341.29692749448947,265.56898174473486,283.1657935912536,2.9737363726461843,2.9300000071525574,0.1624727199523453,3.405000001192093,3.5491999852657314,4.444999992847443,0.0,0.0,0.14499998092651367,0.18959999799728372,0.7350000143051147,0.9125999915599811,2.044999986886978,0.46056149999999996,2.76272282,1008.0,56.4235,60.8567,60.8567
apple-m4 · chrome|s5|013_r3f-state_i3,apple-m4 · chrome,r3f-state,1131,620.0,3003.325,206.43786469872845,208.11654560095997,179.31858947542617,182.3046840043774,4.844072580674002,4.804999992251396,0.19913764709838952,5.385249990224838,5.5380999934673305,5.634999990463257,0.0,0.0,0.25,0.3281000149250025,1.447500005364418,1.5850000083446503,3.094999998807907,0.360624,2.83205,619.0,85.2312,101.5509,75.6482
apple-m4 · chrome|s5|013_r3f-state_i3,apple-m4 · chrome,r3f-state,1600,423.0,3004.785,140.77546313646516,142.551675272875,124.08872361163831,125.76733046562534,7.103510638289418,7.014999985694885,0.29967285454479453,7.859500014781951,8.005000018477439,8.134999990463257,0.0,0.0,0.35499998927116394,1.0966999906301493,2.064999997615814,2.2717000091075894,4.58500000834465,0.6204165,2.92174107,422.0,104.5947,108.0977,104.6339
apple-m4 · chrome|s5|013_r3f-state_i3,apple-m4 · chrome,r3f-state,2263,265.0,3003.365,88.23436378833692,89.44543846385672,79.25500292713485,80.30391943893872,11.333452830224667,11.179999977350235,0.462301209121704,12.288999992609025,12.52079999089241,12.665000021457672,0.0,0.0,0.5999999940395355,0.716800001859665,3.4149999916553497,3.601800003051758,7.194999992847443,0.776041,3.32721213,264.0,128.0243,148.6422,144.3303
apple-m4 · chrome|s5|013_r3f-state_i3,apple-m4 · chrome,r3f-state,3200,202.0,3009.335,67.1244643748336,68.23609688970701,61.50061498586008,62.10022975889734,14.89769801984329,14.655000001192093,0.5938595615444336,15.99475000500679,16.1793500071764,16.275000005960464,0.0,0.0,0.7950000166893005,1.8270999789238047,4.7249999940395355,4.909999996423721,9.134999990463257,0.976583,1.227625,201.0,189.1088,205.4288,187.4986
apple-m4 · chrome|s5|013_r3f-state_i3,apple-m4 · chrome,r3f-state,4525,137.0,3018.135,45.39227039184135,46.554934846344516,42.016806754257104,42.19706027217529,22.03018248189975,21.479999989271164,1.1313354952672647,23.61199999451637,23.694599993228913,23.799999982118607,1.0,0.0,1.2049999833106995,1.3673999965190882,6.969999998807907,7.101400011777877,13.344999998807907,1.4831245000000002,1.8241620500000002,136.0,270.71,285.2571,271.1054
apple-m4 · chrome|s5|013_r3f-state_i3,apple-m4 · chrome,r3f-state,6400,86.0,3009.255,28.57850198779584,27.80867630055468,26.867275659108767,27.01698692922738,34.99133720959342,35.96000000834465,1.7257118623179668,36.708750016987324,37.08824999779463,37.21999999880791,1.0,0.6627906976744186,1.5250000059604645,4.40500000268221,11.905000001192093,12.141749981045724,22.37999999523163,2.227499,2.5740844399999996,85.0,378.4143,504.7198,504.7198
apple-m4 · chrome|s5|013_r3f-state_i3,apple-m4 · chrome,r3f-state,9051,63.0,3008.295,20.942095106912884,21.097046410849195,12.783636945684837,16.670371195586284,47.75071428597919,47.400000005960464,4.192803151455745,49.049500012397765,62.27549999773509,78.22499999403954,1.0,1.0,1.6700000166893005,5.5619000017642986,14.644999980926514,15.652900016307834,30.929999977350235,2.7156455,3.85855162,62.0,837.9268,1047.2459,551.1482
apple-m4 · chrome|s5|013_r3f-state_i3,apple-m4 · chrome,r3f-state,12800,61.0,4141.5,14.72896293613425,15.19295047263246,10.091835704550498,11.742372351339506,67.89344262295081,65.81999999284744,5.273636517991644,72.11500000953674,89.96399999856946,99.09000000357628,1.0,1.0,2.0199999809265137,7.10500001311302,20.2950000166893,21.155999994277952,43.26500001549721,4.6401455,5.72546294,60.0,986.1891,1464.3369,790.3506
apple-m4 · chrome|s5|014_r3f-ref_i3,apple-m4 · chrome,r3f-ref,100,2311.0,3001.34,769.9894047316353,485.43689264205256,256.99759753187794,337.7634187886904,1.298719169192374,2.060000002384186,1.1684893039961868,2.6200000047683716,3.459000000357638,4.915000021457672,0.0,0.0,0.005000025033950806,0.02000001072883606,1.9850000143051147,3.28099999725819,0.06999999284744263,0.174374,2.352133099999999,2231.0,13.6182,16.7388,16.7388
apple-m4 · chrome|s5|014_r3f-ref_i3,apple-m4 · chrome,r3f-ref,141,2156.0,3000.015,718.6630733475876,524.2463961336568,270.21810449695033,341.3459236860911,1.3914726345155368,1.907499998807907,1.240681891318721,2.679999977350235,2.9595000088214856,5.21000000834465,0.0,0.0,0.009999990463256836,0.02000001072883606,1.6924999952316284,2.857249987125396,0.05500000715255737,0.210812,2.173154760000003,2098.0,16.0191,21.8764,21.0204
apple-m4 · chrome|s5|014_r3f-ref_i3,apple-m4 · chrome,r3f-ref,200,2126.0,3001.685,708.2688556588421,461.89376621447667,279.92535342150865,340.46380166033606,1.4118932267179605,2.1649999916553497,1.1915372582527477,2.740000009536743,2.9099999964237213,4.019999980926514,0.0,0.0,0.014999985694885254,0.025000005960464478,2.0999999940395355,2.8187500163912773,0.04499998688697815,0.220958,2.767955,2085.0,15.1291,26.8303,26.8303
apple-m4 · chrome|s5|014_r3f-ref_i3,apple-m4 · chrome,r3f-ref,283,2005.0,3001.525,667.9937698323414,444.44444444444446,247.90827399359088,315.63663898942866,1.497019950127661,2.25,1.24687306885623,2.8199999928474426,3.925000010728836,4.219999998807907,0.0,0.0,0.02000001072883606,0.034999996423721313,2.189999997615814,3.868800004720689,0.03999999165534973,0.196333,2.5516319199999997,1975.0,25.4432,27.56,25.241
apple-m4 · chrome|s5|014_r3f-ref_i3,apple-m4 · chrome,r3f-ref,400,1807.0,3001.74,601.9841825055664,453.51474266160716,240.96385555627575,246.09663397942333,1.6611732152792125,2.2049999833106995,1.2774507011887353,3.9219999939203243,4.139699987769127,4.185000002384186,0.0,0.0,0.030000001192092896,0.04000002145767212,2.1399999856948853,4.074999988079071,0.034999996423721313,0.22299950000000002,2.5737864999999998,1786.0,18.9338,38.1683,38.1683
apple-m4 · chrome|s5|014_r3f-ref_i3,apple-m4 · chrome,r3f-ref,566,1702.0,3000.36,567.2652615048831,1204.819279704078,228.67904222736317,261.86075157899114,1.7628437132693906,0.8299999982118607,1.2521113120282794,3.2797500014305108,4.234949984848499,4.66499999165535,0.0,0.0,0.04499998688697815,0.06499999761581421,0.7224999964237213,4.154950001239777,0.0350000262260437,0.2837495,2.81071245,1686.0,28.2811,47.195,27.178
apple-m4 · chrome|s5|014_r3f-ref_i3,apple-m4 · chrome,r3f-ref,800,1811.0,3000.735,603.5188045626664,990.0990192498218,214.59227461406664,251.7447308882549,1.6569491993288255,1.0099999904632568,1.089125648352276,3.4825000017881393,4.333500006794931,5.465000003576279,0.0,0.0,0.09000000357627869,0.20499998331069946,0.8449999988079071,4.133499991893769,0.054999977350234985,0.455416,2.92366767,1800.0,42.59,48.1092,48.1092
apple-m4 · chrome|s5|014_r3f-ref_i3,apple-m4 · chrome,r3f-ref,1131,1626.0,3000.75,541.8645338665334,666.6666666666666,247.96590432161378,276.766951786416,1.845479704797048,1.5,0.727280424704558,3.3987499848008156,3.6737499833106995,4.924999982118607,0.0,0.0,0.22499999403953552,0.29499998688697815,1.1899999976158142,3.3600000143051147,0.07499998807907104,0.526291,3.0092495599999998,1617.0,33.9122,56.0865,48.3601
apple-m4 · chrome|s5|014_r3f-ref_i3,apple-m4 · chrome,r3f-ref,1600,1192.0,3000.655,397.2466011585892,470.5882352941176,196.6041107503922,205.47468132902318,2.517328020135228,2.125,1.0316612160662118,4.724500007927419,4.9749999940395355,5.254999995231628,0.0,0.0,0.3149999976158142,0.4000000059604645,1.7450000047683716,4.54589998871088,0.08499997854232788,0.6286455,3.0996678000000006,1186.0,49.2682,64.8249,64.8249
apple-m4 · chrome|s5|014_r3f-ref_i3,apple-m4 · chrome,r3f-ref,2263,866.0,3001.425,288.5296151012134,287.356320264113,256.0,262.283082752606,3.4658487297714995,3.4800000190734863,0.2203406478596837,3.748750001192093,3.844999998807907,4.159999996423721,0.0,0.0,0.5250000059604645,0.6050000190734863,2.854999989271164,3.161750005185604,0.07999998331069946,0.9237489999999999,3.33016446,864.0,59.9669,77.106,77.106
apple-m4 · chrome|s5|014_r3f-ref_i3,apple-m4 · chrome,r3f-ref,3200,505.0,3005.03,168.05156687280981,167.6445933613506,150.2629602879804,159.52016331952584,5.9505544554479055,5.965000003576279,0.17228215341730277,6.149000006914139,6.229000017642974,8.054999977350235,0.0,0.0,0.7599999904632568,0.8598000144958495,5.129999995231628,5.314799997806549,0.07500001788139343,1.232416,3.54914176,504.0,104.2699,124.8253,124.8253
apple-m4 · chrome|s5|014_r3f-ref_i3,apple-m4 · chrome,r3f-ref,4525,367.0,3006.575,122.06580577615897,122.39902055780244,93.69144290402944,113.50379921841821,8.192302452283593,8.1700000166893,0.274452656397348,8.37350000143051,8.60210000395774,11.814999997615814,0.0,0.0,0.9950000047683716,1.086800006628036,7.090000003576279,7.338500015139579,0.08000001311302185,1.741437,4.12536655,366.0,171.2609,191.8073,88.9144
apple-m4 · chrome|s5|014_r3f-ref_i3,apple-m4 · chrome,r3f-ref,6400,239.0,3011.28,79.36824207642776,79.33359765861418,74.83629562005834,76.90156600001201,12.59949790795478,12.605000019073486,0.18920987465588843,12.870500004291534,13.020799987316131,13.639999985694885,0.0,0.0,2.0049999952316284,2.133099992275238,10.504999995231628,10.76430001616478,0.08000001311302185,2.387312,3.8397285,238.0,170.3681,192.9879,178.1037
apple-m4 · chrome|s5|014_r3f-ref_i3,apple-m4 · chrome,r3f-ref,9051,196.0,3005.725,65.20889302926538,65.31678640393682,58.173356509889175,62.344139631824326,15.335331632622651,15.310000002384186,0.2537993721375766,15.666249997913837,15.90774998664857,17.190000027418137,0.01020408163265306,0.0,1.7849999964237213,1.9357500031590464,13.412499994039536,14.01374997496606,0.08000001311302185,3.385999,3.8143165000000003,195.0,240.243,246.4812,222.9017
apple-m4 · chrome|s5|014_r3f-ref_i3,apple-m4 · chrome,r3f-ref,12800,125.0,3005.85,41.58557479589729,41.48516901923805,39.13128545177504,40.57343792394826,24.046799999952317,24.105000019073486,0.27444107483395475,24.383999985456466,24.51639998435974,25.555000007152557,1.0,0.0,3.5150000154972076,3.623999993801117,20.49500000476837,20.81899998664856,0.08499997854232788,5.0417915,5.11058009,124.0,421.6638,437.4143,437.4143
apple-m4 · chrome|s5|014_r3f-ref_i3,apple-m4 · chrome,r3f-ref,18102,91.0,3002.815,30.304897238115654,30.225177565294892,29.23121893469967,29.68570262242345,32.997967032940835,33.08500000834465,0.3082936715664109,33.35750000178814,33.620500007271765,34.21000000834465,1.0,0.10989010989010989,3.4249999821186066,3.520500010251999,29.569999992847443,30.03450000286102,0.08500000834465027,7.123437,7.26139649,90.0,684.1592,709.0274,699.8829
apple-m4 · chrome|s5|014_r3f-ref_i3,apple-m4 · chrome,r3f-ref,25600,61.0,3151.925,19.35325237762512,19.4363459714616,18.867924528301888,18.951358175674592,51.670901639051124,51.44999998807907,0.49558594117874016,52.28499999642372,52.85600001215935,53.0,1.0,1.0,7.024999976158142,7.222999995946884,44.264999985694885,45.59900000095367,0.11500000953674316,8.95,10.29048275,60.0,613.0216,649.0344,620.4582
apple-m4 · chrome|s5|014_r3f-ref_i3,apple-m4 · chrome,r3f-ref,36204,61.0,4690.29,13.005592404757174,13.072749852116665,11.748810431627264,12.102142078391426,76.8899999998632,76.49500000476837,1.7807538203640914,80.2950000166893,83.26400000452995,85.11500000953674,1.0,1.0,11.75,12.024000000953674,64.19999998807907,66.59000000357628,0.12999999523162842,14.545187,15.21224975,60.0,1153.7385,1189.7998,1189.7998
apple-m4 · chrome|s5|014_r3f-ref_i3,apple-m4 · chrome,r3f-ref,51200,61.0,7017.435,8.69263484453199,8.925383789793663,5.731315909506441,6.826948239854049,115.03991803233741,112.04000002145767,8.949733913715175,118.80500000715256,150.0240000069141,174.4800000190735,1.0,1.0,19.689999997615814,21.982000005245204,91.4699999988079,125.99300000667566,0.16499999165534973,17.740229,20.47666947,60.0,1174.9803,1230.8612,635.7897
apple-m4 · chrome|s5|015_r3f-ref-central_i3,apple-m4 · chrome,r3f-ref-central,100,2314.0,3000.095,771.3089085515356,692.0415259168627,267.22435201602906,346.75109279540266,1.2964974070867796,1.4449999928474426,1.1718361359275928,2.634999990463257,2.798699983358382,4.890000015497208,0.0,0.0,0.004999995231628418,0.02000001072883606,1.3699999898672104,2.679350003898143,0.06999999284744263,0.174416,1.4798528799999806,2233.0,13.1505,16.5796,16.4563
apple-m4 · chrome|s5|015_r3f-ref-central_i3,apple-m4 · chrome,r3f-ref-central,141,2140.0,3000.515,713.2108987920232,528.4015857040189,236.02135432882045,327.8085843592759,1.4021098130913539,1.8924999982118607,1.261549754733445,2.7000000178813934,2.9096499916911207,5.229999989271164,0.0,0.0,0.004999995231628418,0.019999999105930328,1.822500005364418,2.7974499911069928,0.05500000715255737,0.1956245,2.0033407300000046,2082.0,14.9977,22.8054,19.029
apple-m4 · chrome|s5|015_r3f-ref-central_i3,apple-m4 · chrome,r3f-ref-central,200,2112.0,3001.265,703.7032717834295,461.89376303537574,250.01488200142728,324.96672973221234,1.4210535037952166,2.165000006556511,1.2141641530124916,2.740000009536743,3.512249985039231,5.180000007152557,0.0,0.0,0.009999990463256836,0.02000001072883606,2.1075000017881393,3.4483500161766987,0.04499998688697815,0.225875,2.591232800000011,2071.0,14.7267,26.3216,26.3216
apple-m4 · chrome|s5|015_r3f-ref-central_i3,apple-m4 · chrome,r3f-ref-central,283,2028.0,3001.15,675.7409659617055,450.45045069233277,276.9699489571732,333.30033346291884,1.4798570019753257,2.219999998807907,1.2437729374817654,2.810000002384186,2.9359500014781954,4.0799999833106995,0.0,0.0,0.014999985694885254,0.025000005960464478,2.1749999821186066,2.8459499979019167,0.03999999165534973,0.1962285,2.4635779899999997,1998.0,23.9474,25.539,25.539
apple-m4 · chrome|s5|015_r3f-ref-central_i3,apple-m4 · chrome,r3f-ref-central,400,1820.0,3000.405,606.5847777214333,443.95116584171456,240.8993576055564,247.6527421187094,1.648574175824831,2.252499997615814,1.2733821726053578,3.8319999843835815,4.129049996137619,4.305000007152557,0.0,0.0,0.02000001072883606,0.034999996423721313,2.205000013113022,4.074999988079071,0.034999996423721313,0.22275,2.5733822699999997,1798.0,18.5983,37.8768,37.8768
apple-m4 · chrome|s5|015_r3f-ref-central_i3,apple-m4 · chrome,r3f-ref-central,566,1697.0,3001.705,565.3453620557101,1190.4761854077683,235.01762637958694,272.59451578450415,1.7688302887350094,0.8400000035762787,1.2596500977756249,3.268000012636182,4.1502000057697295,4.344999998807907,0.0,0.0,0.030000001192092896,0.04499998688697815,0.7650000154972076,4.0851999795436855,0.034999996423721313,0.259666,2.60616223,1682.0,28.0542,47.9054,26.156
apple-m4 · chrome|s5|015_r3f-ref-central_i3,apple-m4 · chrome,r3f-ref-central,800,1749.0,3000.51,582.9009068476889,966.1835782177214,211.56119713726326,242.91158867849506,1.7155574614010654,1.0349999964237213,1.2028397893071512,3.6399999856948853,4.525199991464615,4.985000014305115,0.0,0.0,0.04000002145767212,0.06259999990463248,0.9300000071525574,4.4375999999046325,0.04500001668930054,0.4549995,2.92180062,1738.0,32.977,46.8993,32.4152
apple-m4 · chrome|s5|015_r3f-ref-central_i3,apple-m4 · chrome,r3f-ref-central,1131,1731.0,3000.91,576.825029741666,754.7169879222095,211.14078125840393,238.08205521868393,1.7336279607142828,1.324999988079071,1.0262307618618622,3.9149999916553497,4.236999991536141,7.924999982118607,0.0,0.0,0.06999999284744263,0.11500000059604645,1.1850000023841858,4.093999999761582,0.06499999761581421,0.526541,3.09342807,1722.0,43.0071,54.6751,51.2795
apple-m4 · chrome|s5|015_r3f-ref-central_i3,apple-m4 · chrome,r3f-ref-central,1600,1201.0,3001.57,400.1239351415632,470.5882352941176,196.81810717351138,210.48569573764536,2.4992256452896315,2.125,0.8745687172365793,4.490000009536743,4.869999974966049,5.3499999940395355,0.0,0.0,0.23000001907348633,0.3649999797344208,1.774999976158142,4.534999996423721,0.08500000834465027,0.6374575,3.19794493,1194.0,48.5273,64.8369,64.8369
apple-m4 · chrome|s5|015_r3f-ref-central_i3,apple-m4 · chrome,r3f-ref-central,2263,866.0,3003.22,288.3571633114936,286.9440447332088,253.64616294986857,260.89066828928526,3.4679214780586696,3.4850000143051147,0.2584286863011857,3.759999990463257,3.9017500042915345,3.9850000143051147,0.0,0.0,0.4399999976158142,0.5400000020861626,2.9650000035762787,3.2767500042915345,0.07750000059604645,0.94202,3.3369501699999997,864.0,57.6622,76.3704,76.3704
apple-m4 · chrome|s5|015_r3f-ref-central_i3,apple-m4 · chrome,r3f-ref-central,3200,548.0,3001.49,182.57598726089375,182.3154051762912,167.9543165335396,173.83466389430006,5.477171532809734,5.485000014305115,0.14086969259994797,5.675000001490116,5.737650011777878,6.659999996423721,0.0,0.0,0.6349999904632568,0.7249999940395355,4.7750000059604645,5.012650003731251,0.07500001788139343,1.231875,3.5900239999999997,547.0,89.5979,110.9669,110.9669
apple-m4 · chrome|s5|015_r3f-ref-central_i3,apple-m4 · chrome,r3f-ref-central,4525,393.0,3007.08,130.6915679004819,130.63357280787363,125.57555454390663,127.46117468287345,7.651603053392648,7.655000001192093,0.09154484877571553,7.78999999165535,7.875,8.090000003576279,0.0,0.0,0.8650000095367432,0.9549999856948852,6.7049999833106995,6.860800013542175,0.07500001788139343,1.786625,4.12853997,392.0,123.4197,138.2189,136.4477
apple-m4 · chrome|s5|015_r3f-ref-central_i3,apple-m4 · chrome,r3f-ref-central,6400,272.0,3008.675,90.40524483333104,90.456806816192,84.24599828123705,86.5282214895904,11.061305147102651,11.055000007152557,0.20546106573726178,11.379999995231628,11.611449991762639,12.050000011920929,0.0,0.0,1.155000001192093,1.2599999904632568,9.802499994635582,10.27014999806881,0.08000001311302185,2.369208,4.924570500000001,271.0,88.5128,125.7124,88.9409
apple-m4 · chrome|s5|015_r3f-ref-central_i3,apple-m4 · chrome,r3f-ref-central,9051,157.0,3017.515,52.02956737605092,52.124055245020934,47.47211014066852,50.56159485977569,19.219840764240097,19.185000002384186,0.23882888654483425,19.481999987363814,19.63500001311302,21.064999997615814,1.0,0.0,2.5699999928474426,2.6837999868392943,16.555000007152557,16.960999990701676,0.07999998331069946,3.469749,3.68498315,156.0,220.4014,230.8547,230.8547
apple-m4 · chrome|s5|015_r3f-ref-central_i3,apple-m4 · chrome,r3f-ref-central,12800,135.0,3007.2,44.89225857958738,44.77277819389835,41.228612614631416,43.65382515923643,22.275555555467253,22.334999978542328,0.2748993495083688,22.51799999177456,22.791899988651274,24.25500002503395,1.0,0.0,1.9000000059604645,1.956600011587143,20.349999994039536,20.82800000309944,0.08000001311302185,5.050312,5.155939780000001,134.0,408.2908,428.2139,428.2139
apple-m4 · chrome|s5|015_r3f-ref-central_i3,apple-m4 · chrome,r3f-ref-central,18102,93.0,3002.5,30.97418817651957,31.031807579833796,29.77076510549364,30.32600454753027,32.284946236559136,32.22500002384186,0.30833043999799764,32.658000010251996,32.90919999480247,33.59000000357628,1.0,0.010752688172043012,2.625,2.714999976158142,29.490000009536743,30.147599976062775,0.08499997854232788,7.131041,7.23440597,92.0,345.2973,364.4407,343.1437
apple-m4 · chrome|s5|015_r3f-ref-central_i3,apple-m4 · chrome,r3f-ref-central,25600,63.0,3006.14,20.957107785956484,20.88991017130539,20.379050326847754,20.583896530939985,47.71650793675392,47.87000000476837,0.42538373276719554,48.19449999034405,48.64220000565052,49.070000022649765,1.0,1.0,5.019999980926514,5.128300008177757,42.73499998450279,43.48070000350476,0.09000000357627869,8.016812,10.17114413,62.0,683.7313,710.7316,693.0507
apple-m4 · chrome|s5|015_r3f-ref-central_i3,apple-m4 · chrome,r3f-ref-central,36204,61.0,4476.52,13.626656420579781,13.647219377941402,12.97100979331296,12.99545159060067,73.38557377066769,73.27500000596046,1.4315507621056631,76.69999998807907,77.02600001096725,77.0949999988079,1.0,1.0,10.224999994039536,10.454000008106231,62.270000010728836,64.46099999547005,0.125,14.1868955,15.188890559999999,60.0,1188.8817,1219.926,1219.926
apple-m4 · chrome|s5|015_r3f-ref-central_i3,apple-m4 · chrome,r3f-ref-central,51200,61.0,6622.23,9.21139857723136,9.406010440882525,7.510608734232753,7.80650281650741,108.56114754080772,106.31499999761581,5.493514085213584,114.64999997615814,130.547000002861,133.14500001072884,1.0,1.0,15.41499999165535,17.364000010490415,89.875,110.92500001192091,0.15000000596046448,17.9633325,20.66863225,60.0,1085.3375,1143.9855,584.1184
apple-m4 · chrome|s5|016_threejs_i3,apple-m4 · chrome,threejs,100,2322.0,3001.33,773.6570120622896,488.99755458464756,268.832914664261,345.0840401629814,1.29256244615991,2.0450000017881393,1.164363765440329,2.625,3.2557999882102004,4.830000013113022,0.0,0.0,0.004999995231628418,0.019999980926513672,1.9749999940395355,3.188699992597102,0.0650000274181366,0.2001245,2.1299480600000065,2242.0,8.3478,11.4762,11.3169
apple-m4 · chrome|s5|016_threejs_i3,apple-m4 · chrome,threejs,141,2148.0,3000.12,715.9713611444162,470.03524987853365,235.6373428170316,326.9871342336991,1.3967039106167451,2.1275000125169754,1.257843489812935,2.6800000071525574,3.730900004208094,5.219999998807907,0.0,0.0,0.005000025033950806,0.017649997174740837,2.054999992251396,3.6629500094056158,0.05500000715255737,0.215562,2.460207010000001,2090.0,12.1196,19.9847,15.9309
apple-m4 · chrome|s5|016_threejs_i3,apple-m4 · chrome,threejs,200,2133.0,3001.175,710.7216340238498,464.0371291304913,280.00000033378603,341.29143399605863,1.4070206282287487,2.1549999713897705,1.193399253811955,2.7399999797344208,2.8318000113964064,4.194999992847443,0.0,0.0,0.009999990463256836,0.02000001072883606,2.104999989271164,2.738399990797042,0.04499998688697815,0.22889500000000002,2.3094865300000063,2092.0,17.8014,24.8262,19.3454
apple-m4 · chrome|s5|016_threejs_i3,apple-m4 · chrome,threejs,283,2037.0,3001.3,678.7058941098554,448.430489438057,279.7398421615482,333.8125690382361,1.4733922435011886,2.2300000190734863,1.2401807769353344,2.810000002384186,2.9446000015735607,4.094999998807907,0.0,0.0,0.014999985694885254,0.025000005960464478,2.185000002384186,2.868199995756149,0.03999999165534973,0.195916,2.1405035400000023,2007.0,22.8078,24.2984,23.5708
apple-m4 · chrome|s5|016_threejs_i3,apple-m4 · chrome,threejs,400,1881.0,3000.165,626.9655168983145,456.62100506331933,244.3660060841243,303.12802331153995,1.5949840510322464,2.189999997615814,1.1979679377236145,2.905000001192093,3.916999995708466,4.194999992847443,0.0,0.0,0.02000001072883606,0.034999996423721313,2.134999990463257,3.866000008583069,0.034999996423721313,0.221374,2.63025322,1860.0,16.6083,29.4628,20.8056
apple-m4 · chrome|s5|016_threejs_i3,apple-m4 · chrome,threejs,566,1699.0,3001.625,566.0267355182609,1242.2360138072493,230.46452983098152,261.39316321156923,1.7667010005885815,0.8050000071525574,1.2661834097332991,3.3199999958276747,4.22550002336502,4.5799999833106995,0.0,0.0,0.030000001192092896,0.04499998688697815,0.7300000190734863,4.165400021076202,0.034999996423721313,0.280958,2.8611198200000008,1683.0,26.1579,42.7367,18.4472
apple-m4 · chrome|s5|016_threejs_i3,apple-m4 · chrome,threejs,800,1767.0,3000.62,588.878298484044,970.8737852841051,206.43594423051275,236.60048130328792,1.6981437464656302,1.030000001192093,1.2053351606013243,3.6350000113248826,4.633399991989135,5.284999996423721,0.0,0.0,0.04499998688697815,0.07999999344348907,0.929999977350235,4.548400013446807,0.04500001668930054,0.456916,2.98239345,1756.0,42.4431,44.1468,42.3988
apple-m4 · chrome|s5|016_threejs_i3,apple-m4 · chrome,threejs,1131,1582.0,3000.665,527.2164670127079,715.5635096183184,223.98088676895185,242.1047792877327,1.8967541087366988,1.397499993443489,0.9727454206642743,3.9047500014305108,4.180950006246567,5.495000004768372,0.0,0.0,0.09000000357627869,0.1550000011920929,1.2100000083446503,4.017849988639355,0.06999999284744263,0.527958,3.150716,1573.0,20.8794,48.9865,36.3345
apple-m4 · chrome|s5|016_threejs_i3,apple-m4 · chrome,threejs,1600,1220.0,3001.16,406.5094830003911,460.82949587228904,184.5302167350545,200.45019133655055,2.4599672131118226,2.169999986886978,0.9848440282785377,4.680000007152557,5.250249994099139,5.655000001192093,0.0,0.0,0.125,0.19999998807907104,1.9500000178813934,5.034049997329712,0.08000001311302185,0.628666,3.2460300399999995,1214.0,33.9334,58.7474,35.3076
apple-m4 · chrome|s5|016_threejs_i3,apple-m4 · chrome,threejs,2263,833.0,3003.07,277.38281158738135,307.6923076923077,164.72768445348447,167.86767107513327,3.6051260504473586,3.25,0.977479965417751,5.884000009298324,5.978400000333786,6.234999984502792,0.0,0.0,0.25,0.3050000071525574,2.9099999964237213,5.625,0.09000000357627869,1.0262285,3.38786118,828.0,36.6979,56.8027,43.1834
apple-m4 · chrome|s5|016_threejs_i3,apple-m4 · chrome,threejs,3200,560.0,3003.52,186.4479011305256,186.3932895102358,177.49378780005253,180.33103631618357,5.363428571394512,5.365000009536743,0.0871319722672939,5.495250004529953,5.560000002384186,5.784999996423721,0.0,0.0,0.5425000041723251,0.6470500087738036,4.745000004768372,4.90704999923706,0.07499998807907104,1.251291,3.6067256399999996,559.0,52.1241,75.4063,75.4063
apple-m4 · chrome|s5|016_threejs_i3,apple-m4 · chrome,threejs,4525,370.0,3000.055,123.33107226338113,123.38062895085766,114.32926825113076,119.00039665204541,8.108256756776088,8.105000019073486,0.12319153196379283,8.28274999856949,8.389300004839898,9.270000010728836,0.0,0.0,1.0149999856948853,1.1215500032901764,7.0150000005960464,7.205850000977517,0.07500001788139343,1.754291,4.1825474400000004,369.0,112.0847,126.2082,101.5627
apple-m4 · chrome|s5|016_threejs_i3,apple-m4 · chrome,threejs,6400,263.0,3001.105,87.63438799986288,87.98944119321314,61.50061498586008,80.40573971442736,11.41104562744895,11.365000009536743,0.4688787494072565,11.629499995708466,12.015600004196163,17.33500000834465,0.0038022813688212928,0.0,1.3250000178813934,1.4488000190258026,9.9549999833107,10.225700004696845,0.07999998331069946,2.390041,4.94743836,262.0,169.8272,177.561,93.2677
apple-m4 · chrome|s5|016_threejs_i3,apple-m4 · chrome,threejs,9051,180.0,3015.67,59.68822848679819,59.69258320503317,57.98782254122891,58.57658889724534,16.75372222214937,16.752499997615814,0.14821575848623156,16.984999984502792,17.112300001084805,17.24500000476837,0.6166666666666667,0.0,2.3700000047683716,2.5360499954223634,14.262500017881393,14.6010500228405,0.08249999582767487,3.410375,3.71601172,179.0,153.2791,185.2597,158.1871
apple-m4 · chrome|s5|016_threejs_i3,apple-m4 · chrome,threejs,12800,130.0,3004.62,43.26670261124325,43.15925768519414,42.5079702336507,42.618176653424825,23.11246153849822,23.169999986886978,0.20673565223133075,23.39274998307228,23.504050008654595,23.525000005960464,1.0,0.0,2.957499995827675,3.1406500062346456,20.122499987483025,20.41695000231266,0.08499997854232788,5.058249,5.127203,129.0,146.7698,158.2383,141.8373
apple-m4 · chrome|s5|016_threejs_i3,apple-m4 · chrome,threejs,18102,89.0,3006.78,29.599771183779563,29.537734465127915,28.998115135548495,29.143898002685287,33.78404494383362,33.854999989271164,0.3116496391723341,34.20600001215935,34.313399990797045,34.48499998450279,1.0,0.9101123595505618,4.340000003576279,4.580599986314773,29.44999998807907,29.73000000357628,0.08500000834465027,7.155562,7.2340712499999995,88.0,290.8755,313.5624,302.0204
apple-m4 · chrome|s5|016_threejs_i3,apple-m4 · chrome,threejs,25600,65.0,3033.34,21.42852433288829,21.404109575933724,20.970955225962072,21.024598785315778,46.66676923082425,46.72000002861023,0.4527773937308149,47.362999993562696,47.59859998941422,47.685000002384186,1.0,1.0,5.489999979734421,5.656599991321563,41.060000002384186,41.89779999136925,0.09000000357627869,7.676041,10.230489420000001,64.0,251.42,262.6091,262.1434
apple-m4 · chrome|s5|016_threejs_i3,apple-m4 · chrome,threejs,36204,61.0,4141.54,14.728820680259735,14.72320377198271,14.261266399486551,14.446343871719113,67.89409836051894,67.91999998688698,0.6122414474831491,68.66499999165535,69.31300000548363,70.12000000476837,1.0,1.0,7.96000000834465,8.263999992609024,59.87999999523163,61.19899999499321,0.12999999523162842,14.1045825,14.7403725,60.0,568.1872,587.8065,587.8065
apple-m4 · chrome|s5|017_r3f-state_i4,apple-m4 · chrome,r3f-state,100,2324.0,3000.0,774.6666666666666,1204.819279704078,335.7174135630076,391.80585340806044,1.2908777969018932,0.8299999982118607,0.9222545696247589,2.4099999964237213,2.540000014603138,4.699999988079071,0.0,0.0,0.019999980926513672,0.03500001937150955,0.38500000536441803,2.1988499891757964,0.28999999165534973,0.1991665,1.352490820000001,2244.0,12.7704,28.8512,13.7474
apple-m4 · chrome|s5|017_r3f-state_i4,apple-m4 · chrome,r3f-state,141,2150.0,3000.585,716.5269439106111,652.5285486315659,307.3320646517127,383.38200217712955,1.3956209302364393,1.532499998807907,0.9164230078346555,2.3900000154972076,2.560100002288816,5.049999982118607,0.0,0.0,0.025000005960464478,0.034999996423721313,1.1449999809265137,2.112550011873244,0.3699999749660492,0.176499,1.3309136900000071,2092.0,32.3571,48.458,33.843
apple-m4 · chrome|s5|017_r3f-state_i4,apple-m4 · chrome,r3f-state,200,2129.0,3000.56,709.5342202853648,823.0452650671282,285.61713688929666,382.66457260121274,1.4093752935521755,1.2150000035762787,0.7833888598248774,2.3030000090599057,2.794400008916851,4.790000021457672,0.0,0.0,0.034999996423721313,0.04500001668930054,0.6949999928474426,2.273599985837935,0.47999998927116394,0.186541,2.31218661999998,2087.0,35.6463,54.0921,54.0822
apple-m4 · chrome|s5|017_r3f-state_i4,apple-m4 · chrome,r3f-state,283,2000.0,3000.865,666.4744998570434,624.0249642479065,320.7955733339213,400.0000001907349,1.5004324999898673,1.6024999916553497,0.6200996794365687,2.240000009536743,2.7251499941945077,3.770000010728836,0.0,0.0,0.04999998211860657,0.06000000238418579,0.8624999821186066,1.8952500104904173,0.6599999964237213,0.19525,2.5431884399999998,1970.0,39.5985,64.604,42.6504
apple-m4 · chrome|s5|017_r3f-state_i4,apple-m4 · chrome,r3f-state,400,1955.0,3000.45,651.5689313230846,689.6551639089688,315.0912103955783,361.08474325178616,1.5347570332572282,1.4500000178813934,0.32969974806853625,2.084999978542328,3.064999997615814,3.4249999821186066,0.0,0.0,0.07499998807907104,0.09999999403953552,0.375,2.0050000089406965,0.9550000131130219,0.221249,2.58157788,1933.0,33.9069,64.8831,57.8176
apple-m4 · chrome|s5|017_r3f-state_i4,apple-m4 · chrome,r3f-state,566,1526.0,3000.2,508.63275781816657,514.1388193714176,404.3671644245532,425.57957158110247,1.9660550458637478,1.9449999928474426,0.10127272571019241,2.153750002384186,2.4150000140070915,2.6350000202655792,0.0,0.0,0.10999998450279236,0.17749997973442078,0.5099999904632568,0.6387499868869781,1.3250000178813934,0.411916,2.8809929999999997,1525.0,49.1362,78.8507,56.1565
apple-m4 · chrome|s5|017_r3f-state_i4,apple-m4 · chrome,r3f-state,800,976.0,3001.445,325.1767065537852,330.03300317048513,258.7694076967085,273.4107999085284,3.0752510245828355,3.030000001192093,0.17407503080349568,3.5,3.6962500140070915,4.235000014305115,0.0,0.0,0.13499999046325684,0.17499998956918716,0.8400000035762787,1.047499991953373,2.044999986886978,0.459333,2.76027168,974.0,63.701,78.1573,73.2501
apple-m4 · chrome|s5|017_r3f-state_i4,apple-m4 · chrome,r3f-state,1131,645.0,3001.51,214.89183777566936,216.91973902319702,184.64379183345102,188.91315906465863,4.653503875954207,4.610000014305115,0.19851029445175436,5.175000011920929,5.347800012826919,5.519999980926514,0.0,0.0,0.2549999952316284,0.3474000132083871,1.3799999952316284,1.5227999913692472,2.9650000035762787,0.36089550000000004,2.82963619,644.0,94.2038,101.3595,97.5896
apple-m4 · chrome|s5|017_r3f-state_i4,apple-m4 · chrome,r3f-state,1600,431.0,3002.37,143.55325959136132,145.7725944482079,125.66760912196412,127.53940054080951,6.96605568446582,6.860000014305115,0.31080257943009915,7.767500013113022,7.865000000596046,8.155000001192093,0.0,0.0,0.3149999976158142,1.0099999904632568,2.1399999856948853,2.3234999895095823,4.41499999165535,0.6188325,2.9746937499999984,430.0,105.4428,108.6568,94.9373
apple-m4 · chrome|s5|017_r3f-state_i4,apple-m4 · chrome,r3f-state,2263,267.0,3007.63,88.77421757344597,89.92805751539476,80.35355569101915,81.14603165540571,11.264531835188134,11.120000004768372,0.43097335315320157,12.21899999976158,12.386699988842011,12.46000000834465,0.0,0.0,0.5949999988079071,0.7199999988079071,3.564999997615814,3.7600000005960466,6.965000003576279,0.7793125,3.3293727,266.0,134.1355,148.707,142.5543
apple-m4 · chrome|s5|017_r3f-state_i4,apple-m4 · chrome,r3f-state,3200,205.0,3008.38,68.14298725570737,69.25207757376107,62.285892275467376,62.782521357334396,14.675024390220642,14.439999997615814,0.6019416073187742,15.838000005483627,15.929399979114532,16.12999999523163,0.0,0.0,0.7999999821186066,1.9168000125885087,4.625,4.804400007724762,9.020000010728836,0.9751245,1.30307903,204.0,186.6086,206.2531,183.37
apple-m4 · chrome|s5|017_r3f-state_i4,apple-m4 · chrome,r3f-state,4525,134.0,3014.2,44.4562404619899,45.45971132590593,41.46796597986857,41.59012928010918,22.494029850657306,21.997500002384186,0.9728654030505947,23.93400000333786,24.05005000203848,24.115000009536743,1.0,0.0,1.2550000101327896,1.4066999995708465,7.2750000059604645,7.450049988031387,13.57999999821186,1.482124,1.777414,133.0,276.3504,286.4677,272.3353
apple-m4 · chrome|s5|017_r3f-state_i4,apple-m4 · chrome,r3f-state,6400,86.0,3004.235,28.626255935234926,27.8202809903738,26.84924152697389,27.03798837954751,34.93296511644541,35.94499999284744,1.7359444559224897,36.71875,37.03674999624491,37.24499997496605,1.0,0.6744186046511628,1.5625,4.167000000178816,11.66499999165535,12.596249991655366,22.422499999403954,2.233749,2.6156677199999994,85.0,377.1661,521.9227,521.9227
apple-m4 · chrome|s5|017_r3f-state_i4,apple-m4 · chrome,r3f-state,9051,63.0,3036.3,20.748937852113105,20.940215686312442,13.931457230194935,16.45684193321703,48.19523809495426,47.75499999523163,3.7726054604052197,49.59899999499321,65.04059999823573,71.7800000011921,1.0,1.0,1.6749999821186066,5.871099991798403,14.634999990463257,17.52749999761582,31.44999998807907,3.056562,4.03991876,62.0,828.2996,1055.1304,534.9003
apple-m4 · chrome|s5|017_r3f-state_i4,apple-m4 · chrome,r3f-state,12800,61.0,4167.35,14.63759943371381,15.109163714047973,8.795461542397732,11.169440410886686,68.31721311465638,66.18499997258186,6.688955544194701,72.9050000011921,94.61800000071521,113.69499999284744,1.0,1.0,1.9950000047683716,7.108000010251998,20.269999980926514,22.099000006914135,43.61500000953674,4.7039995,5.922525219999999,60.0,979.0013,1442.6588,780.1186
apple-m4 · chrome|s5|018_r3f-ref_i4,apple-m4 · chrome,r3f-ref,100,2323.0,3002.1,773.7916791594591,483.0917891088607,270.3020333193628,346.4755077843353,1.2923374946164612,2.0699999928474426,1.160446700208432,2.6200000047683716,3.2411999952793202,4.764999985694885,0.0,0.0,0.005000025033950806,0.02499997615814209,2.0,3.1651000082492917,0.06999999284744263,0.199541,2.1651067799999963,2243.0,12.6636,16.8199,15.8515
apple-m4 · chrome|s5|018_r3f-ref_i4,apple-m4 · chrome,r3f-ref,141,2159.0,3000.235,719.6102971899554,1626.0162349481313,260.4005206701676,337.47023446351136,1.389641037523995,0.6150000095367432,1.2450903667709294,2.675000011920929,3.6671000021696094,4.030000001192093,0.0,0.0,0.009999990463256836,0.019999980926513672,0.5600000023841858,3.602100004553795,0.05500000715255737,0.210958,2.327166,2101.0,19.281,21.7555,19.8233
apple-m4 · chrome|s5|018_r3f-ref_i4,apple-m4 · chrome,r3f-ref,200,2118.0,3002.005,705.5284718057978,461.89376303537574,248.12429848604359,325.96041903165303,1.417377242679524,2.165000006556511,1.2095723950103099,2.759999990463257,3.442449995279311,5.805000007152557,0.0,0.0,0.014999985694885254,0.025000005960464478,2.1024999916553497,3.3874499881267535,0.04499998688697815,0.186958,2.6521790799999914,2077.0,16.3036,26.5446,15.1328
apple-m4 · chrome|s5|018_r3f-ref_i4,apple-m4 · chrome,r3f-ref,283,2019.0,3000.335,672.9248567224608,450.45045069233277,289.22631932085096,338.6157386627142,1.4860500247688682,2.219999998807907,1.2390545812016653,2.800000011920929,2.8840999913215635,4.110000014305115,0.0,0.0,0.02000001072883606,0.03999999165534973,2.1649999916553497,2.804100008010864,0.03999999165534973,0.195958,1.8091840799999999,1989.0,26.1012,27.143,26.2566
apple-m4 · chrome|s5|018_r3f-ref_i4,apple-m4 · chrome,r3f-ref,400,1839.0,3002.51,612.4875520772912,438.5964967317309,238.9803504326494,280.6043785740578,1.6326862425341302,2.2799999713897705,1.2281516786078472,2.945499992370605,4.115499997735021,4.495000004768372,0.0,0.0,0.030000001192092896,0.04809999525546973,2.2150000035762787,4.044300006031988,0.034999996423721313,0.2205,2.58116747,1818.0,16.8402,36.3587,36.3587
apple-m4 · chrome|s5|018_r3f-ref_i4,apple-m4 · chrome,r3f-ref,566,1758.0,3000.295,585.9423823349649,1273.8853561219987,234.11140945765115,281.52151056607437,1.7066524459538606,0.7849999964237213,1.2284039333675023,3.2849999964237213,3.9221499848365786,4.520000010728836,0.0,0.0,0.04499998688697815,0.07499998807907104,0.6850000023841858,3.6853999981284318,0.0350000262260437,0.28741649999999996,2.61234397,1742.0,26.2325,48.5638,24.7879
apple-m4 · chrome|s5|018_r3f-ref_i4,apple-m4 · chrome,r3f-ref,800,1866.0,3000.305,621.9367697602582,985.2216887622752,217.99685141152563,252.87543856895505,1.6078804930370592,1.0149999856948853,1.0740656870385845,3.5074999928474426,4.355499999225137,4.979999989271164,0.0,0.0,0.09000000357627869,0.1917499959468837,0.8550000190734863,4.181750005483627,0.054999977350234985,0.457999,2.92579574,1854.0,33.8501,48.0256,35.462
apple-m4 · chrome|s5|018_r3f-ref_i4,apple-m4 · chrome,r3f-ref,1131,1676.0,3001.46,558.3949144734031,724.6376836632911,218.60909961089226,237.0954381004594,1.7908472553749073,1.3799999952316284,1.0001148135185858,3.9899999871850014,4.32999999076128,5.230000019073486,0.0,0.0,0.1550000011920929,0.25,1.1649999916553497,4.127499997615814,0.06999999284744263,0.527041,3.03580436,1668.0,42.6605,54.121,50.6193
apple-m4 · chrome|s5|018_r3f-ref_i4,apple-m4 · chrome,r3f-ref,1600,1189.0,3000.325,396.29040187470497,465.11627778032135,193.6960732807946,204.35377456533274,2.523402018492918,2.1500000059604645,1.0320656989224966,4.7080000102519985,4.945599992275238,5.394999980926514,0.0,0.0,0.2549999952316284,0.32499998807907104,1.8100000023841858,4.611199986934661,0.08499997854232788,0.643291,3.0958736200000003,1183.0,50.3417,67.0696,67.0696
apple-m4 · chrome|s5|018_r3f-ref_i4,apple-m4 · chrome,r3f-ref,2263,838.0,3000.12,279.3221604492462,280.8988762163722,252.64487611268697,257.82920380801085,3.580095465363921,3.560000002384186,0.18216569334445046,3.8249999925494196,3.905000001192093,4.064999997615814,0.0,0.0,0.5649999976158142,0.6600000151991844,2.9100000113248825,3.1812999871373178,0.07500001788139343,0.932166,3.33695625,836.0,81.889,100.8085,100.8085
apple-m4 · chrome|s5|018_r3f-ref_i4,apple-m4 · chrome,r3f-ref,3200,536.0,3004.54,178.39669300508186,179.05102927589647,133.68983955088626,162.79506604872287,5.605485074611297,5.58500000834465,0.2360729095303003,5.7750000059604645,5.922999984025955,8.75,0.0,0.0,0.7100000083446503,0.7732500076293944,4.804999977350235,5.038250012695789,0.07500001788139343,1.241583,3.55153894,535.0,143.8,145.1973,56.6123
apple-m4 · chrome|s5|018_r3f-ref_i4,apple-m4 · chrome,r3f-ref,4525,353.0,3001.41,117.61138931382938,117.23329423918489,111.94029845767044,113.37112371691556,8.502577903672588,8.530000001192093,0.16723948623086166,8.75,8.866600006818771,8.955000013113022,0.0,0.0,1.2400000095367432,1.3499999940395355,7.2049999833106995,7.419600001573563,0.07999998331069946,1.652291,4.12256917,352.0,74.2608,103.7366,82.3677
apple-m4 · chrome|s5|018_r3f-ref_i4,apple-m4 · chrome,r3f-ref,6400,251.0,3010.78,83.36710088412326,83.47245416490503,79.05138336196183,80.21926600778016,11.995139442235825,11.979999989271164,0.2261934572616226,12.344999998807907,12.572500005364418,12.655000001192093,0.0,0.0,1.7300000190734863,1.8474999964237213,10.155000001192093,10.66499999165535,0.07999998331069946,2.330687,4.425058,250.0,170.5929,205.422,205.422
apple-m4 · chrome|s5|018_r3f-ref_i4,apple-m4 · chrome,r3f-ref,9051,188.0,3009.4,62.47092443664107,62.48047481205239,55.83472921271248,60.16444951782148,16.007446808542344,16.00500001013279,0.2313599002269204,16.28324999809265,16.563999980092046,17.90999999642372,0.010638297872340425,0.0,1.8799999952316284,2.0356499996781348,14.03999999165535,14.487699989378449,0.08000001311302185,3.316708,3.86069462,187.0,231.8862,248.4279,248.4279
apple-m4 · chrome|s5|018_r3f-ref_i4,apple-m4 · chrome,r3f-ref,12800,124.0,3023.315,41.01458167610645,41.19888764116267,39.16193460505401,39.94540794691695,24.381572580625935,24.27249999344349,0.261524118686766,24.839250004291536,24.98540000706911,25.53499999642372,1.0,0.0,3.4750000089406967,3.5638499987125396,20.719999983906746,21.33884999781847,0.08499999344348907,4.87775,5.15869076,123.0,419.3303,434.5776,434.5776
apple-m4 · chrome|s5|018_r3f-ref_i4,apple-m4 · chrome,r3f-ref,18102,91.0,3005.475,30.27807584497641,30.44140030993744,28.292544915369284,29.375045894908943,33.0271978021323,32.849999994039536,0.3744427039587922,33.542499989271164,33.84650000631808,35.34499999880791,1.0,0.21978021978021978,3.5699999928474426,3.652000007033348,29.19999998807907,30.078999996185292,0.08500000834465027,7.1314165,7.21599275,90.0,682.541,709.7605,699.4009
apple-m4 · chrome|s5|018_r3f-ref_i4,apple-m4 · chrome,r3f-ref,25600,65.0,3033.21,21.429442735524802,21.503064188851404,20.356234096692113,20.867387752919768,46.66476923089761,46.50499999523163,0.5435505589674537,47.24000000357628,48.001800003051756,49.125,1.0,1.0,4.7750000059604645,4.911000008583069,41.625,43.13020002126694,0.09000000357627869,8.850562,10.16286375,64.0,655.0258,674.0819,674.0819
apple-m4 · chrome|s5|018_r3f-ref_i4,apple-m4 · chrome,r3f-ref,36204,61.0,4632.425,13.168049131900252,13.217023526926615,12.030075187969924,12.251899042144899,75.94139344281838,75.65999999642372,1.7880490148795918,80.06999999284744,82.18900001645088,83.125,1.0,1.0,10.969999998807907,11.313000011444093,64.14499998092651,65.66699998378753,0.125,14.751062000000001,15.19231522,60.0,1181.223,1217.1992,1217.1992
apple-m4 · chrome|s5|018_r3f-ref_i4,apple-m4 · chrome,r3f-ref,51200,61.0,6982.95,8.735563049977989,8.93974611006719,5.9171597633136095,6.93826104018269,114.47459016422756,111.86000001430511,8.405035261917481,118.4249999821186,147.00400000214572,169.0,1.0,1.0,19.205000013113022,23.293999981880177,91.4699999988079,121.85099999308582,0.17499998211860657,18.195749499999998,20.53539822,60.0,1174.45,1230.2956,635.85
apple-m4 · chrome|s5|019_threejs_i4,apple-m4 · chrome,threejs,100,2308.0,3001.415,768.970635511417,483.6759347516389,256.41025644433273,337.50073356972507,1.3004397747060041,2.0675000101327896,1.1748574837289132,2.6299999952316284,3.4665000000595962,4.909999996423721,0.0,0.0,0.004999995231628418,0.019999980926513672,2.0,3.3543000176548943,0.06499999761581421,0.1746035,2.2478115900000026,2228.0,9.1371,12.1661,12.1661
apple-m4 · chrome|s5|019_threejs_i4,apple-m4 · chrome,threejs,141,2152.0,3000.895,717.119392711943,625.9780921681828,266.8191350023084,342.46575336193814,1.3944679368079596,1.5974999964237213,1.248136410691283,2.6800000071525574,2.8423500007390943,5.244999974966049,0.0,0.0,0.005000025033950806,0.015000015497207642,1.530000001192093,2.774899990856645,0.050000011920928955,0.207895,1.7302818800000037,2094.0,12.8214,18.9235,16.8153
apple-m4 · chrome|s5|019_threejs_i4,apple-m4 · chrome,threejs,200,2123.0,3000.735,707.4933307972477,458.7155948252341,284.187022772415,341.96857803302447,1.4134408855460694,2.1800000071525574,1.1977679303725286,2.740000009536743,2.8838999915122994,4.864999979734421,0.0,0.0,0.009999990463256836,0.02000001072883606,2.125,2.7888999992609036,0.04499998688697815,0.2222495,2.6695582300000105,2082.0,18.4239,24.7956,20.0059
apple-m4 · chrome|s5|019_threejs_i4,apple-m4 · chrome,threejs,283,1985.0,3000.68,661.5167228745712,442.4778779733619,248.15516219155026,300.5555724619956,1.5116775818675832,2.259999990463257,1.2636892587751178,2.830000013113022,3.980799988508225,4.104999989271164,0.0,0.0,0.014999985694885254,0.025000005960464478,2.205000013113022,3.9358000016212467,0.0350000262260437,0.197166,2.64322714,1955.0,19.3036,24.6719,19.3305
apple-m4 · chrome|s5|019_threejs_i4,apple-m4 · chrome,threejs,400,1858.0,3001.845,618.9526774369556,445.43429749487916,235.64836012569984,287.15003590657545,1.615632400429929,2.2450000047683716,1.220768654669213,3.0199999809265137,4.052150009870529,5.08500000834465,0.0,0.0,0.02000001072883606,0.034999996423721313,2.1924999952316284,3.997150002717972,0.034999996423721313,0.220833,2.63939112,1837.0,18.2987,29.6563,23.239
apple-m4 · chrome|s5|019_threejs_i4,apple-m4 · chrome,threejs,566,1716.0,3001.44,571.7255717260259,1290.3225707213912,233.6288049119319,269.0341672438333,1.7490909090895197,0.7750000059604645,1.2398636676356152,3.2562500163912773,4.209749999642369,4.379999995231628,0.0,0.0,0.030000001192092896,0.04499998688697815,0.699999988079071,4.1362500101327875,0.034999996423721313,0.262749,2.65925,1701.0,31.4736,44.2485,23.7116
apple-m4 · chrome|s5|019_threejs_i4,apple-m4 · chrome,threejs,800,1745.0,3001.53,581.3701678808164,995.0248803429337,213.76925509547283,242.6372155675028,1.7200744985680183,1.0049999952316284,1.2079215531877947,3.5999999940395355,4.527800003290176,4.924999982118607,0.0,0.0,0.04499998688697815,0.06999999284744263,0.9099999964237213,4.452799985408783,0.04499998688697815,0.455583,2.98100342,1734.0,43.1679,46.868,40.4053
apple-m4 · chrome|s5|019_threejs_i4,apple-m4 · chrome,threejs,1131,1596.0,3000.205,531.9636491536005,716.8458726229951,227.37608004048892,246.5821836605774,1.879827694225132,1.395000010728836,0.9431464635545067,3.830000013113022,4.105250018835068,5.625,0.0,0.0,0.08500000834465027,0.1550000011920929,1.219999998807907,3.9555000126361843,0.06999999284744263,0.5285205,3.15065333,1588.0,23.0771,51.7923,18.0252
apple-m4 · chrome|s5|019_threejs_i4,apple-m4 · chrome,threejs,1600,1209.0,3001.925,402.74157415498354,419.2872081773173,216.64560407213725,239.21060512854677,2.4829818031529536,2.3850000202655792,0.524635970406938,3.8199999928474426,4.38799998521805,5.030000001192093,0.0,0.0,0.2199999988079071,0.3149999976158142,2.070000022649765,4.062599997520449,0.08000001311302185,0.632874,3.2466225,1203.0,49.3018,56.6865,53.8272
apple-m4 · chrome|s5|019_threejs_i4,apple-m4 · chrome,threejs,2263,860.0,3001.315,286.5410661662249,285.7142857142857,249.53212654694818,263.81986599283266,3.4899011627879255,3.5,0.1958397839647043,3.7100000083446503,3.788199993371963,5.235000014305115,0.0,0.0,0.3699999749660492,0.46000000834465027,3.0550000071525574,3.2620499885082244,0.07499998807907104,0.922125,3.383168,859.0,63.2517,97.0871,97.0871
apple-m4 · chrome|s5|019_threejs_i4,apple-m4 · chrome,threejs,3200,631.0,3004.04,210.05046537179692,209.86358929740246,193.23671508712854,197.25748468482442,4.76076069733987,4.764999985694885,0.14682423813283998,5.0,5.100000023841858,5.235000014305115,0.0,0.0,0.3499999940395355,0.39000001549720764,4.325000017881393,4.645000010728836,0.08500000834465027,1.2356245,3.6128691600000002,628.0,67.5443,76.1023,59.6685
apple-m4 · chrome|s5|019_threejs_i4,apple-m4 · chrome,threejs,4525,376.0,3006.845,125.04801544480978,125.0781740171846,120.5061258203845,122.02562536456566,7.996928191486191,7.99499998986721,0.0964783508797125,8.137500010430813,8.22749999910593,8.370000004768372,0.0,0.0,0.9050000011920929,1.012499988079071,7.004999995231628,7.166250020265579,0.07999998331069946,1.81225,4.22188116,375.0,100.9464,127.168,114.7003
apple-m4 · chrome|s5|019_threejs_i4,apple-m4 · chrome,threejs,6400,262.0,3001.79,87.28125551691728,87.33624440509224,83.92782202683394,84.83978333818594,11.457213740539915,11.450000017881393,0.15692466154481066,11.719499999284745,11.833650003075599,11.919999986886978,0.0,0.0,1.3499999940395355,1.4800000008940697,10.015000000596046,10.349750005900859,0.07999998331069946,2.381416,4.971025,261.0,90.4499,100.7697,95.0874
apple-m4 · chrome|s5|019_threejs_i4,apple-m4 · chrome,threejs,9051,182.0,3009.535,60.474458678904305,60.47777443098188,58.89281501040687,59.45499588288619,16.535906593386944,16.53499999642372,0.14140329384827505,16.739749981462957,16.852849991321563,16.980000019073486,0.21428571428571427,0.0,2.167500004172325,2.336649988293648,14.270000010728836,14.57664999216795,0.07999998331069946,3.373375,3.7204414,181.0,154.2835,190.9469,190.9469
apple-m4 · chrome|s5|019_threejs_i4,apple-m4 · chrome,threejs,12800,128.0,3007.135,42.56543188131093,42.45383144539786,40.98360654736552,41.597337767632396,23.493242187425494,23.555000007152557,0.23936891368104918,23.814749997854232,24.064599997997284,24.400000005960464,1.0,0.0,3.0474999994039536,3.247300002574921,20.424999997019768,20.87290000528097,0.07999998331069946,5.065625,5.18518926,127.0,160.3283,160.3283,155.407
apple-m4 · chrome|s5|019_threejs_i4,apple-m4 · chrome,threejs,18102,90.0,3027.685,29.725681502510707,29.844064741447106,28.640985256737764,29.0444379903763,33.64094444447093,33.507500022649765,0.3222741292210871,34.13975001871586,34.4833499789238,34.91499999165535,1.0,0.8666666666666667,4.222499996423721,4.44934999525547,29.185000002384186,29.90695001512766,0.09000000357627869,7.179,7.2803979199999995,89.0,300.1205,316.0292,316.0292
apple-m4 · chrome|s5|019_threejs_i4,apple-m4 · chrome,threejs,25600,65.0,3041.48,21.37117455961978,21.290185225151795,21.034917954325614,21.08518414376486,46.79200000029344,46.96999999880791,0.4106376511032126,47.323000001907346,47.437600004673,47.54000002145767,1.0,1.0,5.625,5.75039999961853,41.25,41.69520000815392,0.09000000357627869,8.9408955,10.24373025,64.0,231.7892,266.7926,233.7643
apple-m4 · chrome|s5|019_threejs_i4,apple-m4 · chrome,threejs,36204,61.0,4167.255,14.637933123859662,14.705882352941176,10.873110797139956,12.763241864404273,68.31565573762674,68.0,3.2204957524515057,68.83499997854233,80.82499998807904,91.9699999988079,1.0,1.0,8.060000002384186,8.44200000166893,59.71000000834465,70.1630000054836,0.125,13.6793115,14.69771231,60.0,544.2492,594.0034,323.0835
apple-m4 · chrome|s5|020_r3f-ref-central_i4,apple-m4 · chrome,r3f-ref-central,100,2327.0,3002.19,775.1008430518548,701.754380094341,277.0917414772758,351.61104556749643,1.2901547056285414,1.425000011920929,1.159218387736323,2.615000009536743,2.7698000031709626,5.030000001192093,0.0,0.0,0.004999995231628418,0.018699989914893012,1.344999998807907,2.662400016188619,0.07499998807907104,0.178874,1.5004276399999987,2247.0,12.2452,18.6417,14.108
apple-m4 · chrome|s5|020_r3f-ref-central_i4,apple-m4 · chrome,r3f-ref-central,141,2157.0,3000.105,718.9748358833153,682.5938549889789,249.11032033753784,336.0552763756186,1.3908692628601165,1.4650000035762787,1.2464108014732922,2.679999977350235,2.832199994325638,5.184999972581863,0.0,0.0,0.004999995231628418,0.015000015497207642,1.395000010728836,2.7371999990940097,0.05500000715255737,0.20725,1.81810082,2099.0,16.962,21.7391,21.7391
apple-m4 · chrome|s5|020_r3f-ref-central_i4,apple-m4 · chrome,r3f-ref-central,200,2155.0,3000.175,718.2914330040228,763.3587772366495,243.1822130722767,327.989455213176,1.3921925753977349,1.3100000023841858,1.1979933439331734,2.734999993443489,3.473000009655954,5.2049999833106995,0.0,0.0,0.009999990463256836,0.022299994826317015,1.2549999952316284,3.421099999547006,0.04500001668930054,0.1828745,2.529474129999999,2114.0,12.1445,23.9225,23.9225
apple-m4 · chrome|s5|020_r3f-ref-central_i4,apple-m4 · chrome,r3f-ref-central,283,2032.0,3000.05,677.3220446366265,455.06256999265264,291.99211606548846,338.5455947755169,1.4764025590463181,2.197500005364418,1.2361136611431869,2.810000002384186,2.8884499964118007,4.114999979734421,0.0,0.0,0.014999985694885254,0.025000005960464478,2.1324999928474426,2.8250000086426734,0.03999999165534973,0.196124,1.876249,2001.0,12.8384,27.5491,15.3316
apple-m4 · chrome|s5|020_r3f-ref-central_i4,apple-m4 · chrome,r3f-ref-central,400,1845.0,3000.585,614.8800983791058,445.43429749487916,240.16010687151783,284.0470532334602,1.6263333333378562,2.2450000047683716,1.2223913899165206,2.9989999949932087,4.112799981832504,4.455000013113022,0.0,0.0,0.02000001072883606,0.034999996423721313,2.189999997615814,4.052800009250641,0.034999996423721313,0.220874,2.5795577499999998,1824.0,30.3175,32.3478,17.6084
apple-m4 · chrome|s5|020_r3f-ref-central_i4,apple-m4 · chrome,r3f-ref-central,566,1780.0,3000.4,593.2542327677857,1333.3333333333333,237.57948438796896,282.44105239824773,1.6856179775314384,0.75,1.237360338503035,3.280250000953674,3.907099999189377,4.3499999940395355,0.0,0.0,0.030000001192092896,0.04500001668930054,0.6700000017881393,3.8499999940395355,0.0350000262260437,0.324874,2.60468112,1765.0,28.4028,47.485,17.1859
apple-m4 · chrome|s5|020_r3f-ref-central_i4,apple-m4 · chrome,r3f-ref-central,800,1771.0,3000.035,590.3264461921648,930.2325684551035,212.1684868183852,242.27740769217036,1.6939779785411766,1.074999988079071,1.1359672202418132,3.635000005364418,4.472999995946884,5.7249999940395355,0.0,0.0,0.04999998211860657,0.09999999403953552,0.9500000178813934,4.3865000098943705,0.050000011920928955,0.45625,2.9289355,1760.0,41.8711,46.7892,18.2136
apple-m4 · chrome|s5|020_r3f-ref-central_i4,apple-m4 · chrome,r3f-ref-central,1131,1646.0,3000.26,548.619119672589,732.6007274823261,220.02200229399688,241.11619149217495,1.8227582017134056,1.3650000095367432,0.9552619514345148,3.9149999916553497,4.2504999995231625,5.7750000059604645,0.0,0.0,0.07999998331069946,0.12999999523162842,1.195000022649765,4.100500009953975,0.06999999284744263,0.527249,3.02828275,1638.0,29.9877,53.1931,38.3857
apple-m4 · chrome|s5|020_r3f-ref-central_i4,apple-m4 · chrome,r3f-ref-central,1600,1250.0,3001.745,416.42444644632184,450.45045069233277,213.63717269125266,232.12714564363645,2.401396000003815,2.219999998807907,0.5912811536904533,3.9332500040531153,4.465100018680095,5.254999995231628,0.0,0.0,0.17000001668930054,0.2250000238418579,1.9525000005960464,4.165300006568431,0.08499997854232788,0.6287285,3.18990956,1244.0,49.8456,67.7813,43.7613
apple-m4 · chrome|s5|020_r3f-ref-central_i4,apple-m4 · chrome,r3f-ref-central,2263,825.0,3000.24,274.97800175898516,311.0419932060345,164.18676216109162,168.95372306852693,3.6366545454661052,3.2149999737739563,0.9883493745949535,5.813999998569488,5.943800001144409,6.620000004768372,0.0,0.0,0.3449999988079071,0.41499999165534973,2.7699999809265137,5.4837999856472015,0.09000000357627869,1.151958,3.3327164,821.0,56.3607,74.9953,67.7194
apple-m4 · chrome|s5|020_r3f-ref-central_i4,apple-m4 · chrome,r3f-ref-central,3200,521.0,3004.045,173.43282141149868,173.76194627776917,142.93882198438394,162.2971286013404,5.765921305214375,5.754999995231628,0.16376553278651476,5.9000000059604645,6.234999984502792,8.235000014305115,0.0,0.0,0.6699999868869781,0.7819999992847436,5.019999980926514,5.205000007152556,0.07499998807907104,1.213583,3.54615648,520.0,113.3787,131.419,46.9721
apple-m4 · chrome|s5|020_r3f-ref-central_i4,apple-m4 · chrome,r3f-ref-central,4525,369.0,3004.75,122.80555786671104,123.0012296335539,117.43981229359835,119.44656430521198,8.142953929539296,8.13000002503395,0.11480406441986196,8.306000006198882,8.388199996948241,8.544999986886978,0.0,0.0,0.8350000083446503,0.906599999666214,7.214999973773956,7.431600005626678,0.08000001311302185,1.7686035,4.13084061,368.0,73.2807,100.1836,83.0994
apple-m4 · chrome|s5|020_r3f-ref-central_i4,apple-m4 · chrome,r3f-ref-central,6400,279.0,3005.815,92.82008373776208,92.89363690932225,83.40283573372875,89.1479513187912,10.773530465941276,10.764999985694885,0.19686159380636686,11.005499994754791,11.151100004911422,12.75,0.0,0.0,0.7750000059604645,0.8660999852418898,9.900000005960464,10.243299983143807,0.08000001311302185,2.39127,4.90618134,278.0,180.7743,198.1433,198.1433
apple-m4 · chrome|s5|020_r3f-ref-central_i4,apple-m4 · chrome,r3f-ref-central,9051,176.0,3014.97,58.375373552662076,58.34305717416714,54.89980783989366,56.94152816632963,17.13051136362959,17.140000000596046,0.1780947416146449,17.37999999523163,17.541250005364418,18.21500000357628,1.0,0.0,1.4399999976158142,1.5712499916553497,15.587500005960464,15.90625,0.08499997854232788,3.383625,3.62282142,175.0,205.6235,241.7762,241.7762
apple-m4 · chrome|s5|020_r3f-ref-central_i4,apple-m4 · chrome,r3f-ref-central,12800,129.0,3010.625,42.84824579613868,42.753313407934634,40.65867046344659,41.98446575747941,23.338178294573645,23.389999985694885,0.24325585869686137,23.610000002384187,23.708799992799758,24.594999998807907,1.0,0.0,2.2699999809265137,2.3630000030994416,21.03499999642372,21.28499999642372,0.08000001311302185,5.0513325,5.214668090000001,128.0,401.2451,419.006,416.1972
apple-m4 · chrome|s5|020_r3f-ref-central_i4,apple-m4 · chrome,r3f-ref-central,18102,99.0,3023.73,32.74101854343849,32.84072247660959,30.85943527119928,31.814205037725223,30.5427272726189,30.450000017881393,0.32551471966886125,31.026499977707864,31.155499995350834,32.40500000119209,1.0,0.0,2.574999988079071,2.6902999973297117,27.78499999642372,28.470499992966648,0.08500000834465027,7.1427285000000005,7.25149351,98.0,397.8193,422.4336,422.4336
apple-m4 · chrome|s5|020_r3f-ref-central_i4,apple-m4 · chrome,r3f-ref-central,25600,61.0,3007.685,20.281379200265867,20.37074761732011,19.51409894601454,19.855058080117782,49.30631147544892,49.089999973773956,0.4692155680305565,49.87000000476837,50.45899999141693,51.24499997496605,1.0,1.0,5.675000011920929,5.810999995470047,43.32500001788139,44.72800001502037,0.0949999988079071,9.275354,10.20255997,60.0,749.7069,782.9536,757.4679
apple-m4 · chrome|s5|020_r3f-ref-central_i4,apple-m4 · chrome,r3f-ref-central,36204,61.0,4587.635,13.296611434895498,13.340448237575755,12.496094974044738,12.52008430295986,75.20713114738464,74.96000000834465,1.6169416754375823,79.5949999988079,79.96799999475479,80.02499997615814,1.0,1.0,9.824999988079071,10.345000004768371,64.87999999523163,66.13799999952316,0.12999999523162842,14.271208,15.06037625,60.0,1249.8355,1296.2101,1265.8964
apple-m4 · chrome|s5|020_r3f-ref-central_i4,apple-m4 · chrome,r3f-ref-central,51200,61.0,6979.51,8.73986855808257,8.920606599351617,7.261900438653459,7.596186714223578,114.4181967216437,112.10000002384186,5.156689995725989,119.14500001072884,136.44800001382828,137.70500001311302,1.0,1.0,14.38000002503395,16.052000004053113,96.76999998092651,117.18499999046325,0.19500002264976501,17.589582999999998,20.4638605,60.0,1084.3346,1141.0566,592.4898
apple-m4 · chrome|s5|021_threejs_i5,apple-m4 · chrome,threejs,100,2332.0,3000.865,777.1092668333126,687.285231251072,276.90825888315413,349.6714295797021,1.2868203258918243,1.4549999833106995,1.1580464862755726,2.6299999952316284,2.821899991035462,4.685000002384186,0.0,0.0,0.004999995231628418,0.02000001072883606,1.375,2.7018999955058103,0.06499999761581421,0.174791,1.6707191699999866,2252.0,8.8166,12.4291,9.6217
apple-m4 · chrome|s5|021_threejs_i5,apple-m4 · chrome,threejs,141,2143.0,3001.15,714.0596104812302,464.0371227131437,234.0223992494822,330.51213939178973,1.4004433037825295,2.155000001192093,1.2566800455035576,2.6800000071525574,2.855799988508224,6.0999999940395355,0.0,0.0,0.005000025033950806,0.017899995446204776,2.074999988079071,2.778700002431868,0.054999977350234985,0.209541,2.2958382799999537,2085.0,16.2869,19.4178,13.786
apple-m4 · chrome|s5|021_threejs_i5,apple-m4 · chrome,threejs,200,2108.0,3002.175,702.157602402135,459.77011557251575,287.4349851690003,339.1527638351523,1.4241816888102092,2.1749999970197678,1.2043641808436119,2.7649999856948853,2.969299997389315,3.9950000047683716,0.0,0.0,0.009999990463256836,0.02000001072883606,2.125,2.888949986696241,0.04499998688697815,0.227875,2.861421499999994,2067.0,21.6704,24.4078,23.037
apple-m4 · chrome|s5|021_threejs_i5,apple-m4 · chrome,threejs,283,2020.0,3000.605,673.1975718254228,449.94375775438664,282.36622870912026,335.9443860244613,1.4854480197966689,2.2224999964237213,1.244185221041506,2.8050000071525574,2.9130999934673305,4.060000002384186,0.0,0.0,0.014999985694885254,0.025000005960464478,2.1675000190734863,2.830000013113022,0.0350000262260437,0.196916,1.885601119999999,1990.0,22.2256,24.3808,22.7026
apple-m4 · chrome|s5|021_threejs_i5,apple-m4 · chrome,threejs,400,1857.0,3001.37,618.7174523624377,445.43429749487916,240.6899776605123,290.70226703030164,1.6162466343590567,2.2450000047683716,1.217586046293996,2.969999998807907,4.091999998092654,4.375,0.0,0.0,0.02000001072883606,0.032199999094009675,2.189999997615814,4.04259998559952,0.034999996423721313,0.222166,2.632199,1836.0,20.1618,29.779,24.7048
apple-m4 · chrome|s5|021_threejs_i5,apple-m4 · chrome,threejs,566,1720.0,3001.195,573.1050464911807,1265.8227981808209,228.15729416959658,271.6447139547455,1.74488081394933,0.7899999916553497,1.2552970489104898,3.3050000071525574,4.144050005972385,4.820000022649765,0.0,0.0,0.030000001192092896,0.04499998688697815,0.7074999958276749,4.088099999725818,0.034999996423721313,0.335708,2.87235968,1705.0,27.3048,45.1889,45.1889
apple-m4 · chrome|s5|021_threejs_i5,apple-m4 · chrome,threejs,800,1824.0,3002.365,607.521070887186,961.5384692535598,205.85544387878247,233.83698227398222,1.6460334429876846,1.0399999916553497,1.188412599679718,3.7249999940395355,4.638850016593933,5.104999989271164,0.0,0.0,0.04999998211860657,0.09000000357627869,0.9300000071525574,4.55269998639822,0.050000011920928955,0.457375,2.986496,1813.0,17.9813,42.8384,21.7718
apple-m4 · chrome|s5|021_threejs_i5,apple-m4 · chrome,threejs,1131,1617.0,3000.38,538.9317353143834,719.4244678355752,224.23095782668537,241.0110412084051,1.8555225726624809,1.3899999856948853,0.9482142003900969,3.9419999957084637,4.189199998378753,5.965000003576279,0.0,0.0,0.0899999737739563,0.15000000596046448,1.2050000131130219,4.014199986457824,0.06999999284744263,0.527083,3.1397475000000004,1608.0,25.4701,49.2537,42.041
apple-m4 · chrome|s5|021_threejs_i5,apple-m4 · chrome,threejs,1600,1188.0,3000.19,395.9749215886141,453.00113030116654,182.1644448412231,199.59066988853385,2.525412457910451,2.207500010728836,0.9983111885332231,4.718250000476837,5.185650001764297,6.610000014305115,0.0,0.0,0.1599999964237213,0.25999999433755877,1.9625000059604645,4.890849988758559,0.08499997854232788,0.6299785,3.2499873100000003,1182.0,31.9353,57.4879,57.4879
apple-m4 · chrome|s5|021_threejs_i5,apple-m4 · chrome,threejs,2263,811.0,3002.305,270.1257866865851,298.5074632176845,162.78359951680784,166.91355967434345,3.7019790382332336,3.3499999940395355,0.9767598859459773,5.854999989271164,6.071500015258788,6.219999998807907,0.0,0.0,0.375,0.4744999945163726,2.8850000202655792,5.584500008821487,0.09000000357627869,1.0170825,3.39311875,806.0,56.9498,61.4963,59.0334
apple-m4 · chrome|s5|021_threejs_i5,apple-m4 · chrome,threejs,3200,571.0,3004.295,190.06122900796768,189.9335227077988,178.7310098682867,182.70799351024547,5.261462346737105,5.265000015497208,0.0971718853651717,5.409999996423721,5.507999992370605,5.754999995231628,0.0,0.0,0.41499999165534973,0.49000000953674316,4.760000020265579,4.960999986529349,0.07500001788139343,1.2583125,3.61502248,570.0,59.9677,74.6539,51.1722
apple-m4 · chrome|s5|021_threejs_i5,apple-m4 · chrome,threejs,4525,374.0,3005.5,124.4385293628348,124.53300122684247,120.1682353690748,121.61751290129004,8.036096256684491,8.030000001192093,0.09027958600075069,8.1700000166893,8.260399998128413,8.375,0.0,0.0,0.8849999904632568,0.9649999818205833,7.060000002384186,7.235000014305115,0.07999998331069946,1.836624,4.19710824,373.0,93.4035,126.7322,109.5539
apple-m4 · chrome|s5|021_threejs_i5,apple-m4 · chrome,threejs,6400,254.0,3010.46,84.37248792519945,84.65608465608466,63.53240148628385,77.27726437178944,11.852204724442302,11.8125,0.41922154220645463,12.065250007808208,13.346850004494188,15.865000009536743,0.0,0.0,1.5249999910593033,1.6699999868869781,10.21000000834465,10.497599984705449,0.08000001311302185,2.37,4.732205,253.0,175.3812,185.6915,88.1268
apple-m4 · chrome|s5|021_threejs_i5,apple-m4 · chrome,threejs,9051,176.0,3008.5,58.50091407678245,58.351568188247924,57.07762553582326,57.6099089003751,17.09375,17.137500002980232,0.1552385260041037,17.306249998509884,17.363749995827675,17.520000010728836,1.0,0.0,2.280000001192093,2.439999997615814,14.742499992251396,14.941249996423721,0.08000001311302185,3.362333,3.67283408,175.0,147.2345,182.3618,182.3618
apple-m4 · chrome|s5|021_threejs_i5,apple-m4 · chrome,threejs,12800,125.0,3000.285,41.66270870938894,41.588687848031356,40.6338886887327,40.93327876028891,24.00227999997139,24.0450000166893,0.2238847842708509,24.29400001168251,24.516399991512298,24.609999984502792,1.0,0.0,2.844999998807907,2.9665999948978428,21.109999984502792,21.475400017499926,0.08499997854232788,5.0361245,5.13081798,124.0,150.4476,159.0524,143.0595
apple-m4 · chrome|s5|021_threejs_i5,apple-m4 · chrome,threejs,18102,87.0,3015.97,28.84644078025789,28.752156410745393,28.437366706591778,28.489013917716605,34.66632183906676,34.78000000119209,0.31500596190244207,35.04200001060963,35.15210000395775,35.16499999165535,1.0,1.0,4.384999990463257,4.561200009584427,30.28999999165535,30.52319999873638,0.09000000357627869,7.1267285,7.233662450000001,86.0,292.2355,314.1004,302.6412
apple-m4 · chrome|s5|021_threejs_i5,apple-m4 · chrome,threejs,25600,62.0,3018.1,20.54272555565098,20.46349823826804,20.277805942377494,20.289463003582828,48.67903225844906,48.867499992251396,0.4440017718804359,49.2634999871254,49.29060000270605,49.314999997615814,1.0,1.0,6.002500012516975,6.1500000059604645,42.70999999344349,43.128900007903574,0.08749999105930328,7.775166,10.1912246,61.0,225.0762,264.4441,260.1444
apple-m4 · chrome|s5|021_threejs_i5,apple-m4 · chrome,threejs,36204,61.0,4324.175,14.106737123227399,14.06271973306051,13.662135387534065,13.833809830314975,70.88811475429378,71.10999998450279,0.6254439535514837,71.43999999761581,72.53800000548362,73.19500002264977,1.0,1.0,7.965000003576279,8.220999991893768,62.96000000834465,64.33199998736382,0.125,14.4380825,14.67162628,60.0,566.3111,587.2043,587.2043
apple-m4 · chrome|s5|022_r3f-state_i5,apple-m4 · chrome,r3f-state,100,2327.0,3001.895,775.1770131915957,1176.470596485072,306.6462237264312,382.89514923973286,1.2900279329526974,0.8499999940395355,0.9236505864949262,2.3950000017881394,2.5537000083923327,5.310000002384186,0.0,0.0,0.02000001072883606,0.0350000262260437,0.20000001788139343,2.2036999922990788,0.29499998688697815,0.199916,0.9823414999999989,2247.0,14.8512,27.9039,16.0941
apple-m4 · chrome|s5|022_r3f-state_i5,apple-m4 · chrome,r3f-state,141,2148.0,3000.135,715.9677814521107,569.8005713487298,295.19257782721274,380.3971061024359,1.3967108938503088,1.7549999952316284,0.9165496543497117,2.383250002562999,2.5703000083565732,4.879999995231628,0.0,0.0,0.025000005960464478,0.0350000262260437,1.3474999964237213,2.107649986743928,0.3699999749660492,0.207374,1.6056441199999991,2089.0,36.3134,48.551,37.294
apple-m4 · chrome|s5|022_r3f-state_i5,apple-m4 · chrome,r3f-state,200,2108.0,3001.83,702.2383012998043,621.1180069036246,279.5527154153934,374.97991149032,1.4240180265716855,1.6100000143051147,0.7918295153229231,2.3199999928474426,3.099649994373321,4.660000026226044,0.0,0.0,0.034999996423721313,0.04500001668930054,1.0999999940395355,2.5889500045776344,0.47999998927116394,0.217916,2.4659699999999996,2067.0,32.3001,43.7452,43.7452
apple-m4 · chrome|s5|022_r3f-state_i5,apple-m4 · chrome,r3f-state,283,2011.0,3001.13,670.08093618177,790.5138429315346,334.8961818559588,409.5004095203998,1.492357036297977,1.2649999856948853,0.621644956032636,2.2274999916553497,2.48449998497963,3.6500000059604645,0.0,0.0,0.04999998211860657,0.06499999761581421,0.26499998569488525,1.6100000143051147,0.6550000011920929,0.194874,1.2929164,1981.0,62.3398,62.3398,35.0019
apple-m4 · chrome|s5|022_r3f-state_i5,apple-m4 · chrome,r3f-state,400,1910.0,3001.48,636.3527326541664,662.2516598117378,309.3958635835378,337.20228563969727,1.5714554973765817,1.5099999904632568,0.37585711660776716,2.7100000083446503,3.13500001758337,3.469999998807907,0.0,0.0,0.07500001788139343,0.10454999238252681,0.38500000536441803,2.0495500096678736,0.9650000035762787,0.22225,2.59067908,1889.0,40.8193,63.6731,57.0364
apple-m4 · chrome|s5|022_r3f-state_i5,apple-m4 · chrome,r3f-state,566,1511.0,3002.06,503.3210528766247,508.9058592094592,393.2878856513492,420.9344743644867,1.9868034414310947,1.9649999737739563,0.10439405948856906,2.1924999952316284,2.4500000149011614,2.8600000143051147,0.0,0.0,0.10500001907348633,0.14500001072883606,0.4950000047683716,0.6199999749660492,1.3600000143051147,0.41125,2.876011,1509.0,75.4616,77.1804,67.6787
apple-m4 · chrome|s5|022_r3f-state_i5,apple-m4 · chrome,r3f-state,800,985.0,3000.255,328.30542737252847,332.2259146738715,260.5674580826388,277.33755951181195,3.045944162431707,3.009999990463257,0.1656588590666913,3.48500000834465,3.600800018310547,4.439999997615814,0.0,0.0,0.14499998092651367,0.1899999976158142,0.7699999809265137,0.9258000111579894,2.0850000083446503,0.4611455,2.7637925,984.0,65.627,76.6946,59.1536
apple-m4 · chrome|s5|022_r3f-state_i5,apple-m4 · chrome,r3f-state,1131,622.0,3001.73,207.21384001966305,209.86358798482695,172.86084697659282,179.5592109937716,4.8259324758669955,4.765000015497208,0.23285115546239663,5.449999988079071,5.635799983441829,6.049999982118607,0.0,0.0,0.27000001072883606,0.40894999742507915,1.4449999928474426,1.6989499953389167,3.0499999821186066,0.359916,2.8294332,621.0,87.2744,102.9363,76.3038
apple-m4 · chrome|s5|022_r3f-state_i5,apple-m4 · chrome,r3f-state,1600,427.0,3005.63,142.06672145296574,143.67816136249985,126.14317234903878,127.50455369714699,7.038946135820215,6.959999978542328,0.2945627217431653,7.770000010728836,7.879999995231628,7.969999998807907,0.0,0.0,0.3199999928474426,1.0636999988555909,1.8349999785423279,1.9850000143051147,4.7950000166893005,0.6193120000000001,2.920083,426.0,88.3414,113.0583,106.1871
apple-m4 · chrome|s5|022_r3f-state_i5,apple-m4 · chrome,r3f-state,2263,278.0,3005.745,92.48954917984027,93.63295873879072,84.08660922012685,84.85085824492978,10.812032374117871,10.680000007152557,0.40099369732611506,11.69575001746416,11.84265001475811,11.899999976158142,0.0,0.0,0.6299999952316284,0.7384500110149387,3.2150000035762787,3.412300001084805,6.829999998211861,0.865125,3.316713,277.0,131.0632,153.5465,136.6235
apple-m4 · chrome|s5|022_r3f-state_i5,apple-m4 · chrome,r3f-state,3200,199.0,3006.04,66.20005056504651,67.4308832849479,60.20469591443497,60.75949363421217,15.105728643174148,14.830000013113022,0.6431492883318056,16.331999984383582,16.48200001835823,16.610000014305115,0.0,0.0,0.7800000011920929,1.0672000116109936,4.685000002384186,4.900100005865097,9.355000019073486,0.9744575,1.25340874,198.0,194.1101,210.6828,192.5932
apple-m4 · chrome|s5|022_r3f-state_i5,apple-m4 · chrome,r3f-state,4525,139.0,3009.935,46.18039924446538,47.02562899942191,42.79905845783641,43.01229435518669,21.654208633110677,21.264999985694885,1.0038960797861605,23.075499990582465,23.279300001859664,23.36499997973442,1.0,0.0,1.225000023841858,1.3780999970436096,6.819999992847443,7.010500008463859,13.214999973773956,1.4981665,1.7627869599999997,138.0,286.2957,290.4484,286.7782
apple-m4 · chrome|s5|022_r3f-state_i5,apple-m4 · chrome,r3f-state,6400,88.0,3001.04,29.323167968519144,28.587764445589293,27.689325757605815,27.842550373456053,34.10272727263245,34.979999989271164,1.5952618238483274,35.70999997854233,36.04539999812842,36.11500000953674,1.0,0.6477272727272727,1.5074999779462814,4.337299977540969,11.05749998986721,11.265850018560887,22.287499994039536,2.234,2.63370276,87.0,376.123,515.8554,515.8554
apple-m4 · chrome|s5|022_r3f-state_i5,apple-m4 · chrome,r3f-state,9051,62.0,3003.81,20.64045329097073,20.835503702700734,12.95672453883553,16.4631636691315,48.448548387135226,47.99499998986721,4.069950295398583,49.851999984681605,63.705100004971044,77.18000000715256,1.0,1.0,1.8199999928474426,6.339299994707107,14.740000009536743,15.645699988603592,31.44999998807907,2.89375,3.9280495999999996,61.0,838.4801,1052.4171,509.9952
apple-m4 · chrome|s5|022_r3f-state_i5,apple-m4 · chrome,r3f-state,12800,61.0,4195.945,14.53784546749397,14.993627709831964,10.303436198375874,11.759172155434221,68.78598360644013,66.69499999284744,5.016598431737977,73.68999999761581,89.34200000166891,97.05499997735023,1.0,1.0,2.0850000083446503,6.857999992370605,20.73999997973442,21.91100000143051,43.650000005960464,4.663125,5.70803931,60.0,968.456,1466.022,763.8186
apple-m4 · chrome|s5|023_r3f-ref-central_i5,apple-m4 · chrome,r3f-ref-central,100,2314.0,3000.715,771.1495426914059,485.43689264205256,266.80586959631034,344.6364085249154,1.2967653414017184,2.060000002384186,1.170008750842028,2.625,3.288699992895125,4.0250000059604645,0.0,0.0,0.004999995231628418,0.019999980926513672,1.9825000017881393,3.2143500041961666,0.06499999761581421,0.199208,2.2792480000000066,2234.0,12.357,16.7319,16.7319
apple-m4 · chrome|s5|023_r3f-ref-central_i5,apple-m4 · chrome,r3f-ref-central,141,2150.0,3002.375,716.0997543611307,542.0054160268893,225.67298914740144,325.7428152845326,1.396453488372093,1.8450000137090683,1.259272381409148,2.677749992907047,3.0590499898790946,5.305000007152557,0.0,0.0,0.005000025033950806,0.019999980926513672,1.782499998807907,2.9891499969362822,0.054999977350234985,0.2084785,2.4119675000000016,2092.0,14.8298,21.9755,19.7957
apple-m4 · chrome|s5|023_r3f-ref-central_i5,apple-m4 · chrome,r3f-ref-central,200,2141.0,3001.545,713.2993175212611,680.2720956035777,239.4117310023798,328.56353246204975,1.4019360112035903,1.4700000286102295,1.203619006899161,2.729999989271164,2.872999989986419,5.129999995231628,0.0,0.0,0.009999990463256836,0.02000001072883606,1.4149999916553497,2.795000004768369,0.04499998688697815,0.185749,2.1954401699999786,2100.0,15.5341,26.3183,14.6075
apple-m4 · chrome|s5|023_r3f-ref-central_i5,apple-m4 · chrome,r3f-ref-central,283,2025.0,3000.54,674.8785218612379,448.43049543100324,275.53902340875015,333.0200967436242,1.4817481481587444,2.229999989271164,1.2437058550016176,2.814999997615814,2.9375999999046325,4.0799999833106995,0.0,0.0,0.014999985694885254,0.025000005960464478,2.1800000071525574,2.8700000047683716,0.03999999165534973,0.1955,2.415921499999998,1995.0,25.1906,26.2472,25.95
apple-m4 · chrome|s5|023_r3f-ref-central_i5,apple-m4 · chrome,r3f-ref-central,400,1843.0,3000.665,614.1971862920803,448.43049543100324,238.18975795689124,288.1528463676935,1.6281416169243925,2.229999989271164,1.2301490885287087,3.030000001192093,4.127899997234344,4.504999995231628,0.0,0.0,0.02000001072883606,0.034999996423721313,2.1700000166893005,4.077899985313415,0.034999996423721313,0.22056199999999998,2.5831566799999996,1822.0,14.3353,33.9434,33.9434
apple-m4 · chrome|s5|023_r3f-ref-central_i5,apple-m4 · chrome,r3f-ref-central,566,1704.0,3001.96,567.6291489544376,1250.000027939678,232.8288708255926,277.718785227524,1.7617136150283712,0.7999999821186066,1.267051194408614,3.314999997615814,4.100000022947788,4.495000004768372,0.0,0.0,0.030000001192092896,0.04499998688697815,0.7249999940395355,4.039849992692471,0.034999996423721313,0.332499,2.6102279200000003,1689.0,21.9406,46.9645,46.9645
apple-m4 · chrome|s5|023_r3f-ref-central_i5,apple-m4 · chrome,r3f-ref-central,800,1884.0,3000.065,627.9863936286371,995.024865589674,214.98954913444538,251.37722635469382,1.5923911889583948,1.0050000101327896,1.1261001469154168,3.4434999942779534,4.435850001573563,4.794999986886978,0.0,0.0,0.03999999165534973,0.06999999284744263,0.9050000011920929,4.339249984622003,0.04999998211860657,0.45575,2.92515972,1873.0,33.6516,51.2568,31.6272
apple-m4 · chrome|s5|023_r3f-ref-central_i5,apple-m4 · chrome,r3f-ref-central,1131,1676.0,3000.71,558.5344801714725,724.6376836632911,213.4471719709352,233.36894801079447,1.7903997613414944,1.3799999952316284,1.012213926933164,4.015000015497208,4.356249988079071,5.655000001192093,0.0,0.0,0.06499999761581421,0.11000001430511475,1.2400000095367432,4.211249984800816,0.06499999761581421,0.524999,3.055846219999999,1667.0,42.1324,55.868,48.6861
apple-m4 · chrome|s5|023_r3f-ref-central_i5,apple-m4 · chrome,r3f-ref-central,1600,1189.0,3000.465,396.271911186627,465.1162842275518,189.01967534986164,200.9742139913393,2.523519764510998,2.149999976158142,0.9619086119061303,4.670000004768371,5.128000000715253,5.534999996423721,0.0,0.0,0.17500001192092896,0.2949999904632568,1.8800000250339508,4.8223999941349005,0.08500000834465027,0.6323325,3.19707327,1182.0,48.6292,64.9814,64.9814
apple-m4 · chrome|s5|023_r3f-ref-central_i5,apple-m4 · chrome,r3f-ref-central,2263,884.0,3001.365,294.5326543080202,294.5508090838918,258.94157596714024,268.98975992148587,3.3952092760288877,3.395000010728836,0.18305120100190544,3.6350000202655792,3.7458500039577483,4.034999996423721,0.0,0.0,0.28999999165534973,0.3400000035762787,3.0199999809265137,3.337550010979175,0.07999998331069946,0.8999165,3.3436168200000003,880.0,57.5594,75.5726,72.21
apple-m4 · chrome|s5|023_r3f-ref-central_i5,apple-m4 · chrome,r3f-ref-central,3200,557.0,3005.385,185.33399215134418,185.35681149422376,167.64459319383346,174.5087899728912,5.395664272873363,5.395000010728836,0.17625681443588667,5.6500000059604645,5.719400012493133,6.784999996423721,0.0,0.0,0.6150000095367432,0.7400000095367432,4.685000002384186,4.969999998807907,0.07999998331069946,1.2276875,3.5477868,556.0,87.3251,109.4877,107.711
apple-m4 · chrome|s5|023_r3f-ref-central_i5,apple-m4 · chrome,r3f-ref-central,4525,384.0,3000.39,127.98336216225778,128.04097307230813,121.31014966848025,124.33334429020239,7.813515625040357,7.810000002384186,0.09002543716044556,7.939250023663043,8.073399994671345,8.379999995231628,0.0,0.0,0.8250000178813934,0.9149999916553497,6.9000000059604645,7.064999997615814,0.08000001311302185,1.7855,4.13616168,383.0,122.2676,138.0543,134.6207
apple-m4 · chrome|s5|023_r3f-ref-central_i5,apple-m4 · chrome,r3f-ref-central,6400,258.0,3001.695,85.95143743805242,86.02150537634408,80.90614877367543,83.18890816276758,11.634476744158324,11.625,0.17932215976431884,11.900000005960464,12.027899999022484,12.675000011920929,0.0,0.0,1.0250000059604645,1.129300008714199,10.512499988079071,10.837149989306926,0.08000001311302185,2.386291,4.723359439999999,257.0,208.7729,234.6352,220.147
apple-m4 · chrome|s5|023_r3f-ref-central_i5,apple-m4 · chrome,r3f-ref-central,9051,160.0,3012.945,53.10418875896501,53.12790541718686,50.02501255696777,51.55635754769646,18.830906249955298,18.822500005364418,0.24984011930939934,19.160999996960165,19.465250015556812,19.98999997973442,1.0,0.0,2.0,2.132150012254715,16.734999999403954,17.250100006759165,0.07999998331069946,3.344291,3.64433164,159.0,219.6403,230.8737,229.4151
apple-m4 · chrome|s5|023_r3f-ref-central_i5,apple-m4 · chrome,r3f-ref-central,12800,135.0,3016.705,44.75081255854092,44.77277813415656,42.6348326344459,43.83561642881167,22.345962963060096,22.33500000834465,0.22842949944121899,22.631499993801118,22.7166000020504,23.455000013113022,1.0,0.0,1.6850000023841858,1.781599999666214,20.59000000357628,20.87960000514984,0.08000001311302185,5.073708,5.16894489,134.0,393.3689,425.6587,406.7148
apple-m4 · chrome|s5|023_r3f-ref-central_i5,apple-m4 · chrome,r3f-ref-central,18102,93.0,3016.46,30.830841449826195,30.945381404108915,29.704440821264612,30.172738925221353,32.43505376353059,32.314999997615814,0.28391909302368107,32.85399998426438,33.07160000920295,33.66499999165535,1.0,0.010752688172043012,2.7750000059604645,2.9062000024318695,29.445000022649765,30.127799990177152,0.08500000834465027,7.1426870000000005,7.24637044,92.0,396.7825,415.4667,415.4667
apple-m4 · chrome|s5|023_r3f-ref-central_i5,apple-m4 · chrome,r3f-ref-central,25600,62.0,3016.385,20.554405356145196,20.479213598947773,20.018016221280888,20.14978004092544,48.651370967588115,48.82999999821186,0.4559373031331935,49.184999997913835,49.656099977493284,49.9549999833107,1.0,1.0,5.247500002384186,5.381949993371964,43.457500010728836,44.32704999834299,0.09000000357627869,8.787625,10.2502744,61.0,748.7008,786.1025,755.5638
apple-m4 · chrome|s5|023_r3f-ref-central_i5,apple-m4 · chrome,r3f-ref-central,36204,61.0,4599.86,13.261273169142168,13.32533813278347,12.400793648410495,12.470382839579118,75.40754098384107,75.04499998688698,1.6675829879131656,79.35500001907349,80.49300001263619,80.64000001549721,1.0,1.0,9.949999988079071,10.712999999523163,64.60499998927116,66.7410000026226,0.13499999046325684,14.7967495,15.34701794,60.0,1257.4999,1286.9481,1286.9481
apple-m4 · chrome|s5|023_r3f-ref-central_i5,apple-m4 · chrome,r3f-ref-central,51200,61.0,6785.42,8.989863560415992,9.171787581299334,7.569736195308387,7.893594348656873,111.23639344240799,109.0300000011921,4.875993668484286,116.27500000596046,130.67699999213218,132.10499998927116,1.0,1.0,15.980000019073486,17.419999980926512,92.08500000834465,111.75500001311302,0.1599999964237213,17.9371875,20.79025875,60.0,1086.498,1144.919,587.0402
apple-m4 · chrome|s5|024_r3f-ref_i5,apple-m4 · chrome,r3f-ref,100,2320.0,3001.32,772.9932163199954,486.0267303438367,275.6471717266553,348.6048295088555,1.2936724137900204,2.0575000047683716,1.166017380868551,2.6299999952316284,2.843100000619888,6.0450000166893005,0.0,0.0,0.004999995231628418,0.02000001072883606,1.977500006556511,2.7293000140786154,0.06499999761581421,0.1996455,1.7543496200000024,2240.0,14.1031,17.3057,12.264
apple-m4 · chrome|s5|024_r3f-ref_i5,apple-m4 · chrome,r3f-ref,141,2159.0,3001.62,719.2782564070636,2816.901493583308,290.1153554295331,348.84100024041555,1.3902825382143438,0.35499998927116394,1.244833973804991,2.6800000071525574,2.8099999725818634,5.2750000059604645,0.0,0.0,0.009999990463256836,0.02000001072883606,0.27000001072883606,2.7349999845027924,0.054999977350234985,0.20875,2.0585,2101.0,17.1199,22.0153,22.0153
apple-m4 · chrome|s5|024_r3f-ref_i5,apple-m4 · chrome,r3f-ref,200,2102.0,3000.065,700.6514858850293,455.580867088186,287.00286984634096,340.48348629819714,1.4272431018066678,2.1949999928474426,1.2006839040940873,2.7549999952316284,2.9200000166893005,4.450000017881393,0.0,0.0,0.014999985694885254,0.030000001192092896,2.1299999952316284,2.844999998807907,0.04499998688697815,0.223791,2.8523662000000005,2061.0,14.2684,25.7706,25.7706
apple-m4 · chrome|s5|024_r3f-ref_i5,apple-m4 · chrome,r3f-ref,283,2013.0,3000.14,670.9686881244215,449.43820345117325,288.1014118750212,334.76725299649866,1.4903825136689008,2.2249999940395355,1.2536538854866677,2.814999997615814,2.954400013685226,4.059999972581863,0.0,0.0,0.019999980926513672,0.034999996423721313,2.1649999916553497,2.8850000166893004,0.03999999165534973,0.197,1.857502460000002,1982.0,21.7759,27.4987,27.4987
apple-m4 · chrome|s5|024_r3f-ref_i5,apple-m4 · chrome,r3f-ref,400,1856.0,3000.28,618.6089298329698,444.44444444444446,240.91547900017537,286.97537313849773,1.6165301724144354,2.25,1.2146254518505624,3.009999990463257,4.067250008881092,4.389999985694885,0.0,0.0,0.030000001192092896,0.04499998688697815,2.1825000047683716,4.005000008642673,0.034999996423721313,0.221249,2.5859893400000002,1835.0,30.7214,33.3866,33.3866
apple-m4 · chrome|s5|024_r3f-ref_i5,apple-m4 · chrome,r3f-ref,566,1699.0,3002.29,565.9013619619432,1282.051280091892,225.765486086122,253.4051313746288,1.7670924072934993,0.7800000011920929,1.286447807077126,3.3499999970197676,4.310100002288818,4.659999996423721,0.0,0.0,0.04500001668930054,0.07499998807907104,0.6899999976158142,4.229999989271164,0.03999999165534973,0.33535349999999997,2.83368775,1684.0,23.9397,47.1689,22.9184
apple-m4 · chrome|s5|024_r3f-ref_i5,apple-m4 · chrome,r3f-ref,800,1892.0,3001.975,630.2517509318888,975.6097504243052,208.82881853867192,250.36289311375256,1.58666754756556,1.0250000059604645,1.1156071100132257,3.5522499933838834,4.449999988079071,5.4200000166893005,0.0,0.0,0.08500000834465027,0.16545001834630926,0.8699999898672104,4.287249996960161,0.054999977350234985,0.456,2.9250081999999997,1881.0,34.5571,48.9089,35.417
apple-m4 · chrome|s5|024_r3f-ref_i5,apple-m4 · chrome,r3f-ref,1131,1625.0,3000.85,541.5132379169994,711.7437716381035,214.24745604743973,232.7218400538689,1.8466769230732551,1.405000001192093,1.0298141647074728,4.004999995231628,4.3937999892234805,5.4549999833106995,0.0,0.0,0.1499999761581421,0.24000000238418578,1.1850000023841858,4.168799988031387,0.06999999284744263,0.524291,3.0323557199999995,1617.0,42.7678,55.2126,48.4631
apple-m4 · chrome|s5|024_r3f-ref_i5,apple-m4 · chrome,r3f-ref,1600,1242.0,3001.135,413.84342923725416,473.3727817329045,200.18350166649023,209.74644357228024,2.416372785821629,2.1124999970197678,0.8804285201659959,4.534499995410443,4.8959000098705285,5.314999997615814,0.0,0.0,0.3199999928474426,0.40794999837875323,1.7100000083446503,4.480000006854534,0.08500000834465027,0.643437,3.1900659,1236.0,49.5287,67.4692,67.4692
apple-m4 · chrome|s5|024_r3f-ref_i5,apple-m4 · chrome,r3f-ref,2263,819.0,3000.415,272.9622402241949,304.878048669682,167.87325568775321,170.08249002403403,3.66351037850019,3.280000001192093,0.9262530884755454,5.795500013232231,5.924100012779236,6.0,0.0,0.0,0.6949999928474426,0.8140999984741207,2.4850000143051147,5.075000017881393,0.08500000834465027,1.032208,3.3344171200000003,815.0,55.8387,70.7919,69.9271
apple-m4 · chrome|s5|024_r3f-ref_i5,apple-m4 · chrome,r3f-ref,3200,539.0,3004.99,179.36831736487954,179.3721967340942,162.76041667298261,169.92353435391337,5.575120593709715,5.575000017881393,0.1557304834914322,5.794999986886978,5.8499999940395355,7.189999997615814,0.0,0.0,0.7549999952316284,0.8149999976158142,4.75,4.993100006580353,0.07500001788139343,1.2286245,3.5535375,538.0,93.0989,112.8319,112.8319
apple-m4 · chrome|s5|024_r3f-ref_i5,apple-m4 · chrome,r3f-ref,4525,380.0,3007.38,126.35583132181584,124.84394475280463,112.5914805326337,119.48558306465688,7.914157894724294,8.01000002026558,0.28531601062674905,8.23575001358986,8.326050016880036,9.860000014305115,0.0,0.0,1.050000011920929,1.1399999856948853,6.905000001192093,7.10999999076128,0.07499998807907104,1.782625,4.151163759999999,379.0,123.5009,145.1013,145.1013
apple-m4 · chrome|s5|024_r3f-ref_i5,apple-m4 · chrome,r3f-ref,6400,245.0,3007.87,81.45298832715895,81.4995924307746,76.10350075758286,78.81773395929127,12.277020408182729,12.270000010728836,0.19492300805936888,12.553999984264374,12.662800023555755,13.560000002384186,0.0,0.0,1.8350000083446503,1.9606000077724457,10.340000003576279,10.642799996137619,0.08000001311302185,2.3684995,4.14582125,244.0,226.5144,249.7329,236.9465
apple-m4 · chrome|s5|024_r3f-ref_i5,apple-m4 · chrome,r3f-ref,9051,180.0,3014.705,59.70733454822845,59.755004536960605,55.71030635118786,58.17523672475609,16.74836111118396,16.734999984502792,0.1919364941699704,17.035499995946886,17.147350014746188,17.950000017881393,0.7,0.0,1.8149999976158142,1.895000010728836,14.834999993443489,15.172349990904332,0.08000001311302185,3.381749,3.56872478,179.0,365.3768,394.2235,376.7701
apple-m4 · chrome|s5|024_r3f-ref_i5,apple-m4 · chrome,r3f-ref,12800,119.0,3005.84,39.58959891445928,39.46329912623789,38.2628659026173,38.89688435451273,25.25915966364516,25.34000000357628,0.23316750380658047,25.555000007152557,25.643199988007545,26.134999990463257,1.0,0.0,3.5,3.6013999927043914,21.729999989271164,21.97319999575615,0.08499997854232788,5.073957999999999,5.19836872,118.0,331.1037,350.1671,342.9512
apple-m4 · chrome|s5|024_r3f-ref_i5,apple-m4 · chrome,r3f-ref,18102,91.0,3010.315,30.22939459826366,30.3905181572336,28.372818859704463,29.23121894743218,33.08038461535842,32.90500000119209,0.38321898946505367,33.54500000178814,34.17849999964236,35.24499997496605,1.0,0.27472527472527475,3.2649999856948853,3.378500008583068,29.55000001192093,30.617500016093246,0.0899999737739563,7.13377,7.246009109999999,90.0,605.8035,626.4811,626.4811
apple-m4 · chrome|s5|024_r3f-ref_i5,apple-m4 · chrome,r3f-ref,25600,61.0,3182.645,19.166448032939385,19.24372174549575,18.781106205473655,18.87148518248778,52.17450819689719,51.964999973773956,0.4594069577448605,52.84499999880791,53.01700000762939,53.24500000476837,1.0,1.0,6.449999988079071,6.576999998092651,45.40500000119209,46.366000002622606,0.12000000476837158,7.994208,10.26609875,60.0,582.2978,623.8748,623.8748
apple-m4 · chrome|s5|024_r3f-ref_i5,apple-m4 · chrome,r3f-ref,36204,61.0,4726.835,12.905041110995478,12.941633237308684,11.830819283401157,12.049160572781297,77.48909836079254,77.26999998092651,1.772353781493633,81.91499999165535,83.14800001382828,84.52500000596046,1.0,1.0,11.8299999833107,12.11700000166893,64.96000000834465,66.42800000309944,0.12999999523162842,14.596458,15.21818025,60.0,1127.3843,1164.3019,1164.3019
apple-m4 · chrome|s5|024_r3f-ref_i5,apple-m4 · chrome,r3f-ref,51200,61.0,7004.965,8.70810917684369,8.926977324622602,5.938242281125764,6.9251278265845855,114.83549180333732,112.02000001072884,8.308318404715193,118.85500001907349,147.21099999547,168.39999997615814,1.0,1.0,19.299999982118607,23.510999995470037,91.90000000596046,121.3640000224113,0.16999998688697815,17.459666,20.57515875,60.0,1175.995,1231.5562,634.029
apple-m4 · chrome|s5|025_r3f-state_i6,apple-m4 · chrome,r3f-state,100,2305.0,3000.095,768.3090035485262,613.4969343100499,260.50515367200296,363.412283240714,1.3015596529278992,1.6299999952316284,0.9435764694442305,2.405000001192093,2.843199998140337,5.16499999165535,0.0,0.0,0.02000001072883606,0.034999996423721313,1.3149999976158142,2.437399997711184,0.28999999165534973,0.19995800000000002,2.37052657,2224.0,12.863,28.1763,18.1145
apple-m4 · chrome|s5|025_r3f-state_i6,apple-m4 · chrome,r3f-state,141,2160.0,3000.4,719.9040128040141,732.6007354798363,336.484537753619,395.1918329658749,1.389074074063036,1.364999994635582,0.9052682378903739,2.375,2.502049998044967,4.844999998807907,0.0,0.0,0.025000005960464478,0.034999996423721313,0.9625000059604645,2.087049988806247,0.36500000953674316,0.210208,1.588125,2101.0,20.036,50.0668,25.1516
apple-m4 · chrome|s5|025_r3f-state_i6,apple-m4 · chrome,r3f-state,200,2099.0,3000.38,699.5780534476752,598.8023892253934,279.48574633402706,368.0308578446286,1.4294330633612347,1.6700000166893005,0.8002204694642073,2.340500003099441,3.295099987387657,4.83500000834465,0.0,0.0,0.034999996423721313,0.04500001668930054,1.1349999904632568,2.780200001597404,0.4750000238418579,0.2190415,2.5619256900000007,2058.0,50.538,57.7332,56.82
apple-m4 · chrome|s5|025_r3f-state_i6,apple-m4 · chrome,r3f-state,283,2016.0,3000.72,671.8387586981794,793.6507996578126,338.26638443700216,412.83930241332587,1.4884523809517896,1.2599999904632568,0.6110429484964487,2.2150000035762787,2.4942499801516527,3.530000001192093,0.0,0.0,0.04999998211860657,0.06499999761581421,0.3700000047683716,1.602000017464159,0.6550000011920929,0.195458,1.5882248400000065,1985.0,45.9365,60.6796,44.9218
apple-m4 · chrome|s5|025_r3f-state_i6,apple-m4 · chrome,r3f-state,400,1965.0,3000.225,654.950878678894,687.2852171736179,297.22330809359386,372.8504029438903,1.5268320610808355,1.4550000131130219,0.3282033535777529,2.038999992609024,3.141799983978271,5.259999990463257,0.0,0.0,0.07499998807907104,0.0949999988079071,0.375,2.017199994325636,0.9600000083446503,0.221124,2.5833877499999995,1944.0,43.2231,63.3724,43.8929
apple-m4 · chrome|s5|025_r3f-state_i6,apple-m4 · chrome,r3f-state,566,1548.0,3000.5,515.9140143309448,522.1932056370493,412.7682990154753,433.16831656443145,1.9383074935400517,1.9150000214576721,0.0981717679827592,2.1014999926090225,2.3853000059723852,2.5049999952316284,0.0,0.0,0.09000000357627869,0.11764999121427522,0.4950000047683716,0.6149999797344208,1.3300000131130219,0.41025,2.87939714,1547.0,56.894,78.3173,60.3945
apple-m4 · chrome|s5|025_r3f-state_i6,apple-m4 · chrome,r3f-state,800,943.0,3000.535,314.2772872174875,318.97926428570986,233.19082801470694,264.0820339581615,3.1819034994659847,3.1350000202655792,0.18771451474735515,3.5900000005960466,3.785799995660782,4.5799999833106995,0.0,0.0,0.14500001072883606,0.19999998807907104,0.9200000166893005,1.2228999960422517,2.060000002384186,0.45977,2.76722822,942.0,72.6222,77.6698,57.0312
apple-m4 · chrome|s5|025_r3f-state_i6,apple-m4 · chrome,r3f-state,1131,639.0,3002.91,212.79359021774246,215.517240659501,177.67249047642386,184.62271458616192,4.699389671355906,4.640000015497208,0.2257678017083703,5.27600000500679,5.46049999654293,5.859999984502792,0.0,0.0,0.2549999952316284,0.40100000083446524,1.3799999952316284,1.739800005555153,3.0049999952316284,0.36025,2.83060175,638.0,99.6208,102.1752,102.1752
apple-m4 · chrome|s5|025_r3f-state_i6,apple-m4 · chrome,r3f-state,1600,431.0,3003.335,143.507134568339,145.2432820706697,124.92192387203924,127.73334146561527,6.968294663592447,6.885000020265579,0.30168970440734927,7.722499996423721,7.870999994874,8.090000003576279,0.0,0.0,0.33000001311302185,1.0804999828338622,1.854999989271164,2.0185000121593473,4.685000002384186,0.6163955,2.9855074299999984,430.0,94.7491,112.5786,112.5786
apple-m4 · chrome|s5|025_r3f-state_i6,apple-m4 · chrome,r3f-state,2263,275.0,3001.53,91.6199404969768,92.72137230705586,82.59343380981305,83.49121739110268,10.91465454545888,10.784999996423721,0.42974271730388647,11.843000000715255,12.067599995136261,12.125,0.0,0.0,0.6349999904632568,0.7626000100374221,3.384999990463257,3.6112999832630157,6.770000010728836,0.799666,3.32838609,274.0,148.0885,154.3918,154.3918
apple-m4 · chrome|s5|025_r3f-state_i6,apple-m4 · chrome,r3f-state,3200,200.0,3003.205,66.59552045268686,67.96941373626989,60.679611635122875,61.28953176051581,15.016024999916553,14.712500005960464,0.663223493633467,16.160749995708464,16.375399999916553,16.5450000166893,0.0,0.0,0.7750000059604645,1.9152499920129773,4.6500000059604645,4.835500008165836,9.299999997019768,0.975374,1.2252998400000001,199.0,199.391,211.946,199.1612
apple-m4 · chrome|s5|025_r3f-state_i6,apple-m4 · chrome,r3f-state,4525,137.0,3020.395,45.3583057843472,46.38218923420298,42.23864834198421,42.41781549501456,22.046678832195102,21.560000002384186,0.9753274839342878,23.42699999809265,23.629399993419646,23.67500001192093,1.0,0.0,1.25,1.414200000762939,7.004999995231628,7.175000011920929,13.474999994039536,1.4891245,1.7887809,136.0,270.5593,292.3384,272.2366
apple-m4 · chrome|s5|025_r3f-state_i6,apple-m4 · chrome,r3f-state,6400,90.0,3030.655,29.696550745619213,28.862111268900634,28.204766595124813,28.266553596404226,33.67394444445769,34.64749999344349,1.655588169888651,35.31274999976158,35.39269999295473,35.45500001311302,1.0,0.6444444444444445,1.540000006556511,4.245200007557869,10.875,11.072199994027615,22.032499998807907,2.231249,2.6462691200000004,89.0,390.3331,529.5458,529.5458
apple-m4 · chrome|s5|025_r3f-state_i6,apple-m4 · chrome,r3f-state,9051,62.0,3027.185,20.481074001077296,20.67824648495296,14.338973327548795,16.39792292815951,48.82556451616749,48.35999999940395,3.551465769026568,52.73975000679492,63.6704999986291,69.74000000953674,1.0,1.0,1.9399999976158142,3.93275000959635,14.702500000596046,17.67899998933077,31.837500005960464,3.249,4.1409082,61.0,847.3811,1092.0559,501.1204
apple-m4 · chrome|s5|025_r3f-state_i6,apple-m4 · chrome,r3f-state,12800,61.0,4129.285,14.77253325929612,15.261350635083692,10.702627494776936,11.885895403839756,67.69319672174142,65.52499997615814,4.88740123754758,72.57000002264977,87.78299999237059,93.43500000238419,1.0,1.0,2.0149999856948853,6.887999999523163,20.555000007152557,25.573000001907346,42.929999977350235,4.663978999999999,5.77210594,60.0,955.1821,1491.9738,719.6039
apple-m4 · chrome|s5|026_r3f-ref-central_i6,apple-m4 · chrome,r3f-ref-central,100,2313.0,3000.045,770.9884351691834,480.7692277382993,268.15903011666654,343.5861430080057,1.2970363164793295,2.080000013113022,1.1684051300266172,2.6299999952316284,3.3340000021457725,4.555000007152557,0.0,0.0,0.004999995231628418,0.020000007152557373,2.009999990463257,3.26400000929833,0.06999999284744263,0.201,2.3396814399999974,2233.0,12.7687,16.5734,16.0635
apple-m4 · chrome|s5|026_r3f-ref-central_i6,apple-m4 · chrome,r3f-ref-central,141,2166.0,3000.055,721.9867635742797,744.8789565080336,263.1578947958099,341.64241423569905,1.3850669436782792,1.342500001192093,1.239955740226947,2.675000011920929,2.9335000038146966,3.9449999928474426,0.0,0.0,0.005000025033950806,0.019999980926513672,1.2674999982118607,2.844999998807907,0.054999977350234985,0.206791,2.1525909800000007,2107.0,18.5186,21.9327,18.4661
apple-m4 · chrome|s5|026_r3f-ref-central_i6,apple-m4 · chrome,r3f-ref-central,200,2134.0,3000.795,711.1448799432568,665.5574053822379,252.43418653723376,330.6403817309019,1.4061832239863576,1.5024999976158142,1.2046568081720856,2.7450000047683716,3.421950015127665,5.260000020265579,0.0,0.0,0.009999990463256836,0.02000001072883606,1.4400000125169754,3.3669999781251025,0.04499998688697815,0.218416,2.5258629999999997,2093.0,14.5348,26.2347,26.2347
apple-m4 · chrome|s5|026_r3f-ref-central_i6,apple-m4 · chrome,r3f-ref-central,283,2039.0,3002.095,679.1923639994103,451.4672739684878,293.3411558616032,337.84913853069986,1.4723369298669975,2.2149999737739563,1.2327484591067996,2.8150000274181366,2.9250000005960466,4.064999997615814,0.0,0.0,0.014999985694885254,0.025000005960464478,2.155000001192093,2.8600000029802324,0.03999999165534973,0.195833,1.9659650000000097,2009.0,20.9276,25.8908,25.8908
apple-m4 · chrome|s5|026_r3f-ref-central_i6,apple-m4 · chrome,r3f-ref-central,400,1876.0,3000.35,625.2603862895085,464.5760767764318,244.69820534028608,297.1815681842153,1.599333688696183,2.1524999886751175,1.2042864371467474,2.9300000071525574,3.9462500140070915,4.175000011920929,0.0,0.0,0.019999980926513672,0.030000001192092896,2.0975000113248825,3.8962500020861626,0.034999996423721313,0.22025,2.57076927,1854.0,16.7462,36.6074,36.6074
apple-m4 · chrome|s5|026_r3f-ref-central_i6,apple-m4 · chrome,r3f-ref-central,566,1690.0,3002.75,562.8174173674132,1190.4762065261943,227.06308104668938,253.5466344839534,1.7767751479289942,0.8399999886751175,1.28511109373086,3.3499999940395355,4.310000002384186,4.629999995231628,0.0,0.0,0.025000005960464478,0.040550017654895285,0.762499988079071,4.250549999475479,0.034999996423721313,0.328249,2.84112234,1674.0,28.1076,51.1966,23.483
apple-m4 · chrome|s5|026_r3f-ref-central_i6,apple-m4 · chrome,r3f-ref-central,800,1811.0,3002.595,603.1449462883669,956.9378110510493,208.53849259187086,235.90160277389708,1.6579762562113793,1.0449999868869781,1.1853459897195893,3.675000011920929,4.614000010490418,5.139999985694885,0.0,0.0,0.04000002145767212,0.07949998676776932,0.9399999976158142,4.528999999165536,0.04999998211860657,0.456416,2.92475291,1800.0,33.4507,47.9007,40.7722
apple-m4 · chrome|s5|026_r3f-ref-central_i6,apple-m4 · chrome,r3f-ref-central,1131,1688.0,3001.025,562.4744878821894,722.0216656214694,225.2410782585038,240.81187995481523,1.7778584123258059,1.3849999904632568,1.0118986639135787,3.928249998390674,4.314999997615814,4.740000009536743,0.0,0.0,0.06999999284744263,0.11500000953674316,1.2450000047683716,4.141950013637541,0.06499999761581421,0.524937,3.0491524300000004,1680.0,42.6595,54.1819,51.4144
apple-m4 · chrome|s5|026_r3f-ref-central_i6,apple-m4 · chrome,r3f-ref-central,1600,1237.0,3001.75,412.0929457816274,479.61630503490153,194.72616632860039,207.49710867545446,2.4266370250606304,2.0850000083446503,0.8986392574309591,4.505999994277954,4.994599994421007,5.379999995231628,0.0,0.0,0.13499999046325684,0.2199999988079071,1.8699999749660492,4.77139997959137,0.08499997854232788,0.629249,3.19162907,1230.0,48.3539,66.0689,66.0689
apple-m4 · chrome|s5|026_r3f-ref-central_i6,apple-m4 · chrome,r3f-ref-central,2263,873.0,3002.035,290.80273880918776,296.7359046246448,179.75508359734906,203.3481510858052,3.4387571592169803,3.3700000047683716,0.41524445108329056,3.7920000076293943,5.407799998521805,5.939999997615814,0.0,0.0,0.38999998569488525,0.4964000034332274,2.9149999916553497,4.861400012969971,0.08499997854232788,0.937749,3.33090156,869.0,57.9136,74.6478,72.4056
apple-m4 · chrome|s5|026_r3f-ref-central_i6,apple-m4 · chrome,r3f-ref-central,3200,604.0,3003.135,201.12315963215707,201.2072435090257,186.71230750834377,192.2645559967806,4.972077814553747,4.969999998807907,0.1016172489299143,5.125,5.21969999909401,5.634999990463257,0.0,0.0,0.375,0.4449999928474426,4.510000005364418,4.7296999895572664,0.07500001788139343,1.2665615,3.55476308,602.0,92.8946,108.6911,108.6911
apple-m4 · chrome|s5|026_r3f-ref-central_i6,apple-m4 · chrome,r3f-ref-central,4525,375.0,3003.1,124.87096666802447,124.84394475280463,120.43356083623861,121.60929639133786,8.008266666650773,8.01000002026558,0.10057087494242245,8.168000009655952,8.235000014305115,8.330000013113022,0.0,0.0,0.7450000047683716,0.8162999963760376,7.189999997615814,7.375,0.08000001311302185,1.790916,4.12543782,374.0,76.4708,101.7713,84.5529
apple-m4 · chrome|s5|026_r3f-ref-central_i6,apple-m4 · chrome,r3f-ref-central,6400,245.0,3002.445,81.60016253439568,81.63265306122449,74.3080066284794,78.36478802998668,12.254877550991214,12.25,0.22627957161574214,12.54400001168251,12.727800015211105,14.064999997615814,0.0,0.0,1.6850000023841858,1.8328000104427338,10.474999994039536,10.873600004911422,0.08000001311302185,2.3488745,4.11383125,244.0,181.3907,196.7349,196.7349
apple-m4 · chrome|s5|026_r3f-ref-central_i6,apple-m4 · chrome,r3f-ref-central,9051,180.0,3014.685,59.70773065837978,59.80861244445559,53.092646644914275,57.75709931454207,16.748250000013247,16.719999998807907,0.23122848681643599,17.020500010252,17.20680000036955,18.83500000834465,0.5666666666666667,0.0,1.7699999958276749,1.906050000190735,14.889999985694885,15.27840000897646,0.08499997854232788,3.425208,3.70961478,179.0,214.402,230.7522,230.7522
apple-m4 · chrome|s5|026_r3f-ref-central_i6,apple-m4 · chrome,r3f-ref-central,12800,117.0,3010.18,38.86810755532239,38.85758692225132,36.97541132863399,37.71307889203098,25.7280341878406,25.735000014305115,0.29652801139620477,26.14800000190735,26.586000019311907,27.0450000166893,1.0,0.0,2.7350000143051147,2.8441999995708467,22.944999992847443,23.732799998521806,0.08500000834465027,5.06077,5.2038911,116.0,296.3601,310.9697,310.9697
apple-m4 · chrome|s5|026_r3f-ref-central_i6,apple-m4 · chrome,r3f-ref-central,18102,92.0,3002.765,30.638428248776805,30.583377943012948,29.23976609206331,29.94684434619833,32.63874999984451,32.69749999046326,0.32317503314908547,33.00850000530481,33.29455001085997,34.19999998807907,1.0,0.010869565217391304,2.645000010728836,2.7258999958634376,29.967500001192093,30.503149998784068,0.0899999737739563,7.123375,7.2540157,91.0,540.7619,569.4764,555.0651
apple-m4 · chrome|s5|026_r3f-ref-central_i6,apple-m4 · chrome,r3f-ref-central,25600,69.0,3034.265,22.740268236401665,22.771262670841814,21.694326934067938,22.086431566740632,43.974855072256446,43.91499999165535,0.48426564299254327,44.57299999594689,45.28919999718665,46.09499999880791,1.0,1.0,3.8350000083446503,3.9642000138759608,39.95000001788139,41.26199999094008,0.09000000357627869,8.185873999999998,10.246224889999999,68.0,576.1599,601.0691,566.1851
apple-m4 · chrome|s5|026_r3f-ref-central_i6,apple-m4 · chrome,r3f-ref-central,36204,61.0,4684.025,13.022987708204456,13.069332813003442,12.132977434592332,12.232665295138462,76.78729508206493,76.51499998569489,1.7294480263032252,80.74000000953674,82.02099999189377,82.41999998688698,1.0,1.0,10.915000021457672,11.658999997377395,65.13000002503395,67.13500000238419,0.12999999523162842,14.821666,15.23075306,60.0,1053.9787,1079.3227,1079.3227
apple-m4 · chrome|s5|026_r3f-ref-central_i6,apple-m4 · chrome,r3f-ref-central,51200,61.0,6815.22,8.950554787667995,9.081002544745127,8.200082001621588,8.362835558332149,111.72491803276735,110.11999997496605,3.384430589049051,117.16499999165535,120.50400000810623,121.94999998807907,1.0,1.0,15.180000007152557,15.892999994754792,94.06000000238419,97.81600000858306,0.1599999964237213,17.400019999999998,20.58291931,60.0,1058.8528,1115.6596,1079.601
apple-m4 · chrome|s5|027_r3f-ref_i6,apple-m4 · chrome,r3f-ref,100,2306.0,3000.4,768.5641914396144,487.21071637203244,249.7692350041751,334.5746538181367,1.3011274934978145,2.052500009536743,1.1753326424544743,2.6299999952316284,3.3995000064372998,5.694999992847443,0.0,0.0,0.005000025033950806,0.025000005960464478,1.9825000017881393,3.3244999885559063,0.06999999284744263,0.19964500000000002,2.39727025,2226.0,12.7149,16.8387,15.7973
apple-m4 · chrome|s5|027_r3f-ref_i6,apple-m4 · chrome,r3f-ref,141,2162.0,3001.275,720.3605134470205,840.336125614734,255.61438771284756,335.68520195073484,1.3881938020379097,1.1900000125169754,1.2423183534466138,2.675000011920929,3.651950004100799,4.809999972581863,0.0,0.0,0.009999990463256836,0.019999980926513672,1.1174999922513962,3.5828000104427313,0.05500000715255737,0.20804099999999998,2.3168087399999977,2104.0,18.3689,22.1015,18.957
apple-m4 · chrome|s5|027_r3f-ref_i6,apple-m4 · chrome,r3f-ref,200,2122.0,3002.51,706.7420258406266,468.38407376458645,270.09646291897747,335.4005823085241,1.4149434495713775,2.135000005364418,1.2009815141533158,2.740000009536743,3.1429499939084016,4.004999995231628,0.0,0.0,0.010000020265579224,0.025000005960464478,2.0799999833106995,2.972649990022181,0.04499998688697815,0.22325,2.5280993999999994,2081.0,15.5816,26.761,14.48
apple-m4 · chrome|s5|027_r3f-ref_i6,apple-m4 · chrome,r3f-ref,283,2035.0,3000.175,678.2937661942767,452.4886921761783,275.97626604566017,335.2474524393507,1.4742874692933272,2.209999978542328,1.2276077564932888,2.7999999821186066,2.8700000047683716,4.070000022649765,0.0,0.0,0.02000001072883606,0.034999996423721313,2.1399999856948853,2.7999999821186066,0.03999999165534973,0.1955,2.050543000000003,2004.0,25.7827,27.373,25.9508
apple-m4 · chrome|s5|027_r3f-ref_i6,apple-m4 · chrome,r3f-ref,400,1869.0,3000.195,622.9595076334891,452.4886860742716,244.94794881126822,301.00496828390095,1.6052407704616627,2.2100000083446503,1.2009705751044824,2.9099999964237213,3.954800013303756,4.180000007152557,0.0,0.0,0.030000001192092896,0.04000002145767212,2.1449999809265137,3.8932000124454493,0.034999996423721313,0.220499,2.57114697,1848.0,18.7715,38.6177,38.6177
apple-m4 · chrome|s5|027_r3f-ref_i6,apple-m4 · chrome,r3f-ref,566,1714.0,3000.13,571.3085766292542,1261.8296226277728,231.32398962843817,270.71788000052356,1.750367561257428,0.7925000190734863,1.2533610081540811,3.2750000059604645,4.264349986314773,4.449999988079071,0.0,0.0,0.04499998688697815,0.06499999761581421,0.7000000029802322,4.180000007152557,0.03999999165534973,0.325979,2.78912902,1698.0,29.274,48.4338,17.6846
apple-m4 · chrome|s5|027_r3f-ref_i6,apple-m4 · chrome,r3f-ref,800,1819.0,3000.205,606.291903383952,961.5384692535598,215.64634008247074,249.4145685211044,1.649370533267242,1.0399999916553497,1.0870647097908466,3.5105000197887417,4.456400006413459,4.854999989271164,0.0,0.0,0.09000000357627869,0.1850000023841858,0.8799999952316284,4.276400004625319,0.054999977350234985,0.457291,2.92587813,1808.0,19.7465,49.2434,26.6505
apple-m4 · chrome|s5|027_r3f-ref_i6,apple-m4 · chrome,r3f-ref,1131,1596.0,3000.755,531.8661470205119,668.8963189367583,236.9668248230562,267.56079377719954,1.8801723057614232,1.4950000047683716,0.7778751615148332,3.5125000178813934,3.7649999856948853,6.610000014305115,0.0,0.0,0.20999997854232788,0.28999999165534973,1.199999988079071,3.4605000078678128,0.07499998807907104,0.527916,3.00706804,1588.0,33.7731,56.8803,28.0492
apple-m4 · chrome|s5|027_r3f-ref_i6,apple-m4 · chrome,r3f-ref,1600,1217.0,3001.76,405.42881509643223,483.0917891088607,194.99512495944995,210.78887732148635,2.466524239926428,2.0699999928474426,0.9014184716028107,4.441000020503998,4.911799989938734,5.370000004768372,0.0,0.0,0.33500000834465027,0.4099999964237213,1.6349999904632568,4.4791999948024745,0.08500000834465027,0.633624,3.09806119,1210.0,49.8422,65.9647,65.9647
apple-m4 · chrome|s5|027_r3f-ref_i6,apple-m4 · chrome,r3f-ref,2263,805.0,3001.77,268.17511002012645,268.81720438721914,241.14544097398692,249.27554299403303,3.728906832274443,3.719999998807907,0.16499882470744895,3.9500000178813934,4.059800001382828,4.310000002384186,0.0,0.0,0.5250000059604645,0.624800000190735,3.104999989271164,3.3593999850749974,0.07500001788139343,0.9411665,3.3320310099999997,804.0,72.543,90.5051,84.1209
apple-m4 · chrome|s5|027_r3f-ref_i6,apple-m4 · chrome,r3f-ref,3200,513.0,3002.065,170.8823759646801,171.08639866620203,157.0351761557294,163.76260975675464,5.851978557500225,5.844999998807907,0.10819557566056964,6.014999997615814,6.093200023174286,7.090000003576279,0.0,0.0,0.9050000011920929,0.9799999892711639,4.865000009536743,5.0250000059604645,0.07500001788139343,1.2277495,3.54554701,512.0,128.8188,151.4583,151.4583
apple-m4 · chrome|s5|027_r3f-ref_i6,apple-m4 · chrome,r3f-ref,4525,316.0,3006.84,105.09371965240058,105.26315789473684,98.53834786351786,101.48163186392547,9.51531645570752,9.5,0.15522864176772005,9.740000009536743,9.853999985754491,10.605000019073486,0.0,0.0,1.4650000035762787,1.5850000083446503,7.9625000059604645,8.172749988734722,0.07500001788139343,1.790875,4.13441236,315.0,128.9004,142.3064,141.9854
apple-m4 · chrome|s5|027_r3f-ref_i6,apple-m4 · chrome,r3f-ref,6400,269.0,3007.22,89.45138699533344,89.4854585175168,84.08660922012685,86.70423848473868,11.179256505571777,11.175000011920929,0.16324200593079868,11.40799999833107,11.512799997329711,12.139999985694885,0.0,0.0,1.1850000023841858,1.3013999903202056,9.894999980926514,10.16820000886917,0.08000001311302185,2.3549785,4.89903183,268.0,225.9306,252.5782,237.7372
apple-m4 · chrome|s5|027_r3f-ref_i6,apple-m4 · chrome,r3f-ref,9051,174.0,3015.165,57.70828462139934,57.628583706291586,54.362598500503,56.4592963788689,17.328534482710662,17.352500021457672,0.17925103171512363,17.581750011444093,17.635399990081787,18.395000010728836,1.0,0.0,2.365000009536743,2.466750009953976,14.872500002384186,15.132700000703334,0.08499997854232788,3.343499,3.63726928,173.0,239.0116,253.9578,252.5613
apple-m4 · chrome|s5|027_r3f-ref_i6,apple-m4 · chrome,r3f-ref,12800,131.0,3009.83,43.524052853293796,43.3933607843695,40.09623095812337,42.32505642735792,22.975801526817655,23.0450000166893,0.2813236683761303,23.280000001192093,23.431500008702276,24.939999997615814,1.0,0.0,2.5699999928474426,2.6284999966621396,20.384999990463257,20.754499998688697,0.08499997854232788,5.0072915,5.1502536800000005,130.0,442.3296,461.5206,461.5206
apple-m4 · chrome|s5|027_r3f-ref_i6,apple-m4 · chrome,r3f-ref,18102,83.0,3016.71,27.513416934266274,27.419797094397776,26.205450736208544,26.858255555011716,36.34590361455837,36.46999999880791,0.385357092150023,36.81449999809265,37.20060000717639,38.15999999642372,1.0,1.0,4.534999996423721,4.648999987840652,31.82499998807907,32.50009999513625,0.09000000357627869,7.134437,7.25329654,82.0,421.382,444.3536,433.9289
apple-m4 · chrome|s5|027_r3f-ref_i6,apple-m4 · chrome,r3f-ref,25600,65.0,3027.6,21.469150482272415,21.40640051211484,20.599443820581335,21.01870665049749,46.57846153836984,46.71500000357628,0.4362803737671263,47.0030000090599,47.661799989938736,48.54499998688698,1.0,1.0,4.889999985694885,4.9883999919891355,41.71000000834465,42.56759998440742,0.09000000357627869,8.240187500000001,10.178745710000001,64.0,804.5004,825.2705,817.4496
apple-m4 · chrome|s5|027_r3f-ref_i6,apple-m4 · chrome,r3f-ref,36204,61.0,4840.07,12.603123508562923,12.643024211581917,11.936022916994165,11.94933482024819,79.34540983594832,79.0949999988079,1.6697934732635764,83.61000001430511,83.70799999833108,83.7800000011921,1.0,1.0,11.180000007152557,11.428999996185302,67.34999999403954,68.96899999976158,0.1300000250339508,13.802833,15.24662397,60.0,827.9645,854.1193,854.1193
apple-m4 · chrome|s5|028_threejs_i6,apple-m4 · chrome,threejs,100,2318.0,3001.155,772.3693044841334,488.99755458464756,273.0456460627299,349.05603126177175,1.2947174288184609,2.0450000017881393,1.1638206675667313,2.625,2.8864000037312447,5.050000011920929,0.0,0.0,0.004999995231628418,0.019999980926513672,1.9749999940395355,2.7648999807238557,0.06499999761581421,0.199312,1.9710639200000009,2238.0,8.9287,11.8498,11.6863
apple-m4 · chrome|s5|028_threejs_i6,apple-m4 · chrome,threejs,141,2157.0,3001.755,718.5796309170556,467.2897162422029,267.5670511832919,342.4438330954139,1.3916342141841593,2.1400000154972076,1.242731233801366,2.675000011920929,2.8803999948501606,5.214999973773956,0.0,0.0,0.004999995231628418,0.019999980926513672,2.080000013113022,2.798799996376039,0.054999977350234985,0.209499,2.1604313199999963,2099.0,15.9108,19.2175,14.1048
apple-m4 · chrome|s5|028_threejs_i6,apple-m4 · chrome,threejs,200,2103.0,3001.56,700.6356694513285,458.7155948252341,281.0116420632909,338.8627119814082,1.4272753209711766,2.1800000071525574,1.2009503427094608,2.7549999952316284,2.949800017476082,4.0799999833106995,0.0,0.0,0.009999990463256836,0.025000005960464478,2.125,2.8700000041723253,0.04499998688697815,0.18691600000000003,2.85781425999999,2062.0,21.4313,24.1565,22.7756
apple-m4 · chrome|s5|028_threejs_i6,apple-m4 · chrome,threejs,283,2022.0,3000.01,673.9977533429648,451.4672678940981,278.5127420642849,332.63074695283336,1.4836844708162529,2.2150000035762787,1.2413117149829442,2.814999997615814,2.9629000055789945,4.0799999833106995,0.0,0.0,0.014999985694885254,0.025000005960464478,2.165000021457672,2.8789500197768207,0.03999999165534973,0.195625,1.936806249999997,1992.0,29.277,32.6157,30.5166
apple-m4 · chrome|s5|028_threejs_i6,apple-m4 · chrome,threejs,400,1844.0,3001.52,614.3553932652152,424.628449353848,239.5847196441111,289.5585803487899,1.627722342739007,2.355000004172325,1.2500048472710537,3.049249982833862,4.127849997282028,4.390000015497208,0.0,0.0,0.019999980926513672,0.030000001192092896,2.3050000071525574,4.072849990129471,0.034999996423721313,0.220708,2.63536228,1823.0,20.4886,28.8469,28.8469
apple-m4 · chrome|s5|028_threejs_i6,apple-m4 · chrome,threejs,566,1691.0,3000.205,563.6281520738113,1242.2360138072493,225.00351572896815,259.0234200208979,1.7742193968143778,0.8050000071525574,1.271746928113023,3.3350000083446503,4.330500012636184,4.700000017881393,0.0,0.0,0.030000001192092896,0.04500001668930054,0.7250000238418579,4.265500012040138,0.034999996423721313,0.335124,2.8858474999999997,1675.0,15.2496,32.2823,29.9523
apple-m4 · chrome|s5|028_threejs_i6,apple-m4 · chrome,threejs,800,1864.0,3000.25,621.2815598700108,917.4311896504682,213.32069196850304,250.87671972751735,1.6095761802575108,1.0900000035762787,1.0730707423808872,3.523499977588653,4.337399987280366,5.205000013113022,0.0,0.0,0.050000011920928955,0.1018500110507006,0.9675000011920929,4.190900007784359,0.054999977350234985,0.458583,2.98505448,1853.0,18.9589,43.8842,23.4808
apple-m4 · chrome|s5|028_threejs_i6,apple-m4 · chrome,threejs,1131,1614.0,3000.05,537.9910334859819,720.7207191726737,222.60869546756854,236.37169439384147,1.8587670384027997,1.3875000029802322,0.967157266894063,4.044999986886978,4.305450002849098,4.619999974966049,0.0,0.0,0.07500001788139343,0.125,1.229999989271164,4.1323999929428075,0.06999999284744263,0.528458,3.15313468,1605.0,28.233,48.7759,45.1378
apple-m4 · chrome|s5|028_threejs_i6,apple-m4 · chrome,threejs,1600,1186.0,3001.875,395.0864043306267,451.4672678940981,184.02342123609301,197.68474316387267,2.531091905564924,2.2150000035762787,1.003588544693048,4.777500003576279,5.228749994933607,5.8299999833106995,0.0,0.0,0.1599999964237213,0.2600000202655792,1.9749999940395355,4.969999998807907,0.08000001311302185,0.6301034999999999,3.24967861,1180.0,33.1673,53.0175,50.0734
apple-m4 · chrome|s5|028_threejs_i6,apple-m4 · chrome,threejs,2263,809.0,3001.755,269.50900389981365,290.6976746200806,177.04990593289543,179.75508371772023,3.7104511742833517,3.439999997615814,0.7170444451242175,5.476000010967254,5.604599989652633,5.719999998807907,0.0,0.0,0.27000001072883606,0.33500000834465027,3.0850000083446503,5.239600007534027,0.08499997854232788,1.0154990000000002,3.3897462199999997,804.0,50.168,65.5347,65.5347
apple-m4 · chrome|s5|028_threejs_i6,apple-m4 · chrome,threejs,3200,572.0,3004.72,190.36715567514673,190.29495627710094,178.03097752608616,182.64244503959964,5.253006993004909,5.255000025033951,0.10310357186955335,5.405000001192093,5.5,5.860000014305115,0.0,0.0,0.5099999904632568,0.6099999845027924,4.659999996423721,4.854999997913837,0.07499998807907104,1.226499,3.621690899999999,571.0,90.4346,110.1029,87.2696
apple-m4 · chrome|s5|028_threejs_i6,apple-m4 · chrome,threejs,4525,408.0,3006.765,135.69401000807883,135.96193085774485,108.54816826721839,127.15366525932991,7.369522058788468,7.354999989271164,0.2339708066932883,7.479999989271164,7.688699992597104,10.699999988079071,0.0,0.0,0.6349999904632568,0.6996499904990197,6.634999990463257,6.8386000028252605,0.07999998331069946,1.770875,4.16857048,407.0,125.8533,146.7719,75.2263
apple-m4 · chrome|s5|028_threejs_i6,apple-m4 · chrome,threejs,6400,267.0,3006.515,88.80714049277111,88.8494000689248,83.94543540394287,86.23834951088713,11.260355805301488,11.25500002503395,0.15685515110897377,11.49199998676777,11.566699995994568,12.155000001192093,0.0,0.0,1.270000010728836,1.354999989271164,9.905000001192093,10.14670000910759,0.07999998331069946,2.5379994999999997,4.9966103,266.0,134.516,150.7278,150.7278
apple-m4 · chrome|s5|028_threejs_i6,apple-m4 · chrome,threejs,9051,177.0,3004.77,58.90633892148935,58.71990604403995,57.43825388888083,57.84108163969268,16.976101694807493,17.030000001192093,0.16583997851254828,17.181000006198882,17.388599994182588,17.40999999642372,0.9830508474576272,0.0,2.125,2.251199998855591,14.78999999165535,15.060399993658066,0.08000001311302185,3.3970615,3.678999,176.0,131.9168,155.7502,142.3498
apple-m4 · chrome|s5|028_threejs_i6,apple-m4 · chrome,threejs,12800,130.0,3008.335,43.213272457900935,43.290043301213366,41.8848167539267,42.26691557680536,23.14103846160265,23.099999994039536,0.24454886157684266,23.515500001609325,23.67470001608133,23.875,1.0,0.0,3.005000025033951,3.178549978733063,19.95499999821186,20.510499981343745,0.08000001311302185,5.061916,5.16141424,129.0,256.2662,273.5398,267.3576
apple-m4 · chrome|s5|028_threejs_i6,apple-m4 · chrome,threejs,18102,85.0,3016.61,28.177324877792262,28.050490902349953,27.40476842254447,27.725791915869788,35.489529411933,35.64999997615814,0.33810802710729043,35.87999999523163,36.061600017547605,36.49000000953674,1.0,1.0,4.369999974966049,4.514000016450882,31.16499999165535,31.49440000653267,0.09000000357627869,7.1629995,7.25917497,84.0,244.7063,262.4802,255.8005
apple-m4 · chrome|s5|028_threejs_i6,apple-m4 · chrome,threejs,25600,65.0,3009.035,21.601609818455834,21.675517507461013,21.27885945097424,21.287919099604746,46.29284615379113,46.13499999046326,0.3571107687226618,46.793999993801116,46.985400013923645,46.99500000476837,1.0,1.0,5.469999998807907,5.620399996042251,40.56500002741814,41.31099999785423,0.09000000357627869,9.2839995,10.24521508,64.0,470.0392,494.7781,476.1387
apple-m4 · chrome|s5|028_threejs_i6,apple-m4 · chrome,threejs,36204,61.0,4330.01,14.08772728000963,14.0597539543058,13.668671405807586,13.83955344495995,70.9837704921355,71.125,0.6074191684104844,71.73499998450279,72.37999998927116,73.15999999642372,1.0,1.0,7.880000025033951,8.104000002145767,63.125,64.28199998736382,0.13999998569488525,14.129166,14.828095939999999,60.0,469.9131,489.3198,489.3023
apple-m4 · chrome|s5|029_r3f-state_i7,apple-m4 · chrome,r3f-state,100,2309.0,3000.44,769.553798776791,595.2380927038841,284.9002849381475,372.89234741313913,1.29945430922374,1.6800000071525574,0.9383244873821358,2.405000001192093,2.625,4.96000000834465,0.0,0.0,0.019999980926513672,0.03500002384185791,1.354999989271164,2.312599997520449,0.28999999165534973,0.199375,1.766670999999949,2229.0,13.611,28.0238,19.9596
apple-m4 · chrome|s5|029_r3f-state_i7,apple-m4 · chrome,r3f-state,141,2156.0,3000.2,718.6187587451337,634.9206277122123,307.6697671323817,385.5786376496374,1.3915584415667352,1.5750000178813934,0.9102041067825924,2.3799999952316284,2.541749989986417,4.950000017881393,0.0,0.0,0.029999971389770508,0.03999999165534973,1.1624999940395355,2.094999998807907,0.3699999749660492,0.2085825,1.6094555000000115,2098.0,22.6821,50.5818,25.3148
apple-m4 · chrome|s5|029_r3f-state_i7,apple-m4 · chrome,r3f-state,200,2112.0,3001.625,703.6188731103986,635.9300455253452,271.65125161571484,371.93815210709533,1.4212239583333333,1.572500005364418,0.7971076207272529,2.3250000178813934,2.8250000178813934,4.889999985694885,0.0,0.0,0.034999996423721313,0.04999998211860657,1.0549999922513962,2.2944499874114985,0.47999998927116394,0.188708,2.5264661000000004,2071.0,51.4425,56.6955,32.1719
apple-m4 · chrome|s5|029_r3f-state_i7,apple-m4 · chrome,r3f-state,283,2004.0,3001.33,667.7039845639248,785.8546117424896,302.1148038157887,392.57252756139434,1.497669660685186,1.2725000083446503,0.6316465724547051,2.244250005483627,2.7795500016212467,4.91499999165535,0.0,0.0,0.04500001668930054,0.06000000238418579,0.3425000011920929,1.6542500010132797,0.6550000011920929,0.195791,2.133635979999998,1974.0,47.2781,62.958,22.0526
apple-m4 · chrome|s5|029_r3f-state_i7,apple-m4 · chrome,r3f-state,400,1946.0,3000.51,648.5564120722332,677.9661044345714,302.25898844562823,352.3237022495706,1.541885919845974,1.4749999940395355,0.3510275611760657,2.1337499916553497,3.1432499989867204,3.615000009536743,0.0,0.0,0.07999998331069946,0.11499997973442078,0.4025000035762787,2.025499992072582,0.9399999976158142,0.222124,2.57990976,1925.0,49.4897,64.0867,35.1098
apple-m4 · chrome|s5|029_r3f-state_i7,apple-m4 · chrome,r3f-state,566,1525.0,3001.925,508.0073619407361,514.1388114935099,408.77503688673926,429.40279109500483,1.9684754098438826,1.945000022649765,0.09628322567583905,2.163999992609024,2.405000001192093,2.4950000047683716,0.0,0.0,0.10000002384185791,0.13000001788139343,0.48500001430511475,0.5937999999523162,1.3599999845027924,0.411666,2.87972375,1522.0,57.3936,79.3011,63.4695
apple-m4 · chrome|s5|029_r3f-state_i7,apple-m4 · chrome,r3f-state,800,994.0,3001.47,331.1710595143029,336.1344544549639,268.01667672641486,279.77617922242877,3.019587525149706,2.9749999940395355,0.16905021876221443,3.4650000035762787,3.615349981486797,4.2750000059604645,0.0,0.0,0.16499999165534973,0.2053500127792355,0.824999988079071,1.0253500056266782,1.975000023841858,0.460874,2.76128366,992.0,67.6566,67.6566,57.6128
apple-m4 · chrome|s5|029_r3f-state_i7,apple-m4 · chrome,r3f-state,1131,576.0,3000.945,191.93953904565825,194.17475705682102,163.71971205780653,169.20473771315372,5.209973958320916,5.1500000059604645,0.21608784327814687,5.750000007450581,5.972499996423721,6.25,0.0,0.0,0.2849999964237213,0.5074999928474426,1.6349999904632568,1.7612500116229057,3.2300000190734863,0.360499,2.83112758,575.0,76.9987,99.0521,86.694
apple-m4 · chrome|s5|029_r3f-state_i7,apple-m4 · chrome,r3f-state,1600,425.0,3001.885,141.5777086735002,143.3691757497558,124.30080792762372,126.13370164886699,7.063258823506972,6.9749999940395355,0.3066640416428168,7.846999996900558,7.955200005769729,8.120000004768372,0.0,0.0,0.35499998927116394,1.0800000059604644,2.0750000178813934,2.248800001144409,4.544999986886978,0.617958,2.9198165,424.0,121.8377,131.7585,107.7284
apple-m4 · chrome|s5|029_r3f-state_i7,apple-m4 · chrome,r3f-state,2263,291.0,3008.725,96.71870975266151,97.99118066781377,87.68084172691594,88.2862999145254,10.339261168364397,10.205000013113022,0.40806699910777655,11.21000000834465,11.37650000154972,11.41499999165535,0.0,0.0,0.4699999988079071,0.5719999939203266,3.175000011920929,3.3305000096559527,6.544999986886978,0.8619995,3.32519025,290.0,163.6635,174.8277,160.124
apple-m4 · chrome|s5|029_r3f-state_i7,apple-m4 · chrome,r3f-state,3200,214.0,3010.05,71.09516453257298,72.50317191351182,64.19515326347211,64.94982624513406,14.065654205523918,13.792500019073486,0.6369718498104676,15.236000004410743,15.406099996268749,15.615000009536743,0.0,0.0,0.8175000101327896,1.940699985325337,3.7000000029802322,3.839350004196167,9.30749998986721,0.978791,1.49905804,213.0,158.3986,174.8288,164.4864
apple-m4 · chrome|s5|029_r3f-state_i7,apple-m4 · chrome,r3f-state,4525,129.0,3001.21,42.98266365887137,44.15985866752997,39.76143144922411,40.033361142239116,23.2651937985143,22.645000010728836,1.09219414550504,24.81100000143051,24.997999993562697,25.149999976158142,1.0,0.0,1.5550000071525574,1.7357999837398528,7.205000013113022,7.3972000002861025,14.120000004768372,1.5011245,1.81950607,128.0,241.1021,254.282,234.1792
apple-m4 · chrome|s5|029_r3f-state_i7,apple-m4 · chrome,r3f-state,6400,95.0,3021.23,31.44414692009554,30.506406371958366,29.498525068559736,29.774089099225826,31.80242105283235,32.77999997138977,1.6906273025201868,33.40150000452995,33.5522000014782,33.900000005960464,1.0,0.1368421052631579,1.3849999904632568,4.004099980592728,9.894999980926514,10.145899981856346,21.30000001192093,2.2171245,2.6461363099999993,94.0,418.4363,564.301,560.143
apple-m4 · chrome|s5|029_r3f-state_i7,apple-m4 · chrome,r3f-state,9051,61.0,3037.735,20.0807509541526,20.048115479061686,19.091256206396224,19.193243980900945,49.798934426464015,49.87999999523163,1.5777402374617127,51.52499997615814,52.131000000238416,52.37999999523163,1.0,1.0,1.6949999928474426,6.255000013113021,18.410000026226044,18.67500001192093,29.87000000476837,3.0355204999999996,4.09736431,60.0,590.1842,938.2599,938.2599
apple-m4 · chrome|s5|029_r3f-state_i7,apple-m4 · chrome,r3f-state,12800,61.0,4129.085,14.773248794799992,15.040986685490516,13.647219383491983,13.686755784664122,67.68991803292369,66.48500001430511,2.6691909654938857,72.71500000357628,73.19699999690056,73.27499997615814,1.0,1.0,1.9350000023841858,6.640000003576278,20.900000005960464,21.29200000166893,43.34000000357628,4.666374,5.8144075299999995,60.0,685.9515,1440.8843,1440.8843
apple-m4 · chrome|s5|029_r3f-state_i7,apple-m4 · chrome,r3f-state,18102,61.0,5964.835,10.226603082938496,10.348217520553508,6.926167059378214,7.936717903015536,97.78418032751709,96.63499999046326,7.857655352167619,100.87999999523163,136.41199999451635,144.37999999523163,1.0,1.0,2.75,7.566999995708465,30.12000000476837,34.849999994039536,63.770000010728836,6.753686500000001,8.31205272,60.0,1952.3348,2084.44,1733.3294
apple-m4 · chrome|s5|030_r3f-ref-central_i7,apple-m4 · chrome,r3f-ref-central,100,2307.0,3002.335,768.401927164553,485.43689264205256,258.4269662055986,337.6097232829054,1.3014022540131533,2.060000002384186,1.1745600268898897,2.6200000047683716,3.5484999835491196,4.639999985694885,0.0,0.0,0.004999995231628418,0.020000008940696715,1.9950000047683716,3.4690999996662146,0.0650000274181366,0.197458,2.4854161599999802,2227.0,12.7894,17.2661,15.7286
apple-m4 · chrome|s5|030_r3f-ref-central_i7,apple-m4 · chrome,r3f-ref-central,141,2167.0,3000.145,722.2984222403419,1526.717554473299,275.6267224600146,346.7484304670536,1.384469312418426,0.6550000011920929,1.2370744449140925,2.675000011920929,2.793399998545648,4.590000003576279,0.0,0.0,0.004999995231628418,0.019999980926513672,0.5949999988079071,2.7367000025510797,0.054999977350234985,0.21447850000000002,2.109298309999999,2108.0,18.5675,22.2078,18.7222
apple-m4 · chrome|s5|030_r3f-ref-central_i7,apple-m4 · chrome,r3f-ref-central,200,2115.0,3001.25,704.7063723448563,460.829489543354,269.07553359685494,333.937601429621,1.41903073286052,2.1700000166893005,1.201019270179007,2.744999974966049,3.3850999861955686,3.9800000190734863,0.0,0.0,0.009999990463256836,0.02000001072883606,2.1100000143051147,3.3165999877452927,0.04499998688697815,0.2187495,2.7510121599999997,2074.0,14.8509,26.4212,26.4212
apple-m4 · chrome|s5|030_r3f-ref-central_i7,apple-m4 · chrome,r3f-ref-central,283,1973.0,3000.03,657.6600900655047,437.6367621729151,246.5131364027939,294.91867172676626,1.520542321338668,2.2849999964237213,1.274923469112833,2.855000001192093,4.016399992704391,4.16499999165535,0.0,0.0,0.014999985694885254,0.025000005960464478,2.2349999845027924,3.9563999819755553,0.03999999165534973,0.196874,2.54946708,1943.0,23.9933,26.5697,24.1267
apple-m4 · chrome|s5|030_r3f-ref-central_i7,apple-m4 · chrome,r3f-ref-central,400,1830.0,3000.095,609.9806839452508,453.00113030116654,240.6577982151223,266.58073591538545,1.6393961748627366,2.207500010728836,1.2441655102201834,3.0777499854564665,4.130000016391278,4.2249999940395355,0.0,0.0,0.02000001072883606,0.034999996423721313,2.1525000035762787,4.075000017881393,0.034999996423721313,0.2225,2.58250436,1809.0,16.3367,35.7428,35.7428
apple-m4 · chrome|s5|030_r3f-ref-central_i7,apple-m4 · chrome,r3f-ref-central,566,1727.0,3000.925,575.4892241593144,1273.8853561219987,229.0487741030102,276.64741934232273,1.7376519976734908,0.7849999964237213,1.2550204283272488,3.259999990463257,4.169400001764298,4.5799999833106995,0.0,0.0,0.030000001192092896,0.04499998688697815,0.7050000131130219,4.111800019145012,0.034999996423721313,0.33447899999999997,2.6232627399999995,1712.0,25.3019,48.9557,22.7794
apple-m4 · chrome|s5|030_r3f-ref-central_i7,apple-m4 · chrome,r3f-ref-central,800,1822.0,3001.435,607.0429644481899,941.1764705882352,211.42890720172065,247.1583578491219,1.6473298573009791,1.0625,1.1438403993763615,3.569249993562696,4.590799996554851,5.0799999833106995,0.0,0.0,0.04499998688697815,0.0789500141143797,0.9549999982118607,4.4939500057697295,0.04999998211860657,0.456375,2.9240496,1811.0,33.0338,47.4737,33.3799
apple-m4 · chrome|s5|030_r3f-ref-central_i7,apple-m4 · chrome,r3f-ref-central,1131,1658.0,3001.53,552.3849503417729,713.0124759002272,221.43796260268726,237.48497607906884,1.8103317249705622,1.4025000035762787,1.023115624613914,4.010749994218349,4.294299987554551,5.740000009536743,0.0,0.0,0.06999999284744263,0.12000000476837158,1.2599999904632568,4.140000015497208,0.06999999284744263,0.5256455,3.08620408,1650.0,42.0142,57.8363,57.8363
apple-m4 · chrome|s5|030_r3f-ref-central_i7,apple-m4 · chrome,r3f-ref-central,1600,1215.0,3001.1,404.85155443084636,475.05937811827147,188.35347666658697,204.54429235615646,2.4700411522584687,2.1050000190734863,0.891438893346885,4.4915000081062315,5.087199976444243,5.560000002384186,0.0,0.0,0.16499999165534973,0.2750000059604645,1.854999989271164,4.802900004982947,0.08500000834465027,0.629,3.21513492,1209.0,48.4475,65.6088,65.6088
apple-m4 · chrome|s5|030_r3f-ref-central_i7,apple-m4 · chrome,r3f-ref-central,2263,890.0,3002.27,296.44235861425506,296.2962962962963,265.2959713313419,270.8108940929728,3.37333707866374,3.375,0.19585306727891189,3.6500000059604645,3.7255500200390816,3.814999997615814,0.0,0.0,0.3700000047683716,0.4399999976158142,2.9300000071525574,3.239999983012676,0.07999998331069946,0.929375,3.32598,887.0,50.6567,72.1591,67.9047
apple-m4 · chrome|s5|030_r3f-ref-central_i7,apple-m4 · chrome,r3f-ref-central,3200,608.0,3003.775,202.41196494371033,202.42914989526898,185.29956783217833,191.8649271103439,4.94041940790454,4.939999997615814,0.13982672248811467,5.145000000298023,5.189999997615814,6.3299999833106995,0.0,0.0,0.3974999934434891,0.48929998248815487,4.454999998211861,4.6896499979496,0.07999998331069946,1.250291,3.54699244,607.0,86.693,112.3833,109.7422
apple-m4 · chrome|s5|030_r3f-ref-central_i7,apple-m4 · chrome,r3f-ref-central,4525,389.0,3002.65,129.55222886424585,129.53367877647878,122.85012306601783,126.03648427035608,7.718894601557739,7.719999998807907,0.09174952777446393,7.852999991178512,7.941799995899201,8.259999990463257,0.0,0.0,0.9099999964237213,1.0105999934673309,6.725000023841858,6.8867999923229215,0.07999998331069946,1.7879995,4.13660896,388.0,127.4932,143.5114,140.8483
apple-m4 · chrome|s5|030_r3f-ref-central_i7,apple-m4 · chrome,r3f-ref-central,6400,264.0,3006.98,87.7957286050928,87.83487051714172,82.06811662102952,84.93678744192478,11.390075757535119,11.384999990463257,0.1776188990156625,11.654250001907348,11.774049999117851,12.530000001192093,0.0,0.0,1.0400000214576721,1.1468499901890754,10.240000009536743,10.557400004863739,0.08000001311302185,2.380666,4.87293542,263.0,215.605,240.0906,228.5736
apple-m4 · chrome|s5|030_r3f-ref-central_i7,apple-m4 · chrome,r3f-ref-central,9051,163.0,3002.51,54.28791244675879,54.37737905263049,50.81300811161367,52.80005279465232,18.42030674840775,18.389999985694885,0.2084900844606836,18.735000014305115,18.95329999744892,19.680000007152557,1.0,0.0,1.9249999821186066,2.0138000053167344,16.390000015497208,16.75659998655319,0.08000001311302185,3.3698740000000003,3.6325041199999997,162.0,217.4982,229.9665,228.0008
apple-m4 · chrome|s5|030_r3f-ref-central_i7,apple-m4 · chrome,r3f-ref-central,12800,132.0,3007.05,43.89684242013824,43.79242389466028,41.79728320783255,43.04160688481673,22.78068181827213,22.83500000834465,0.2111634184041401,22.982249987125396,23.224549998641013,23.924999982118607,1.0,0.0,2.1299999952316284,2.191899995803833,20.61999998986721,20.843799999952317,0.08000001311302185,5.047125,5.1368285,131.0,393.4196,424.0997,407.3113
apple-m4 · chrome|s5|030_r3f-ref-central_i7,apple-m4 · chrome,r3f-ref-central,18102,89.0,3002.43,29.642656115142728,29.568302785673833,28.39295854724154,29.02546984929104,33.73516853940621,33.81999999284744,0.31871051366135544,34.08999999165535,34.36200000405312,35.21999999880791,1.0,0.8539325842696629,2.8050000071525574,2.8899999856948853,30.929999977350235,31.547399998903277,0.08500000834465027,7.1482285,7.22856429,88.0,398.5031,417.0957,417.0957
apple-m4 · chrome|s5|030_r3f-ref-central_i7,apple-m4 · chrome,r3f-ref-central,25600,66.0,3030.38,21.7794468020855,21.709633649932158,21.0194429768606,21.3128729722086,45.914848484776236,46.0625,0.48115084085910803,46.46375001221895,46.9965000078082,47.57500001788139,1.0,1.0,3.5974999964237213,3.7387500211596487,42.37000000476837,43.275499992072575,0.09000000357627869,8.716041,10.50042,65.0,756.7636,775.4665,770.8616
apple-m4 · chrome|s5|030_r3f-ref-central_i7,apple-m4 · chrome,r3f-ref-central,36204,61.0,4407.505,13.840029676668772,13.935340018361096,12.827090814429996,12.923792702630532,72.25418032779068,71.76000002026558,1.6805882354880481,76.81000000238419,77.52499999403953,77.96000000834465,1.0,1.0,10.034999996423721,10.362000006437302,61.49000000953674,62.775000005960464,0.14500001072883606,14.467625,14.92381397,60.0,791.6873,851.4079,767.1446
apple-m4 · chrome|s5|031_r3f-ref_i7,apple-m4 · chrome,r3f-ref,100,2302.0,3000.06,767.317986972984,496.8944128812139,251.87537661516137,333.0196193832432,1.303240660296431,2.012499988079071,1.1771761396081621,2.625,3.5394999915361294,5.144999980926514,0.0,0.0,0.005000025033950806,0.025000005960464478,1.9324999898672104,3.4694999986886867,0.06999999284744263,0.19925,2.5006666000000046,2221.0,12.346,17.1155,15.245
apple-m4 · chrome|s5|031_r3f-ref_i7,apple-m4 · chrome,r3f-ref,141,2160.0,3001.4,719.6641567325775,731.2614301032944,274.95908336242985,346.8765056798408,1.3895370370259992,1.3674999922513962,1.238764275935002,2.6700000166893005,2.789099992513655,4.009999990463257,0.0,0.0,0.009999990463256836,0.02000001072883606,1.3099999874830246,2.7070499989390364,0.05500000715255737,0.20812399999999998,2.1517688299999986,2102.0,19.1872,22.1483,18.8237
apple-m4 · chrome|s5|031_r3f-ref_i7,apple-m4 · chrome,r3f-ref,200,2119.0,3002.5,705.7452123230642,462.9629637294836,264.26728767138314,333.5715989441951,1.4169419537517698,2.1599999964237213,1.1988399795675526,2.7300000190734863,3.394599992632912,4.064999997615814,0.0,0.0,0.014999985694885254,0.025000005960464478,2.0999999940395355,3.2823999994993733,0.04499998688697815,0.22202,2.5755026600000033,2078.0,15.6053,26.7579,14.5412
apple-m4 · chrome|s5|031_r3f-ref_i7,apple-m4 · chrome,r3f-ref,283,1956.0,3002.285,651.5037712885064,441.50110073199374,246.40124473853643,277.305278674796,1.5349105317107494,2.2650000154972076,1.2814435312012633,2.8712500035762787,4.020000010728836,4.130000025033951,0.0,0.0,0.02000001072883606,0.03725001066923164,2.205000013113022,3.9549999967217446,0.03999999165534973,0.1968745,2.57262475,1926.0,25.75,27.2966,25.4601
apple-m4 · chrome|s5|031_r3f-ref_i7,apple-m4 · chrome,r3f-ref,400,1827.0,3000.26,608.9472245758059,446.4285695279131,240.54523592161607,264.139442392658,1.6421784345870079,2.240000009536743,1.2384682489806624,3.083500000834464,4.135000012516976,4.225000023841858,0.0,0.0,0.025000005960464478,0.04000002145767212,2.1800000071525574,4.074999988079071,0.034999996423721313,0.222104,2.57822255,1806.0,19.1281,38.5503,38.5503
apple-m4 · chrome|s5|031_r3f-ref_i7,apple-m4 · chrome,r3f-ref,566,1705.0,3002.205,567.915915133228,1273.8853561219987,224.52618352789048,261.0404764342435,1.7608240469285121,0.7849999964237213,1.281567733658158,3.3499999940395355,4.320000021457672,4.715000003576279,0.0,0.0,0.04499998688697815,0.06000000238418579,0.6949999928474426,4.229999989271164,0.034999996423721313,0.3446455,2.670512009999996,1690.0,28.6601,48.6396,27.0314
apple-m4 · chrome|s5|031_r3f-ref_i7,apple-m4 · chrome,r3f-ref,800,1926.0,3000.09,641.9807405770174,1000.0,221.23893814215631,256.9043031216713,1.5576791277277136,1.0,1.0442464066465824,3.449999988079071,4.316249988973141,4.83500000834465,0.0,0.0,0.0925000011920929,0.1850000023841858,0.8350000083446503,4.179999999701977,0.05500000715255737,0.459333,2.92791124,1915.0,34.7487,48.0609,37.0199
apple-m4 · chrome|s5|031_r3f-ref_i7,apple-m4 · chrome,r3f-ref,1131,1616.0,3000.38,538.5984441979243,716.8458802802252,215.80793098310167,235.29757796413259,1.8566707920762573,1.3949999958276749,1.030678241756275,3.96875,4.344249995052814,5.485000014305115,0.0,0.0,0.15000000596046448,0.22499999403953552,1.1799999922513962,4.10925001502037,0.06999999284744263,0.527208,3.02681212,1608.0,42.961,55.1845,49.2705
apple-m4 · chrome|s5|031_r3f-ref_i7,apple-m4 · chrome,r3f-ref,1600,1267.0,3000.555,422.25521612153887,478.4688987028047,193.05019315385692,209.26408801452524,2.3682359905109314,2.0900000035762787,0.8403254284128995,4.456999981403351,4.94190000593662,5.429999977350235,0.0,0.0,0.3499999940395355,0.45499998331069946,1.6700000166893005,4.478499990701673,0.0899999737739563,0.629999,3.1930658000000003,1261.0,50.231,67.5713,43.4413
apple-m4 · chrome|s5|031_r3f-ref_i7,apple-m4 · chrome,r3f-ref,2263,817.0,3000.265,272.30927934828935,304.4140033755462,168.79417666883623,172.81977054971108,3.6722949816226373,3.2849999964237213,0.9149030754290562,5.606999987363815,5.870999999046327,5.9749999940395355,0.0,0.0,0.4899999797344208,0.565000022649765,2.7049999833106995,5.265000010728836,0.08500000834465027,1.12427,3.33571763,812.0,58.229,76.4313,69.5326
apple-m4 · chrome|s5|031_r3f-ref_i7,apple-m4 · chrome,r3f-ref,3200,561.0,3003.145,186.8041669642977,188.50141350645293,167.0285620370674,173.68110907408658,5.353199643512886,5.305000007152557,0.2021031455480649,5.674999982118607,5.7460000038146966,6.819999992847443,0.0,0.0,0.7650000154972076,0.8719999849796294,4.430000007152557,4.865000009536743,0.07500001788139343,1.2446869999999999,3.54828628,560.0,87.8811,116.5849,106.7777
apple-m4 · chrome|s5|031_r3f-ref_i7,apple-m4 · chrome,r3f-ref,4525,381.0,3001.255,126.94689388292741,127.14558153686525,117.25620490584502,123.06097996921663,7.877309711273574,7.865000009536743,0.11386993278178686,8.020000010728836,8.100999999046326,9.144999980926514,0.0,0.0,0.7600000202655792,0.831000006198883,7.0250000059604645,7.241000008583069,0.07999998331069946,1.7914375,4.14406479,380.0,180.2925,202.6368,202.6368
apple-m4 · chrome|s5|031_r3f-ref_i7,apple-m4 · chrome,r3f-ref,6400,271.0,3003.545,90.22671543076405,90.25270747441465,83.9454355089489,87.44786760195471,11.083191881980403,11.080000013113022,0.17147901299139598,11.30749998986721,11.39900000691414,12.389999985694885,0.0,0.0,1.1500000059604645,1.2595000118017199,9.840000003576279,10.13100000321865,0.08000001311302185,2.375416,4.91456306,270.0,283.9102,299.1611,299.1611
apple-m4 · chrome|s5|031_r3f-ref_i7,apple-m4 · chrome,r3f-ref,9051,170.0,3011.03,56.459085429216145,56.68130929611658,52.083333365670924,55.03198734083777,17.711941176477602,17.642500013113022,0.19956327180911124,17.960500007867815,18.070850001275538,19.19999998807907,1.0,0.0,2.709999978542328,2.816199996471405,14.852500006556511,15.207899978458881,0.08000001311302185,3.590374,3.715324,169.0,245.9128,257.5631,257.5631
apple-m4 · chrome|s5|031_r3f-ref_i7,apple-m4 · chrome,r3f-ref,12800,131.0,3013.43,43.47205675913795,43.38394791682529,40.09623095812337,42.23567506616431,23.003282442802693,23.05000001192093,0.2737480387809085,23.262500002980232,23.705500009655946,24.939999997615814,1.0,0.0,2.689999997615814,2.78249998986721,20.25,20.733500003814694,0.08000001311302185,5.008374,5.14658,130.0,447.1637,467.0535,467.0535
apple-m4 · chrome|s5|031_r3f-ref_i7,apple-m4 · chrome,r3f-ref,18102,82.0,3004.72,27.29039644294062,27.320538220831374,25.783163596550413,26.38870563689411,36.64292682925375,36.60249999165535,0.465164215806993,37.45250001251698,37.91019998580217,38.78499999642372,1.0,1.0,4.469999998807907,4.613800010681152,32.04749999940395,33.27045001834631,0.09000000357627869,7.145708,7.2649074,81.0,439.8113,457.5185,457.5185
apple-m4 · chrome|s5|031_r3f-ref_i7,apple-m4 · chrome,r3f-ref,25600,65.0,3025.66,21.482916124110716,21.5285252877296,20.8637596593482,21.077777004004357,46.548615384560364,46.45000001788139,0.4571681733806771,47.101000010967255,47.50759997963905,47.929999977350235,1.0,1.0,4.949999988079071,5.02680000424385,41.40999999642372,42.4084000146389,0.09000000357627869,8.5950825,10.2248375,64.0,800.4327,844.6222,810.6123
apple-m4 · chrome|s5|031_r3f-ref_i7,apple-m4 · chrome,r3f-ref,36204,61.0,4495.35,13.569577452274212,13.65094532885254,12.763241864404273,12.791540527799222,73.69426229498426,73.25499999523163,1.706897975211912,77.41999998688698,78.19399999976159,78.34999999403954,1.0,1.0,11.765000015497208,12.114000010490418,61.08500000834465,63.72700000405312,0.12999999523162842,14.293333,15.35067856,60.0,744.1427,776.538,776.538
apple-m4 · chrome|s5|032_threejs_i7,apple-m4 · chrome,threejs,100,2317.0,3003.27,771.4924066073722,483.0917891088607,246.6752466500163,337.0605388836427,1.2961890375531846,2.0699999928474426,1.1673973533848538,2.625,3.2944000041485246,5.145000010728836,0.0,0.0,0.004999995231628418,0.019999980926513672,1.9600000083446503,3.211400014162112,0.06499999761581421,0.201916,2.3709461199999953,2237.0,10.0953,11.6176,9.97
apple-m4 · chrome|s5|032_threejs_i7,apple-m4 · chrome,threejs,141,2151.0,3001.97,716.5294789757573,751.8796918350264,260.01361990303394,339.99555135446883,1.395615992561045,1.3300000131130219,1.24021057091398,2.669999986886978,2.854999989271164,5.2049999833106995,0.0,0.0,0.005000025033950806,0.019999980926513672,1.2599999904632568,2.769999995827675,0.054999977350234985,0.177041,1.7739026399999989,2093.0,14.8959,20.154,18.518
apple-m4 · chrome|s5|032_threejs_i7,apple-m4 · chrome,threejs,200,2131.0,3002.135,709.8281722792663,466.20046386863015,295.98308660616505,346.365611679289,1.4087916471235409,2.145000010728836,1.1789151863576126,2.719999998807907,2.853500020503997,4.759999990463257,0.0,0.0,0.009999990463256836,0.02000001072883606,2.0900000035762787,2.7755000054836247,0.04499998688697815,0.2204995,2.5710402500000002,2090.0,19.786,24.5039,21.1263
apple-m4 · chrome|s5|032_threejs_i7,apple-m4 · chrome,threejs,283,2025.0,3000.135,674.9696263689591,450.45045069233277,306.02096248616397,341.28539558795836,1.4815481481434387,2.219999998807907,1.2257313138604518,2.804999977350235,2.9087999975681305,4.084999978542328,0.0,0.0,0.014999985694885254,0.025000005960464478,2.169999986886978,2.835000001192093,0.03999999165534973,0.195625,1.8986861799999968,1994.0,19.869,26.0108,19.3301
apple-m4 · chrome|s5|032_threejs_i7,apple-m4 · chrome,threejs,400,1840.0,3000.585,613.2137566490811,443.95116584171456,238.45797154899157,284.58302397667507,1.6307527173958394,2.252499997615814,1.225288645148699,3.0250000059604645,4.094149999618529,5.125,0.0,0.0,0.02000001072883606,0.034999996423721313,2.197499990463257,4.042200007736681,0.034999996423721313,0.220499,2.6345575,1819.0,18.3742,29.5342,21.0278
apple-m4 · chrome|s5|032_threejs_i7,apple-m4 · chrome,threejs,566,1691.0,3000.015,563.6638483445132,1298.7013308711196,229.63760292178026,258.09226791206964,1.7741070372652261,0.7699999809265137,1.2884560278287636,3.3499999940395355,4.291000020503997,4.455000013113022,0.0,0.0,0.025000005960464478,0.03999999165534973,0.695000022649765,4.2259999930858605,0.034999996423721313,0.335833,2.87753176,1675.0,13.3655,30.3572,28.4607
apple-m4 · chrome|s5|032_threejs_i7,apple-m4 · chrome,threejs,800,1856.0,3000.94,618.472878498562,1005.0251208117254,215.9179511538517,252.5599143624707,1.6168857758607844,0.9950000047683716,1.0842839317621809,3.4912500083446503,4.305249990522864,5.180000007152557,0.0,0.0,0.050000011920928955,0.09724999666214013,0.8849999904632568,4.173499996960165,0.050000011920928955,0.456625,2.98372444,1845.0,17.3013,44.6722,20.0541
apple-m4 · chrome|s5|032_threejs_i7,apple-m4 · chrome,threejs,1131,1581.0,3002.64,526.5366477524885,689.6551639089688,238.91056805119996,252.7352997526581,1.8992030360440828,1.4500000178813934,0.8807235030689566,3.7849999964237213,4.030000001192093,5.2249999940395355,0.0,0.0,0.07500001788139343,0.12999999523162842,1.2899999916553497,3.8700000047683716,0.06499999761581421,0.526541,3.15073924,1573.0,26.0719,48.9317,41.2111
apple-m4 · chrome|s5|032_threejs_i7,apple-m4 · chrome,threejs,1600,1180.0,3000.55,393.2612354425129,443.45898098207414,187.87361216330146,200.76221587368076,2.542838983035694,2.2549999952316284,0.9872090958124907,4.754999995231628,5.10999999076128,5.659999996423721,0.0,0.0,0.16999998688697815,0.2600000202655792,2.009999990463257,4.832100011110306,0.08000001311302185,0.6307075,3.24665848,1174.0,31.7649,53.9105,49.1901
apple-m4 · chrome|s5|032_threejs_i7,apple-m4 · chrome,threejs,2263,858.0,3002.365,285.7747142660118,286.5329505064209,239.27022600748748,262.91902724080194,3.4992599067710217,3.490000009536743,0.16831291008619115,3.68575000166893,3.764299986362457,5.444999992847443,0.0,0.0,0.26999998092651367,0.33715000629425024,3.1400000154972076,3.359299985170364,0.07499998807907104,0.923041,3.38591944,857.0,76.1067,79.0436,55.6562
apple-m4 · chrome|s5|032_threejs_i7,apple-m4 · chrome,threejs,3200,534.0,3003.12,177.81507232449988,177.77777777777777,170.0391089881754,172.29953614385647,5.62382022472803,5.625,0.08698091006355436,5.755000025033951,5.840000003576279,5.969999998807907,0.0,0.0,0.6375000029802322,0.73000000923872,4.909999996423721,5.056700005531311,0.07500001788139343,1.221375,3.6049729999999998,533.0,38.4091,70.6418,51.3531
apple-m4 · chrome|s5|032_threejs_i7,apple-m4 · chrome,threejs,4525,380.0,3004.58,126.47358366172362,126.4222503732138,120.89462020101692,123.50092625790388,7.906789473718718,7.909999996423721,0.08414215775839204,8.035249996185303,8.09604999780655,8.340000003576279,0.0,0.0,0.7299999892711639,0.8010500109195708,7.102500006556511,7.233149986267089,0.07999998331069946,1.784499,4.184038500000001,379.0,89.3904,122.561,107.8541
apple-m4 · chrome|s5|032_threejs_i7,apple-m4 · chrome,threejs,6400,262.0,3000.4,87.32169044110103,87.70006574754309,65.27415146650634,80.12820512349506,11.451908396969316,11.402500003576279,0.40176190387748745,11.729499989748001,12.542449999153595,15.41499999165535,0.0,0.0,1.1899999976158142,1.2849999964237213,10.115000009536743,10.568400017619132,0.08000001311302185,2.379374,4.917798999999999,261.0,169.0528,184.5204,85.6156
apple-m4 · chrome|s5|032_threejs_i7,apple-m4 · chrome,threejs,9051,185.0,3007.76,61.50756709331416,61.368517999676385,57.50431277221643,60.16646051349889,16.25816216211061,16.294999986886978,0.17398658730163535,16.477999991178514,16.54660001516342,17.390000015497208,0.005405405405405406,0.0,1.7549999952316284,1.8658000087738036,14.445000022649765,14.662000004053116,0.07999998331069946,3.3750825,3.790776249999999,184.0,164.4854,182.5252,174.9724
apple-m4 · chrome|s5|032_threejs_i7,apple-m4 · chrome,threejs,12800,124.0,3006.085,41.249665262178475,41.23711340206186,40.469445554929045,40.58990663699532,24.24262096780923,24.25,0.22603192739781994,24.589249999821185,24.650400005578994,24.71000000834465,1.0,0.0,3.1624999940395355,3.344999998807907,20.99500000476837,21.260399990081787,0.08000001311302185,4.860708,5.12155248,123.0,143.5542,157.8989,136.1576
apple-m4 · chrome|s5|032_threejs_i7,apple-m4 · chrome,threejs,18102,90.0,3011.11,29.889309922408415,29.8440647547191,28.82259692192406,29.300809437931008,33.45677777760559,33.507500007748604,0.3276270748402231,33.87375000119209,34.09869997799397,34.69499999284744,1.0,0.5444444444444444,3.8850000202655792,3.9743999978899955,29.530000001192093,29.95859999895096,0.08500000834465027,7.0955,7.176445,89.0,296.089,310.5532,310.5532
apple-m4 · chrome|s5|032_threejs_i7,apple-m4 · chrome,threejs,25600,65.0,3008.595,21.604769003480282,21.542438596304862,21.12824847565214,21.26829960286216,46.28607692305858,46.4200000166893,0.40460676467673207,46.77199999690056,47.03879999399185,47.3299999833107,1.0,1.0,5.064999997615814,5.175799992084503,41.24500000476837,41.816599997282026,0.0949999988079071,9.330541,10.17604529,64.0,238.1787,268.0537,242.2582
apple-m4 · chrome|s5|032_threejs_i7,apple-m4 · chrome,threejs,36204,61.0,4136.09,14.748228399272563,14.799467220746694,12.39387742418604,12.868080727931105,67.80475409841928,67.56999999284744,2.5563040407247404,72.85500001907349,79.96499999165535,80.68500000238419,1.0,1.0,7.269999980926514,7.491999989748001,59.92499998211861,72.45000000596046,0.125,13.7303535,14.972787529999998,60.0,547.8087,592.3565,328.0281
apple-m4 · chrome|s5|033_r3f-state_i8,apple-m4 · chrome,r3f-state,100,2298.0,3000.09,765.9770206884663,598.8023945684179,275.8966643317478,367.8012582816084,1.3055221932130445,1.6700000017881393,0.9430287543094173,2.4099999964237213,3.0510500118136474,4.909999996423721,0.0,0.0,0.02000001072883606,0.034999996423721313,1.3499999940395355,2.735749984681611,0.28999999165534973,0.230291,2.2024910799999984,2218.0,12.4442,27.5119,17.248
apple-m4 · chrome|s5|033_r3f-state_i8,apple-m4 · chrome,r3f-state,141,2161.0,3000.43,720.230100350566,711.7437716381035,370.0440534464232,401.55416344978215,1.388445164279108,1.405000001192093,0.9025960572431496,2.3899999856948853,2.4950000047683716,4.469999998807907,0.0,0.0,0.025000005960464478,0.0350000262260437,1.0149999856948853,2.084999990463257,0.3700000047683716,0.17762499999999998,1.4851860899999931,2102.0,17.7477,48.6154,23.1246
apple-m4 · chrome|s5|033_r3f-state_i8,apple-m4 · chrome,r3f-state,200,2102.0,3001.54,700.30717565178,828.157352758047,277.9616144518165,364.8430303438171,1.4279448144584468,1.2074999958276749,0.8002644499074022,2.334999978542328,3.3495999941229733,4.669999986886978,0.0,0.0,0.034999996423721313,0.04500001668930054,0.6650000065565109,2.8345499786734485,0.48000001907348633,0.189833,2.5286412,2061.0,53.5247,55.8148,27.7886
apple-m4 · chrome|s5|033_r3f-state_i8,apple-m4 · chrome,r3f-state,283,2008.0,3000.025,669.3277556007068,776.6990327219316,312.37797732351555,397.0617429694921,1.4940363545846416,1.2874999940395355,0.6246706200141731,2.2300000086426737,2.759649990797043,4.145000010728836,0.0,0.0,0.04499998688697815,0.06000000238418579,0.4925000071525574,2.0439500135183346,0.6599999964237213,0.196625,2.4558710800000005,1977.0,45.2208,61.8015,48.6189
apple-m4 · chrome|s5|033_r3f-state_i8,apple-m4 · chrome,r3f-state,400,1925.0,3001.69,641.3053979596591,671.1409353016787,302.83710575649377,336.33465314687356,1.559319480518242,1.4900000095367432,0.3852944966909031,2.207000005245208,3.1500000059604645,3.5900000035762787,0.0,0.0,0.07499998807907104,0.09999999403953552,0.3799999952316284,2.078800014257431,0.9500000178813934,0.222625,2.59443625,1904.0,37.0269,60.7444,36.7588
apple-m4 · chrome|s5|033_r3f-state_i8,apple-m4 · chrome,r3f-state,566,1527.0,3001.115,508.8108919502077,515.4639102406908,409.3886461150551,428.0846029009216,1.9653667321607968,1.9400000274181366,0.0992801575591617,2.158499997854233,2.395000010728836,2.5399999916553497,0.0,0.0,0.10499998927116394,0.13999998569488525,0.49000000953674316,0.6136999887228013,1.344999998807907,0.412958,2.88010325,1526.0,61.6548,78.8578,71.3453
apple-m4 · chrome|s5|033_r3f-state_i8,apple-m4 · chrome,r3f-state,800,1006.0,3000.135,335.3182440134187,340.1360546976012,272.8140774193227,284.6650914541387,2.982241550686345,2.939999997615814,0.15995450300153957,3.4250000044703484,3.5544999793171885,4.229999989271164,0.0,0.0,0.1600000262260437,0.2047499850392344,0.7900000214576721,0.9839999854564676,1.979999989271164,0.46197849999999996,2.7622424999999997,1004.0,85.2706,89.5307,88.3597
apple-m4 · chrome|s5|033_r3f-state_i8,apple-m4 · chrome,r3f-state,1131,658.0,3003.02,219.1127598209966,221.72949049103707,160.27781461371887,185.85201535723954,4.563860182387126,4.509999990463257,0.2791185167585781,5.100750018656254,5.245000004768372,8.200000017881393,0.0,0.0,0.2199999988079071,0.5483499884605235,1.3125,1.4721499967575071,2.9650000035762787,0.362624,2.90574456,657.0,93.7035,119.9584,80.8751
apple-m4 · chrome|s5|033_r3f-state_i8,apple-m4 · chrome,r3f-state,1600,398.0,3006.28,132.38953124786852,134.31833458169504,114.32926825113076,115.82540844285859,7.5534673366864125,7.444999992847443,0.3808285586614556,8.515750014781952,8.660299996137619,8.770000010728836,0.0,0.0,0.38499999046325684,1.094999998807907,2.3299999833106995,2.5754500174522397,4.732500001788139,0.622624,2.92315496,397.0,101.6664,112.1497,105.1971
apple-m4 · chrome|s5|033_r3f-state_i8,apple-m4 · chrome,r3f-state,2263,297.0,3009.205,98.69716420172344,100.05002496477482,88.3392225543723,89.90784442294922,10.132003366947174,9.995000004768372,0.39267418786721886,10.983000016212463,11.180200006961822,11.415000021457672,0.0,0.0,0.48499998450279236,0.5900000035762787,3.189999997615814,3.406000001430512,6.324999988079071,0.8532495,3.3321889,296.0,111.611,134.4863,117.5286
apple-m4 · chrome|s5|033_r3f-state_i8,apple-m4 · chrome,r3f-state,3200,187.0,3001.86,62.294710613075026,63.39144213135705,55.94405594405595,57.03241342981382,16.0527272726444,15.775000005960464,0.7191845333287664,17.35550000965595,17.56289999902248,17.875,0.26737967914438504,0.0,1.0350000262260437,1.2150000035762787,4.985000014305115,5.181400005817413,9.740000009536743,0.9743115,1.2027811000000004,186.0,173.8094,191.3455,178.0824
apple-m4 · chrome|s5|033_r3f-state_i8,apple-m4 · chrome,r3f-state,4525,136.0,3001.08,45.317019206671034,46.62004664595591,42.078687117521476,42.27733934113881,22.06676470575964,21.44999998807907,1.0922824427819262,23.541249997913837,23.707999998331072,23.765000015497208,1.0,0.0,1.2249999940395355,1.3499999940395355,6.939999997615814,7.069999992847443,13.429999992251396,1.501041,1.6781139999999999,135.0,250.1233,270.8831,250.7637
apple-m4 · chrome|s5|033_r3f-state_i8,apple-m4 · chrome,r3f-state,6400,94.0,3008.495,31.244858309503925,30.64664418294404,22.54029076490565,26.199443259785024,32.005265957497535,32.63000001013279,2.247748499672616,33.6779999807477,40.919349997341605,44.36500000953674,1.0,0.10638297872340426,1.5024999976158142,3.957250021398066,9.709999978542328,10.289050000607954,21.34000000357628,2.236291,2.6427877200000003,93.0,430.6906,430.6906,419.3629
apple-m4 · chrome|s5|033_r3f-state_i8,apple-m4 · chrome,r3f-state,9051,62.0,3002.14,20.651934952960207,20.70714914145267,14.91869312221715,16.94963134791557,48.42161290347576,48.292500004172325,3.279137703763793,50.01775000542402,62.53734999537468,67.0300000011921,1.0,1.0,1.667499989271164,5.983200013637544,14.737500011920929,16.550700011253358,31.685000002384186,2.702999,3.9078158,61.0,743.2108,1079.292,428.7509
apple-m4 · chrome|s5|033_r3f-state_i8,apple-m4 · chrome,r3f-state,12800,61.0,4266.44,14.297634561844088,14.78743068391867,9.25797342828799,11.139578922585333,69.9416393442232,67.625,6.082167634440054,75.98999997973442,94.1130000054836,108.01500001549721,1.0,1.0,2.0850000083446503,6.818999999761582,21.0,23.352000010013576,44.514999985694885,4.676791,5.84634834,60.0,878.013,1479.5142,672.4967
apple-m4 · chrome|s5|033_r3f-state_i8,apple-m4 · chrome,r3f-state,18102,61.0,5859.825,10.409867188834795,10.559662092142355,6.023914942494047,7.833409491603083,96.06270491832592,94.69999998807907,9.788962515615172,99.31000000238419,136.69499999880784,166.00499999523163,1.0,1.0,2.7249999940395355,8.785000002384182,29.23999997973442,37.72699999213218,62.56500002741814,6.763312,8.24572731,60.0,1210.9344,2012.6269,1044.7809
apple-m4 · chrome|s5|034_r3f-ref_i8,apple-m4 · chrome,r3f-ref,100,2326.0,3001.42,774.9665158525505,488.99755458464756,286.0874433168317,354.66956106668584,1.2903783318946205,2.0450000017881393,1.1576676805305817,2.6200000047683716,2.761249989271164,4.925000011920929,0.0,0.0,0.004999995231628418,0.02000001072883606,1.9700000137090683,2.6350000202655792,0.06999999284744263,0.1785205,1.4585561000000025,2246.0,12.3151,18.4344,14.2169
apple-m4 · chrome|s5|034_r3f-ref_i8,apple-m4 · chrome,r3f-ref,141,2154.0,3002.215,717.4702677847637,472.81323663872416,278.9215033298245,346.56431655806597,1.393785979574548,2.115000009536743,1.247854638157721,2.6800000071525574,2.8050000071525574,5.180000007152557,0.0,0.0,0.009999990463256836,0.019999980926513672,2.054999992251396,2.734999998509884,0.054999977350234985,0.17926999999999998,1.6410288500000072,2096.0,18.5499,22.1118,18.0837
apple-m4 · chrome|s5|034_r3f-ref_i8,apple-m4 · chrome,r3f-ref,200,2120.0,3000.05,706.654889082374,471.14252008325496,248.94789852899345,326.8880871672339,1.415117924533925,2.122500002384186,1.2103102812822026,2.75,3.507149993181228,5.230000019073486,0.0,0.0,0.014999985694885254,0.025000005960464478,2.0575000047683716,3.4390499985218046,0.04499998688697815,0.217708,2.5335694799999997,2079.0,14.7347,26.3376,26.3376
apple-m4 · chrome|s5|034_r3f-ref_i8,apple-m4 · chrome,r3f-ref,283,2030.0,3001.295,676.3746982582084,520.1560469753119,274.97078452541484,333.6912528824243,1.478470443343294,1.9224999994039536,1.2401443055057175,2.8050000071525574,2.923550013303757,4.169999986886978,0.0,0.0,0.02000001072883606,0.034999996423721313,1.8624999970197678,2.822100012004376,0.03999999165534973,0.196125,2.128128749999999,2000.0,21.7486,27.2862,27.2862
apple-m4 · chrome|s5|034_r3f-ref_i8,apple-m4 · chrome,r3f-ref,400,1864.0,3002.665,620.7818720991784,442.9678862318287,238.06374823025163,293.3753942114414,1.6108717811273914,2.2574999928474426,1.2087496052823836,2.940000022947788,3.9905500090122206,5.129999995231628,0.0,0.0,0.030000001192092896,0.04499998688697815,2.1875,3.918699999153613,0.034999996423721313,0.220874,2.5744664999999998,1843.0,15.4346,29.8258,21.7101
apple-m4 · chrome|s5|034_r3f-ref_i8,apple-m4 · chrome,r3f-ref,566,1690.0,3002.085,562.9420885857927,1265.8227981808209,227.6122057469903,248.7820047384578,1.776381656792037,0.7899999916553497,1.2991621719838995,3.372750002145767,4.3210999917984,4.6500000059604645,0.0,0.0,0.04499998688697815,0.06499999761581421,0.6900000125169754,4.235000014305115,0.03999999165534973,0.337125,2.84363,1675.0,28.5408,47.3915,16.7815
apple-m4 · chrome|s5|034_r3f-ref_i8,apple-m4 · chrome,r3f-ref,800,1810.0,3000.78,603.176507441159,943.3962242931775,216.4241917595016,250.08683585181572,1.6578895027630896,1.0600000023841858,1.0944387500347768,3.5082500085234636,4.343199997842314,5.884999990463257,0.0,0.0,0.08500000834465027,0.17955000758171122,0.9050000011920929,4.194549993276596,0.050000011920928955,0.456833,2.9259185,1799.0,42.7806,48.575,48.575
apple-m4 · chrome|s5|034_r3f-ref_i8,apple-m4 · chrome,r3f-ref,1131,1594.0,3001.19,531.1226546807321,560.2240907582731,279.7985454395335,326.4193042958518,1.882804265995995,1.7849999964237213,0.3904370568391773,2.7652500152587876,3.240350009202957,4.424999982118607,0.0,0.0,0.2800000011920929,0.4053500008583066,1.429999977350235,2.870700004100799,0.07500001788139343,0.529625,3.00641595,1586.0,52.0352,56.0681,24.9788
apple-m4 · chrome|s5|034_r3f-ref_i8,apple-m4 · chrome,r3f-ref,1600,1229.0,3001.675,409.43806375017994,428.26552309476403,219.15806777545478,244.8717434217608,2.4423718470155564,2.3350000083446503,0.5022069864676917,3.6649999916553497,4.265000007152557,5.840000003576279,0.0,0.0,0.49000000953674316,0.5949999988079071,1.75,3.6722000145912173,0.08500000834465027,0.640999,3.19453,1223.0,49.083,66.3629,66.3629
apple-m4 · chrome|s5|034_r3f-ref_i8,apple-m4 · chrome,r3f-ref,2263,786.0,3000.395,261.9655078764618,261.78010520219823,238.8263388711366,243.5901438936594,3.8172964376347664,3.8199999928474426,0.15415283064924395,4.054999999701977,4.129999995231628,4.255000025033951,0.0,0.0,0.6200000047683716,0.7522499978542324,3.1199999898672104,3.345750002563,0.07499998807907104,0.944666,3.33217272,785.0,79.0066,95.1662,95.1662
apple-m4 · chrome|s5|034_r3f-ref_i8,apple-m4 · chrome,r3f-ref,3200,530.0,3000.965,176.60985716240222,177.3049649887177,133.3155579425596,161.67143387848637,5.662198113214295,5.639999985694885,0.23214221460724,5.81774999499321,6.0275999861955665,9.604999989271164,0.0,0.0,0.8350000083446503,0.9299999985098839,4.729999989271164,4.935650001764298,0.07500001788139343,1.222499,3.54619576,529.0,138.5193,145.8899,67.3376
apple-m4 · chrome|s5|034_r3f-ref_i8,apple-m4 · chrome,r3f-ref,4525,337.0,3003.985,112.18431516748426,112.04481777751504,105.26315789473684,107.8821387833452,8.913902077193784,8.925000011920929,0.18077786391041764,9.181000006198882,9.238200011253356,9.979999989271164,0.0,0.0,1.4149999916553497,1.563199999332428,7.430000007152557,7.63319999217987,0.07500001788139343,1.8075830000000002,4.1389115,336.0,133.6328,150.2175,150.2175
apple-m4 · chrome|s5|034_r3f-ref_i8,apple-m4 · chrome,r3f-ref,6400,250.0,3004.445,83.21004378532314,83.26394677719125,77.11586658246159,80.22999266540677,12.01777999997139,12.009999990463257,0.2013996484516071,12.305000007152557,12.455299998223781,13.300000011920929,0.0,0.0,1.7100000083446503,1.8400000035762787,10.194999992847443,10.570799992680548,0.08000001311302185,2.326624,4.46200448,249.0,185.6193,197.1787,197.1787
apple-m4 · chrome|s5|034_r3f-ref_i8,apple-m4 · chrome,r3f-ref,9051,187.0,3012.5,62.0746887966805,62.092517892963706,58.24111827394974,60.339914877306214,16.109625668449198,16.104999989271164,0.1886208256154837,16.35550001859665,16.56319998979568,17.169999986886978,0.0106951871657754,0.0,1.895000010728836,2.05499998152256,14.0799999833107,14.457899984121319,0.08499997854232788,3.3643955,3.82183295,186.0,322.938,340.3729,336.7142
apple-m4 · chrome|s5|034_r3f-ref_i8,apple-m4 · chrome,r3f-ref,12800,119.0,3004.77,39.60369678863111,39.7456279865716,37.579857218428515,38.580246906482834,25.25016806731705,25.15999999642372,0.2552482439041701,25.58149998486042,25.9305000180006,26.609999984502792,1.0,0.0,3.3700000047683716,3.4731999957561492,21.689999997615814,22.383700003027915,0.08000001311302185,5.0978745,5.19117961,118.0,301.0828,334.9988,310.484
apple-m4 · chrome|s5|034_r3f-ref_i8,apple-m4 · chrome,r3f-ref,18102,92.0,3001.695,30.649349784111717,30.57169062061888,29.065542798004685,30.015382886949862,32.627119565139644,32.70999999344349,0.31954314326886424,32.9022500038147,33.167399988174445,34.40500000119209,1.0,0.010869565217391304,3.524999976158142,3.5999999967217446,29.08500000834465,29.443250025808815,0.08500000834465027,7.078083,7.2415285,91.0,580.5184,598.0222,598.0222
apple-m4 · chrome|s5|034_r3f-ref_i8,apple-m4 · chrome,r3f-ref,25600,66.0,3000.345,21.997470290925285,22.099447513812155,20.892092338885565,21.38351330869328,45.459772727254666,45.25,0.49322598356936187,46.051250003278255,46.812000006437295,47.86500000953674,1.0,1.0,4.805000007152557,4.905000001192093,40.36250001192093,41.90499999821185,0.09000000357627869,8.242125,10.29291312,65.0,586.0756,604.7795,604.7795
apple-m4 · chrome|s5|034_r3f-ref_i8,apple-m4 · chrome,r3f-ref,36204,61.0,4581.51,13.314387614591473,13.35291761504894,12.493753124740829,12.548363486452196,75.10672131131906,74.88999998569489,1.396228217569053,78.60000002384186,80.00099999308586,80.03999999165535,1.0,1.0,11.675000011920929,11.971999990940095,62.91499999165535,64.69199999570846,0.13999998569488525,14.3721665,15.304627029999999,60.0,1109.5287,1135.5648,1135.5648
apple-m4 · chrome|s5|034_r3f-ref_i8,apple-m4 · chrome,r3f-ref,51200,61.0,6896.27,8.845361333034917,9.0362806651254,6.347795728077579,7.359163998948198,113.05360655706437,110.66500002145767,6.8556343694553865,120.27500000596046,140.87900000214572,157.53499999642372,1.0,1.0,15.819999992847443,18.129000008106225,94.11499997973442,121.64600000381466,0.1550000011920929,17.36302,20.544162189999998,60.0,1155.7856,1214.6375,1171.5907
apple-m4 · chrome|s5|035_threejs_i8,apple-m4 · chrome,threejs,100,2311.0,3002.07,769.8021698303385,483.0917891088607,272.99703254438043,347.49501417318044,1.2990350497718086,2.0699999928474426,1.162816023564046,2.625,2.9684999972581876,6.015000015497208,0.0,0.0,0.004999995231628418,0.015000015497207642,2.0,2.8849999845027967,0.06499999761581421,0.208166,2.5174739999999813,2231.0,7.5365,12.1109,9.9141
apple-m4 · chrome|s5|035_threejs_i8,apple-m4 · chrome,threejs,141,2152.0,3000.72,717.1612146421043,475.05938484410177,248.21228071698283,333.60874243587386,1.3943866170998178,2.104999989271164,1.2396484335915998,2.669999986886978,3.6499000060558298,5.179999977350235,0.0,0.0,0.005000025033950806,0.017449998557566505,2.044999986886978,3.5924500012397753,0.054999977350234985,0.210729,2.3333736800000113,2094.0,16.3596,18.6738,14.9852
apple-m4 · chrome|s5|035_threejs_i8,apple-m4 · chrome,threejs,200,2114.0,3002.25,704.1385627446082,464.0371227131437,239.95886415221742,323.8691569070718,1.420175023651845,2.155000001192093,1.2061983076328087,2.7249999940395355,3.5250000059604645,5.219999998807907,0.0,0.0,0.009999990463256836,0.02000001072883606,2.0974999964237213,3.4743499946594234,0.04499998688697815,0.186249,2.600579720000009,2073.0,16.5766,24.2901,24.1783
apple-m4 · chrome|s5|035_threejs_i8,apple-m4 · chrome,threejs,283,1968.0,3001.09,655.7617399003879,441.5011065411585,247.15447125727047,289.5852724765624,1.524944105692874,2.2649999856948853,1.2557332361613753,2.844999998807907,3.9966500031948087,4.145000010728836,0.0,0.0,0.014999985694885254,0.025000005960464478,2.2100000083446503,3.9466499912738797,0.03999999165534973,0.1967285,2.79255729,1938.0,22.3545,24.4098,22.3275
apple-m4 · chrome|s5|035_threejs_i8,apple-m4 · chrome,threejs,400,1862.0,3000.145,620.6366692254345,448.9337809457063,243.5888762691062,290.8431325205795,1.611248657363442,2.227500006556511,1.2081490323437964,2.9000000044703484,3.990000009536743,4.169999986886978,0.0,0.0,0.02000001072883606,0.030000001192092896,2.1749999970197678,3.935000002384186,0.034999996423721313,0.220749,2.6354248,1841.0,19.382,27.7886,26.185
apple-m4 · chrome|s5|035_threejs_i8,apple-m4 · chrome,threejs,566,1752.0,3001.68,583.6731430385069,1234.5678976006923,229.72972991476973,278.0885409985093,1.7132876712369591,0.8100000023841858,1.209030440200782,3.1722499847412102,4.107450016736984,4.629999995231628,0.0,0.0,0.030000001192092896,0.050000011920928955,0.7300000190734863,4.039899991750717,0.034999996423721313,0.3255,2.847364,1737.0,29.911,42.9177,12.7044
apple-m4 · chrome|s5|035_threejs_i8,apple-m4 · chrome,threejs,800,1797.0,3001.23,598.7545106468281,966.1835782177214,212.52656579538927,245.54772321732023,1.6701335559371584,1.0349999964237213,1.1104380038938466,3.5850000083446503,4.438200002908704,5.449999988079071,0.0,0.0,0.04999998211860657,0.09519999861717206,0.9199999868869781,4.340800004005431,0.04999998211860657,0.4565,2.9833661000000005,1786.0,15.7181,46.0379,14.6652
apple-m4 · chrome|s5|035_threejs_i8,apple-m4 · chrome,threejs,1131,1593.0,3001.155,530.7956436769734,696.8641103404506,235.9418011772593,250.6225909508521,1.8839642184564922,1.4350000023841858,0.8980223041191157,3.8110000014305094,4.10499999165535,4.819999992847443,0.0,0.0,0.07999998331069946,0.13499999046325684,1.2650000154972076,3.9704000258445737,0.06499999761581421,0.52625,3.15251984,1585.0,32.5922,52.5213,29.8391
apple-m4 · chrome|s5|035_threejs_i8,apple-m4 · chrome,threejs,1600,1178.0,3001.785,392.4331689316202,424.17815450329175,209.643605874784,231.39374821307266,2.548204584037711,2.3575000017881393,0.5963850164007024,3.959999978542328,4.573450012505055,5.199999988079071,0.0,0.0,0.13499999046325684,0.17615000396966943,2.134999990463257,4.333449986875057,0.07999998331069946,0.6445205,3.24026225,1172.0,51.4995,81.8741,81.8741
apple-m4 · chrome|s5|035_threejs_i8,apple-m4 · chrome,threejs,2263,863.0,3002.255,287.450599633066,287.3563227249997,263.5914333301854,267.6459603696048,3.4788586326711837,3.479999989271164,0.15658200428543184,3.6949999928474426,3.7638000053167344,3.8499999940395355,0.0,0.0,0.28999999165534973,0.36500000953674316,3.1200000047683716,3.338800004720688,0.07499998807907104,0.918895,3.39612176,862.0,55.4077,69.6552,44.8624
apple-m4 · chrome|s5|035_threejs_i8,apple-m4 · chrome,threejs,3200,539.0,3000.31,179.6481030292109,179.5332138750667,171.9986240533275,173.61690769040263,5.5664378478708425,5.569999992847443,0.09182384332608699,5.715000003576279,5.783099998235703,5.859999984502792,0.0,0.0,0.5349999964237213,0.6280999970436096,4.955000013113022,5.130000013709068,0.07499998807907104,1.213041,3.60051276,537.0,73.1933,110.5189,92.3905
apple-m4 · chrome|s5|035_threejs_i8,apple-m4 · chrome,threejs,4525,366.0,3008.04,121.67391391105681,121.80267953515217,91.46341460090461,112.86681712116594,8.218688524567364,8.21000000834465,0.3046476537196005,8.358749993145466,8.679999992251403,12.764999985694885,0.0,0.0,0.7700000107288361,0.87674999833107,7.354999989271164,7.611249984800818,0.07500001788139343,1.748458,4.1593979999999995,365.0,130.6881,155.635,74.7668
apple-m4 · chrome|s5|035_threejs_i8,apple-m4 · chrome,threejs,6400,247.0,3010.14,82.05598410744146,82.16926878204498,76.59900417097826,78.86953665383106,12.186801619375283,12.169999986886978,0.20762960892628282,12.528500002622604,12.778899988532066,13.185000002384186,0.0,0.0,1.5600000023841858,1.6976999902725218,10.520000010728836,10.979700021743774,0.07500001788139343,2.3039994999999998,4.3879677500000005,246.0,78.9569,103.3985,89.4457
apple-m4 · chrome|s5|035_threejs_i8,apple-m4 · chrome,threejs,9051,169.0,3011.285,56.122220248233134,56.116722805913476,51.80005178085973,54.54793399833,17.818254437848662,17.819999992847443,0.21356539675015332,18.075000005960465,18.291399990320205,19.305000007152557,1.0,0.0,2.3350000083446503,2.491599998474121,15.405000001192093,15.756400003433228,0.08000001311302185,3.361125,3.61046411,168.0,178.2408,190.0607,185.8811
apple-m4 · chrome|s5|035_threejs_i8,apple-m4 · chrome,threejs,12800,121.0,3009.175,40.21035665945617,40.120361064061306,39.14660400652458,39.57261574865653,24.869214875885277,24.92500001192093,0.20383715719525414,25.134999990463257,25.348000007867814,25.5450000166893,1.0,0.0,3.185000002384186,3.4890000104904173,21.634999990463257,21.823999989032746,0.08000001311302185,5.026498999999999,5.14427577,120.0,133.3025,155.6671,139.5996
apple-m4 · chrome|s5|035_threejs_i8,apple-m4 · chrome,threejs,18102,83.0,3004.405,27.626102339720198,27.647221441487066,26.838432620936757,27.124160841011538,36.197650602424,36.1700000166893,0.3158972302394696,36.62199999988079,36.97300000071525,37.26000002026558,1.0,1.0,4.2750000059604645,4.538000009655952,31.814999997615814,32.36170001983642,0.08500000834465027,7.0573745,7.14742002,82.0,293.4921,321.3894,299.4734
apple-m4 · chrome|s5|035_threejs_i8,apple-m4 · chrome,threejs,25600,61.0,3166.355,19.265053981693995,19.212295864956225,19.047619047619047,19.050038101374046,51.90745901621756,52.05000001192093,0.43980073511379447,52.44499999284744,52.49400000572204,52.5,1.0,1.0,5.814999997615814,6.075999999046326,46.09000000357628,46.59399999380112,0.11499997973442078,8.488958,10.10693419,60.0,231.8784,268.0153,268.0153
apple-m4 · chrome|s5|035_threejs_i8,apple-m4 · chrome,threejs,36204,61.0,4529.935,13.465976884870951,13.531799728272587,9.893153936191837,11.577424023154848,74.2612295082358,73.90000000596046,3.666000848551742,74.52000001072884,88.19499999880787,101.08000001311302,1.0,1.0,8.030000001192093,8.275000005960464,65.66500002145767,77.03000000119205,0.12999999523162842,14.0928745,15.04135147,60.0,548.3308,594.1277,330.2411
apple-m4 · chrome|s5|036_r3f-ref-central_i8,apple-m4 · chrome,r3f-ref-central,100,2329.0,3001.21,776.0203384613287,1639.3443039430476,258.499578464028,345.24837017118193,1.288626019754549,0.6099999845027924,1.1676680388388352,2.6200000047683716,2.7750000059604645,5.194999992847443,0.0,0.0,0.004999995231628418,0.02000001072883606,0.4650000035762787,2.673600013256072,0.06499999761581421,0.200374,1.6662131599999976,2249.0,12.8353,17.2804,17.2804
apple-m4 · chrome|s5|036_r3f-ref-central_i8,apple-m4 · chrome,r3f-ref-central,141,2156.0,3002.245,718.129266597688,550.2063243052958,299.2518702733543,353.06539948390326,1.3925069573305975,1.8175000101327896,1.2434871303075632,2.675000011920929,2.776750004291532,5.159999996423721,0.0,0.0,0.004999995231628418,0.017249999940394445,1.7574999928474426,2.7095000088214856,0.050000011920928955,0.2060825,1.579928720000002,2098.0,15.7871,21.6527,20.7563
apple-m4 · chrome|s5|036_r3f-ref-central_i8,apple-m4 · chrome,r3f-ref-central,200,2125.0,3000.49,708.2176577803112,470.5882352941176,262.89434142987875,335.00308115267774,1.411995294122135,2.125,1.2008487051979906,2.740000009536743,2.915000014305115,4.760000020265579,0.0,0.0,0.009999990463256836,0.02499997615814209,2.074999988079071,2.81659998893737,0.04499998688697815,0.22452,2.396432330000011,2084.0,24.2779,24.2779,22.2906
apple-m4 · chrome|s5|036_r3f-ref-central_i8,apple-m4 · chrome,r3f-ref-central,283,2024.0,3002.225,674.1666597287074,450.9582861160838,271.0945444194191,330.2380329545481,1.4833127470326282,2.217500001192093,1.248335077422323,2.814999997615814,2.9688499999046325,4.1700000166893005,0.0,0.0,0.014999985694885254,0.028850002288818268,2.165000006556511,2.8988499841094018,0.03999999165534973,0.195562,1.853437059999995,1994.0,27.9436,27.9436,26.8091
apple-m4 · chrome|s5|036_r3f-ref-central_i8,apple-m4 · chrome,r3f-ref-central,400,1874.0,3000.875,624.4845253467738,455.06257307841406,243.4900235352155,298.0769230484507,1.601320704375667,2.197499990463257,1.209676450688781,2.946749991178512,3.9875499981641758,4.165000021457672,0.0,0.0,0.02000001072883606,0.034999996423721313,2.1400000154972076,3.933899997770785,0.034999996423721313,0.220499,2.57147768,1853.0,14.4483,29.5964,20.8814
apple-m4 · chrome|s5|036_r3f-ref-central_i8,apple-m4 · chrome,r3f-ref-central,566,1715.0,3002.53,571.1849673439796,1257.8616088140498,240.50364261050993,284.09565654405475,1.7507463556858263,0.7950000166893005,1.261216883062912,3.3050000071525574,3.838600004911422,4.5999999940395355,0.0,0.0,0.030000001192092896,0.04500001668930054,0.7150000035762787,3.7736000072956077,0.034999996423721313,0.326854,2.7984389199999993,1700.0,28.9763,47.2614,27.7445
apple-m4 · chrome|s5|036_r3f-ref-central_i8,apple-m4 · chrome,r3f-ref-central,800,1831.0,3001.125,610.1045441292848,938.9671382522743,211.64021161054737,249.19217917408164,1.6390633533588204,1.0649999976158142,1.134305658080896,3.5275000035762787,4.4604999989271175,5.114999979734421,0.0,0.0,0.04499998688697815,0.07499998807907104,0.9600000083446503,4.35949999690056,0.050000011920928955,0.457291,2.92528302,1820.0,34.6165,47.9352,34.9079
apple-m4 · chrome|s5|036_r3f-ref-central_i8,apple-m4 · chrome,r3f-ref-central,1131,1720.0,3000.22,573.2912919721498,738.0073859173139,221.87418444488065,240.73788969517102,1.744313953487679,1.354999989271164,0.9994454656018497,3.9149999916553497,4.228100015223026,5.715000003576279,0.0,0.0,0.06000000238418579,0.09999999403953552,1.2249999940395355,4.089050004482269,0.06499999761581421,0.5261454999999999,3.0579263799999983,1712.0,42.8347,54.5192,50.1831
apple-m4 · chrome|s5|036_r3f-ref-central_i8,apple-m4 · chrome,r3f-ref-central,1600,1243.0,3003.9,413.7953993134038,481.92771361206076,190.44596098740254,205.56347604294263,2.4166532582509737,2.074999988079071,0.9103308165775059,4.533999997377395,5.04530000388622,5.544999986886978,0.0,0.0,0.14000001549720764,0.22499999403953552,1.844999998807907,4.768199999928472,0.08500000834465027,0.631,3.1778650000000015,1237.0,49.5178,67.4194,67.4194
apple-m4 · chrome|s5|036_r3f-ref-central_i8,apple-m4 · chrome,r3f-ref-central,2263,824.0,3000.415,274.6286763671998,309.35808180876245,161.9761085709068,168.99202441491548,3.6412803397956983,3.2325000017881393,0.968881195320649,5.784999996423721,5.925000005066395,7.449999988079071,0.0,0.0,0.39500001072883606,0.47999998927116394,2.7349999994039536,5.423849983215332,0.0899999737739563,0.998583,3.33794996,820.0,56.1923,75.7891,67.0575
apple-m4 · chrome|s5|036_r3f-ref-central_i8,apple-m4 · chrome,r3f-ref-central,3200,647.0,3002.03,215.52083090433575,215.7497307567529,192.89503301943543,202.4803847234221,4.639922720249138,4.634999990463257,0.11320032150094268,4.768500012159347,5.04039999127388,5.669999986886978,0.0,0.0,0.4950000047683716,0.5850000083446503,4.0450000166893005,4.432700004577637,0.09000000357627869,1.245812,3.59854887,644.0,104.1683,121.3808,94.4119
apple-m4 · chrome|s5|036_r3f-ref-central_i8,apple-m4 · chrome,r3f-ref-central,4525,389.0,3004.815,129.45888515481002,129.3661062597604,122.10012198756456,125.77783666885388,7.724460154312129,7.729999989271164,0.0984458696870864,7.873000001907348,7.947399990558624,8.305000007152557,0.0,0.0,0.5999999940395355,0.6599999964237213,7.049999982118607,7.219999998807907,0.08000001311302185,1.7852285,4.13914571,388.0,102.7362,118.8024,114.8725
apple-m4 · chrome|s5|036_r3f-ref-central_i8,apple-m4 · chrome,r3f-ref-central,6400,255.0,3004.685,84.86746530827612,84.85362751832501,77.97270953353787,81.7912278722007,11.783078431381899,11.784999996423721,0.20551029756875566,12.07649998664856,12.139200000166893,13.465000003576279,0.0,0.0,1.594999998807907,1.7372999984025956,10.090000003576279,10.442300011515618,0.07999998331069946,2.3718114999999997,4.6167055,254.0,148.7053,179.6246,159.923
apple-m4 · chrome|s5|036_r3f-ref-central_i8,apple-m4 · chrome,r3f-ref-central,9051,175.0,3011.67,58.10729595233275,58.56515367219757,50.26388537123534,52.922303435745114,17.209542857067927,17.075000017881393,0.43061979887106266,17.66749999821186,19.158999984264373,19.895000010728836,1.0,0.0,2.060000002384186,2.236500012874603,14.9200000166893,16.83890000462532,0.08499997854232788,3.3656040000000003,3.6546603400000004,174.0,296.3975,310.8509,310.8509
apple-m4 · chrome|s5|036_r3f-ref-central_i8,apple-m4 · chrome,r3f-ref-central,12800,132.0,3015.76,43.770061278224205,43.927081044314406,41.35649295716275,42.75636000455594,22.84666666659442,22.765000000596046,0.22331187465146551,23.164500005543232,23.340750007033346,24.180000007152557,1.0,0.0,2.225000023841858,2.3034499993920328,20.469999998807907,20.841900001764298,0.08000001311302185,5.029958,5.1275618,131.0,475.5624,499.7705,492.3267
apple-m4 · chrome|s5|036_r3f-ref-central_i8,apple-m4 · chrome,r3f-ref-central,18102,84.0,3004.57,27.95741154287195,27.972027983687152,26.896180737160396,27.36352442618537,35.768690476460115,35.74999998509884,0.33035588643174185,36.25425002127886,36.53675000220537,37.18000000715256,1.0,1.0,3.542500004172325,3.707549985945225,32.117499977350235,32.75874998450279,0.08999998867511749,7.119874,7.22720988,83.0,398.5116,415.7485,412.4882
apple-m4 · chrome|s5|036_r3f-ref-central_i8,apple-m4 · chrome,r3f-ref-central,25600,67.0,3033.76,22.08480565356272,21.994941161802263,20.88991018431078,21.492280692489697,45.28000000030247,45.46500000357628,0.5191025162415512,45.77550000846386,46.55659998834134,47.86999997496605,1.0,1.0,3.375,3.528800002932549,41.96000000834465,43.08100000441075,0.09000000357627869,8.659041,10.230095500000001,66.0,753.8625,788.8702,767.5248
apple-m4 · chrome|s5|036_r3f-ref-central_i8,apple-m4 · chrome,r3f-ref-central,36204,61.0,4849.205,12.579381568697352,12.620685300933422,11.834319526627219,11.924873297373614,79.4951639346412,79.23500001430511,1.630734489197198,83.21000000834465,84.0260000050068,84.5,1.0,1.0,10.055000007152557,10.709000009298324,68.73499998450279,70.0370000064373,0.13499999046325684,14.542937,15.1564435,60.0,768.4118,826.7365,778.9776
