run_id,platform,scenario,label,load,iteration,frames,duration_ms,fps_mean,fps_median,fps_p1_low,fps_p5_low,frame_ms_mean,frame_ms_median,frame_ms_stddev,frame_ms_p95,frame_ms_p99,frame_ms_max,jank_60_share,jank_30_share,update_ms_median,update_ms_p99,render_ms_median,render_ms_p99,other_ms_median,gpu_ms_median,gpu_ms_p99,gpu_samples,heap_mb_start,heap_mb_peak,heap_mb_end,js_ready_ms,ttfr_submit_ms,init_ms,first_frame_render_ms,heap_mb_at_ttfr,tbt_total_ms,clicks,ok,miss,timeout,superseded,latency_render_ms_median,latency_render_ms_p95,latency_render_ms_mean,latency_frame_ms_median,queue_ms_median,dispatch_ms_median,apply_ms_median,commit_ms_median,frame_wait_ms_median,miss_share,capacity_fps60,capacity_fps30
amd-ryzen-5 · chrome|s1|009_threejs_C_i1,amd-ryzen-5 · chrome,s1,threejs,C,1,954.0,30006.675,31.792926073948745,31.964200095740352,22.883004284224253,26.526621157524616,31.45353773584886,31.28500000014901,2.2992853000483158,35.06574999995063,37.97814999991097,58.18500000005588,1.0,0.14046121593291405,0.029999999795109034,0.125,30.824999999953434,37.50640000023879,0.36499999975785613,26.19504,31.782948800000003,953.0,93.453,146.2297,141.4787,,,,,,,,,,,,,,,,,,,,,,,
amd-ryzen-5 · chrome|s1|010_r3f-ref_B_i1,amd-ryzen-5 · chrome,s1,r3f-ref,B,1,602.0,30003.005,20.06465685687158,20.03606491688398,17.87523088839104,18.82276173835095,49.83887873754134,49.90999999991618,1.567239334530373,51.93774999994784,53.3891500001261,59.22500000009313,1.0,1.0,0.060000000055879354,0.17490000027697541,49.25249999994412,52.82395000018645,0.4950000001117587,49.28392,53.198912,600.0,599.8335,640.8458,640.8458,,,,,,,,,,,,,,,,,,,,,,,
amd-ryzen-5 · chrome|s1|011_r3f-ref_A_i1,amd-ryzen-5 · chrome,s1,r3f-ref,A,1,2118.0,30034.825,70.51814019225971,160.64257027872114,12.965043772448064,13.803856403080047,14.180748347497728,6.225000000093132,20.514759828628183,68.97025000026915,75.2070999999996,82.03499999968335,0.13125590179414542,0.1307837582625118,0.03500000014901161,0.18000000016763806,5.420000000158325,74.13895000030286,0.6750000000465661,12.05472,13.61224,2101.0,76.4438,84.7601,68.0585,,,,,,,,,,,,,,,,,,,,,,,
amd-ryzen-5 · chrome|s1|012_r3f-ref_C_i1,amd-ryzen-5 · chrome,s1,r3f-ref,C,1,942.0,30009.245,31.3903265477021,31.633056544041978,24.980917354804877,26.504705995145603,31.85694798301498,31.612500000046566,2.2094165805535124,35.9182499998249,38.56914999999572,44.15500000026077,1.0,0.23991507430997877,0.030000000027939677,0.125,31.145000000018626,38.159249999867754,0.3799999998882413,26.41348,32.040672,941.0,104.4346,154.8296,142.7127,,,,,,,,,,,,,,,,,,,,,,,
amd-ryzen-5 · chrome|s1|013_threejs_A_i1,amd-ryzen-5 · chrome,s1,threejs,A,1,2103.0,30052.355,69.97787694175719,162.86644950794212,12.593174499415547,13.352145022098147,14.29023062291963,6.140000000130385,21.217506655679454,71.03900000001303,77.3157000002917,85.95999999996275,0.13076557299096528,0.1302900618164527,0.039999999571591616,0.18500000005587935,5.365000000223517,76.3240999997221,0.654999999795109,12.15016,13.591924,2086.0,75.5659,82.036,65.4868,,,,,,,,,,,,,,,,,,,,,,,
amd-ryzen-5 · chrome|s1|014_r3f-ref_D_i1,amd-ryzen-5 · chrome,s1,r3f-ref,D,1,542.0,30033.585,18.04646365060983,18.079913216474402,13.532532207427336,15.7274376800357,55.412518450184436,55.30999999982305,2.8720175520718767,58.77700000014155,63.86294999995272,83.375,1.0,1.0,0.07500000018626451,0.2038500001002108,54.68250000011176,63.095849999915835,0.5200000000186265,54.212320000000005,61.7894224,540.0,611.1228,633.0568,598.3848,,,,,,,,,,,,,,,,,,,,,,,
amd-ryzen-5 · chrome|s1|015_threejs_B_i1,amd-ryzen-5 · chrome,s1,threejs,B,1,589.0,30007.525,19.6284098738567,19.918334827178885,15.066594346977439,16.717588055578748,50.94656196943957,50.205000000074506,3.2796111700719415,57.01699999989942,59.98380000004545,78.47000000020489,1.0,1.0,0.060000000055879354,0.19999999972060323,49.635000000242144,59.31580000007525,0.4850000003352761,49.36368,57.690252799999996,587.0,587.5472,619.3692,606.0854,,,,,,,,,,,,,,,,,,,,,,,
amd-ryzen-5 · chrome|s1|016_threejs_D_i1,amd-ryzen-5 · chrome,s1,threejs,D,1,541.0,30010.575,18.02697882329829,18.014772113205307,13.652995467180506,16.233327020362644,55.4724121996298,55.50999999977648,2.651180546655277,57.84499999973923,60.800999999884525,89.73500000033528,1.0,1.0,0.07499999972060323,0.17999999998137411,54.89500000001863,60.336000000033536,0.5,54.20592,59.336576,539.0,587.183,612.2576,578.9282,,,,,,,,,,,,,,,,,,,,,,,
amd-ryzen-5 · chrome|s1|017_threejs_B_i2,amd-ryzen-5 · chrome,s1,threejs,B,2,600.0,30050.565,19.966346722599095,19.921310822248408,16.039778651061802,18.276189779944513,50.084274999999906,50.19750000000931,2.446132141460358,52.22500000009313,54.843099999851546,92.72500000009313,1.0,1.0,0.0625,0.18500000005587935,49.61499999999069,54.29554999992717,0.47999999998137355,49.36464,52.8465792,598.0,588.0188,617.2202,580.7145,,,,,,,,,,,,,,,,,,,,,,,
amd-ryzen-5 · chrome|s1|018_r3f-ref_A_i2,amd-ryzen-5 · chrome,s1,r3f-ref,A,2,2098.0,30011.335,69.90692016866302,158.102766793763,12.72058285711872,13.57119461745536,14.304735462345073,6.3250000001862645,20.676120903051455,69.76974999983794,76.29679999992719,84.83499999996275,0.1315538608198284,0.1306005719733079,0.03500000014901161,0.17499999981373549,5.544999999925494,74.6885500001582,0.6750000002793968,12.17952,13.631912,2081.0,78.1334,84.8376,68.4672,,,,,,,,,,,,,,,,,,,,,,,
amd-ryzen-5 · chrome|s1|019_threejs_D_i2,amd-ryzen-5 · chrome,s1,threejs,D,2,543.0,30009.57,18.09422794128655,18.065215427852024,15.26251526244584,16.70089318847438,55.2662430939232,55.35499999951571,1.9624546606641826,57.69450000021607,59.80059999940917,78.06500000040978,1.0,1.0,0.07500000018626451,0.19000000001862646,54.77000000048429,59.124500000011174,0.4950000001117587,54.14128,59.21728000000002,541.0,584.1196,613.7068,586.7965,,,,,,,,,,,,,,,,,,,,,,,
amd-ryzen-5 · chrome|s1|020_threejs_C_i2,amd-ryzen-5 · chrome,s1,threejs,C,2,953.0,30024.005,31.74126836176598,31.933578157014665,25.467974022548365,27.238323741999075,31.504727177334615,31.315000000409782,1.9149481993334223,34.62499999981373,37.54979999978096,41.41000000014901,1.0,0.15424973767051417,0.03000000026077032,0.11739999972283849,30.90999999921769,37.116600000150505,0.35499999951571226,26.24886,31.739322,952.0,106.9916,144.2742,128.5833,,,,,,,,,,,,,,,,,,,,,,,
amd-ryzen-5 · chrome|s1|021_r3f-ref_D_i2,amd-ryzen-5 · chrome,s1,r3f-ref,D,2,540.0,30012.03,17.992784893258207,17.998560115172683,14.552016181813594,16.411578064409298,55.577833333332094,55.56000000005588,2.2068342847335987,57.88575000069104,61.798949999883774,78.44000000040978,1.0,1.0,0.07500000018626451,0.19609999991022065,54.919999999925494,60.58790000001902,0.525000000372529,54.4364,59.020955199999996,538.0,610.029,629.5215,602.3463,,,,,,,,,,,,,,,,,,,,,,,
amd-ryzen-5 · chrome|s1|022_r3f-ref_B_i2,amd-ryzen-5 · chrome,s1,r3f-ref,B,2,600.0,30017.87,19.98809375881759,19.919326726889665,17.629429394094753,18.531502009089134,50.02978333333352,50.202499999664724,1.6411854768430976,52.23100000042468,55.65135000037029,57.830000000074506,1.0,1.0,0.06000000052154064,0.17499999981373549,49.66250000009313,55.105000000447035,0.4599999999627471,49.47488,54.5942176,598.0,599.4642,641.9861,622.4034,,,,,,,,,,,,,,,,,,,,,,,
amd-ryzen-5 · chrome|s1|023_threejs_A_i2,amd-ryzen-5 · chrome,s1,threejs,A,2,2125.0,30051.66,70.71156801321423,166.805671415631,12.702291553868253,13.38778541399828,14.141957647058893,5.994999999180436,21.13382405391248,70.84499999955297,77.08940000034868,83.59999999962747,0.1308235294117647,0.1303529411764706,0.03500000014901161,0.18000000040978192,5.259999999776483,76.13019999988377,0.6200000001117587,12.019200000000001,13.412734799999999,2108.0,72.5276,87.3569,65.6367,,,,,,,,,,,,,,,,,,,,,,,
amd-ryzen-5 · chrome|s1|024_r3f-ref_C_i2,amd-ryzen-5 · chrome,s1,r3f-ref,C,2,920.0,30026.735,30.63936188866321,31.01015582597929,19.781524056502047,23.511913128613763,32.637755434782974,32.24750000005588,3.1951099980843574,38.1175000002142,46.141400000480914,56.89000000059605,1.0,0.28695652173913044,0.03000000026077032,0.13310000057332164,31.84250000026077,45.62454999957231,0.375,26.85236,39.04415599999999,919.0,102.3479,154.6507,154.6507,,,,,,,,,,,,,,,,,,,,,,,
amd-ryzen-5 · chrome|s1|025_threejs_C_i3,amd-ryzen-5 · chrome,s1,threejs,C,3,954.0,30010.955,31.78839193887691,32.0975766331753,25.186097274315088,27.275628935344592,31.458024109014755,31.15499999979511,2.1514636054993277,34.9117500001099,37.99879999997094,43.82000000029802,1.0,0.21174004192872117,0.03000000026077032,0.12734999994747354,30.667499999981374,37.14659999978729,0.3700000001117587,26.12336,31.407673600000003,953.0,89.7227,143.7068,137.9285,,,,,,,,,,,,,,,,,,,,,,,
amd-ryzen-5 · chrome|s1|026_threejs_B_i3,amd-ryzen-5 · chrome,s1,threejs,B,3,603.0,30006.95,20.095344578505856,20.082337584124836,17.532581380411933,18.82624629749917,49.76276948590412,49.794999999925494,1.646128688600364,51.67949999971315,53.048400000724946,67.44000000040978,1.0,1.0,0.06000000052154064,0.17989999970421205,49.25,52.57740000007674,0.47499999962747097,48.95728,52.04608,601.0,586.178,617.7148,592.6,,,,,,,,,,,,,,,,,,,,,,,
amd-ryzen-5 · chrome|s1|027_threejs_A_i3,amd-ryzen-5 · chrome,s1,threejs,A,3,2107.0,30003.235,70.2257606554752,162.86644949559025,12.784882181226719,13.513417858685203,14.239788799240786,6.1400000005960464,21.011205869031333,70.37000000020487,76.28370000006632,80.94000000040978,0.1305173232083531,0.13004271476032273,0.03999999910593033,0.17499999981373549,5.389999999664724,75.19440000031143,0.6550000002607703,12.1576,13.568180799999997,2087.0,75.2109,82.0624,65.7809,,,,,,,,,,,,,,,,,,,,,,,
amd-ryzen-5 · chrome|s1|028_threejs_D_i3,amd-ryzen-5 · chrome,s1,threejs,D,3,539.0,30012.68,17.959075963892772,17.92917973990714,15.765659241063386,16.721332561575515,55.68215213358015,55.77500000037253,1.7895506297175983,57.94150000037625,60.295100000146775,71.46499999985099,1.0,1.0,0.07500000018626451,0.18810000009834768,55.16000000014901,59.58259999975562,0.5,54.48416,58.418368,537.0,584.1176,613.7988,595.7852,,,,,,,,,,,,,,,,,,,,,,,
amd-ryzen-5 · chrome|s1|029_r3f-ref_D_i3,amd-ryzen-5 · chrome,s1,r3f-ref,D,3,544.0,30041.29,18.10841012486479,18.06032147368578,13.18252524450218,16.044163044354843,55.2229595588236,55.37000000011176,3.0929640897356836,57.798499999847266,62.296050000144206,94.73500000033528,1.0,1.0,0.07500000018626451,0.18000000023283064,54.735000000335276,61.522399999871894,0.525000000372529,54.266400000000004,60.050689600000005,542.0,611.6171,630.2101,588.8535,,,,,,,,,,,,,,,,,,,,,,,
amd-ryzen-5 · chrome|s1|030_r3f-ref_C_i3,amd-ryzen-5 · chrome,s1,r3f-ref,C,3,939.0,30002.075,31.29783523306285,31.338138514425893,24.4114136919871,26.635167685779496,31.95109158679466,31.91000000014901,2.0045596627345623,34.97599999969825,38.51889999980107,43.549999999813735,1.0,0.2055378061767838,0.03000000026077032,0.1299999998882413,31.449999999254942,38.06890000019222,0.375,26.57654,32.5151292,938.0,104.4675,155.7729,141.9574,,,,,,,,,,,,,,,,,,,,,,,
amd-ryzen-5 · chrome|s1|031_r3f-ref_B_i3,amd-ryzen-5 · chrome,s1,r3f-ref,B,3,597.0,30018.925,19.887454330893053,19.870839542897144,14.876746158091848,17.42510958290273,50.28295644891091,50.325000000186265,2.5166709450699316,53.19399999957532,58.6403999997675,76.34000000078231,1.0,1.0,0.06500000040978193,0.2058000000566237,49.65499999932945,57.71899999994784,0.5,49.6872,55.736687999999965,595.0,599.3872,636.236,636.236,,,,,,,,,,,,,,,,,,,,,,,
amd-ryzen-5 · chrome|s1|032_r3f-ref_A_i3,amd-ryzen-5 · chrome,s1,r3f-ref,A,3,2128.0,30003.325,70.92547242680558,160.83634902017755,12.822469851909128,13.732660087509673,14.099306860902344,6.217499999795109,20.4467663813883,68.4177499999292,75.65854999942705,84.2749999994412,0.13063909774436092,0.13016917293233082,0.03500000014901161,0.17999999970197678,5.455000000074506,74.57825000011363,0.6749999998137355,12.00896,13.3876912,2107.0,78.1993,84.5252,68.4032,,,,,,,,,,,,,,,,,,,,,,,
amd-ryzen-5 · chrome|s1|033_r3f-ref_C_i4,amd-ryzen-5 · chrome,s1,r3f-ref,C,4,950.0,30032.66,31.632229712586074,32.08213025352551,25.563098247418335,27.218842388378658,31.61332631578963,31.169999999925494,1.8725444444317325,34.762499999813734,37.82569999971427,41.20499999914318,1.0,0.15473684210526314,0.029999999329447746,0.125,30.66499999957159,37.31529999994673,0.3799999998882413,26.00076,31.7174928,949.0,104.0546,155.8162,145.2805,,,,,,,,,,,,,,,,,,,,,,,
amd-ryzen-5 · chrome|s1|034_threejs_B_i4,amd-ryzen-5 · chrome,s1,threejs,B,4,593.0,30044.9,19.73712676693918,19.878739688021554,16.26307144370635,17.38974005337434,50.665935919054704,50.30499999970198,2.5909483014255383,55.708999999798834,57.83959999963645,71.96999999973923,1.0,1.0,0.06500000040978193,0.18499999966472389,49.6949999993667,56.96260000005365,0.48999999929219484,49.42976,55.74272,591.0,586.626,612.0926,606.5083,,,,,,,,,,,,,,,,,,,,,,,
amd-ryzen-5 · chrome|s1|035_threejs_A_i4,amd-ryzen-5 · chrome,s1,threejs,A,4,2116.0,30003.995,70.5239418950707,162.60162600641075,12.76196206050531,13.509949112520477,14.179581758034079,6.150000000372529,20.867384426230235,69.88250000029802,76.31900000018068,83.37000000011176,0.12996219281663515,0.12996219281663515,0.03500000014901161,0.19000000027008354,5.3549999999813735,75.27375000012107,0.6549999993294477,12.0696,13.497812799999998,2095.0,68.8521,83.9552,77.1794,,,,,,,,,,,,,,,,,,,,,,,
amd-ryzen-5 · chrome|s1|036_threejs_C_i4,amd-ryzen-5 · chrome,s1,threejs,C,4,947.0,30029.505,31.535651353560556,31.640563201577457,25.21573461853874,26.77559205391465,31.710142555438107,31.605000000447035,2.0459142638870467,35.47800000021234,38.143900000080464,44.989999999292195,1.0,0.17845828933474128,0.029999999329447746,0.11500000022351742,31.21499999985099,37.67429999940097,0.35499999951571226,26.48332,32.292809999999996,946.0,91.1678,143.512,136.1177,,,,,,,,,,,,,,,,,,,,,,,
amd-ryzen-5 · chrome|s1|037_r3f-ref_D_i4,amd-ryzen-5 · chrome,s1,r3f-ref,D,4,544.0,30055.495,18.099851624469935,18.068479537532056,13.391541902130605,16.183072506166145,55.249071691176674,55.34499999973923,2.9369611668266495,57.726250000251454,60.500950000099856,91.39500000048429,1.0,1.0,0.07000000029802322,0.17499999981373549,54.697500000242144,59.990249999808164,0.5100000002421439,54.26696,59.728046400000004,542.0,620.0409,629.4871,589.7721,,,,,,,,,,,,,,,,,,,,,,,
amd-ryzen-5 · chrome|s1|038_r3f-ref_A_i4,amd-ryzen-5 · chrome,s1,r3f-ref,A,4,2116.0,30000.505,70.53214604220855,160.12810247911997,12.75882181396216,13.63851568786477,14.177932419659683,6.245000000111759,20.657525423750055,69.07874999986961,76.0202500001993,85.30499999970198,0.13043478260869565,0.12996219281663515,0.0400000000372529,0.18000000049360096,5.445000000298023,75.01399999978018,0.6799999997019768,12.076,13.5777448,2095.0,76.3761,84.6155,68.531,,,,,,,,,,,,,,,,,,,,,,,
amd-ryzen-5 · chrome|s1|039_threejs_D_i4,amd-ryzen-5 · chrome,s1,threejs,D,4,540.0,30040.64,17.97564898750457,17.957351290684624,14.235280719726736,16.36442979055451,55.63081481481592,55.6875,2.2922437952411774,57.78025000025518,63.023099999520966,75.07500000018626,1.0,1.0,0.07499999925494194,0.1630499995127321,55.05999999959022,62.37044999961745,0.4900000002235174,54.370000000000005,60.0103392,538.0,585.3372,616.3869,603.2284,,,,,,,,,,,,,,,,,,,,,,,
amd-ryzen-5 · chrome|s1|040_r3f-ref_B_i4,amd-ryzen-5 · chrome,s1,r3f-ref,B,4,604.0,30035.06,20.109831643419042,20.08637139694701,18.585345455110794,18.994194107993373,49.726920529802186,49.78500000014901,1.4805614282811066,51.99775000005029,53.075350000066685,55.43999999947846,1.0,1.0,0.06000000052154064,0.17484999981708838,49.18250000057742,52.258949999772014,0.4950000001117587,49.062560000000005,51.4977104,602.0,601.1317,637.8244,637.8244,,,,,,,,,,,,,,,,,,,,,,,
amd-ryzen-5 · chrome|s1|041_threejs_C_i5,amd-ryzen-5 · chrome,s1,threejs,C,5,957.0,30008.035,31.891458404390534,31.903014835167312,25.50948102387747,27.10503778841418,31.356358411703393,31.34499999973923,2.0310261293548346,35.03400000017136,37.94719999972731,41.364999999292195,1.0,0.14211076280041798,0.03000000026077032,0.12220000006258458,30.950000000186265,37.486999999769026,0.36499999929219484,26.20534,31.560258,956.0,94.3296,146.3029,144.981,,,,,,,,,,,,,,,,,,,,,,,
amd-ryzen-5 · chrome|s1|042_threejs_B_i5,amd-ryzen-5 · chrome,s1,threejs,B,5,603.0,30048.93,20.06727028216998,20.11465352515332,15.317845289755288,17.75489369258576,49.832388059700996,49.71499999985099,2.529685797590953,52.37349999994039,56.93319999961183,85.53500000014901,1.0,1.0,0.05999999959021807,0.18990000039339075,49.16000000014901,56.34850000055507,0.47500000055879354,48.88992,56.18688,601.0,586.6496,613.5676,586.3907,,,,,,,,,,,,,,,,,,,,,,,
amd-ryzen-5 · chrome|s1|043_r3f-ref_D_i5,amd-ryzen-5 · chrome,s1,r3f-ref,D,5,540.0,30049.395,17.970411717107492,17.967837570664173,13.698067202730279,16.1911272622686,55.647027777778675,55.65500000026077,2.7765304675200717,58.455250000068915,61.427799999481074,88.75500000081956,1.0,1.0,0.07500000018626451,0.20805000000633306,55.00749999983236,60.69020000029356,0.5200000004842877,54.502480000000006,59.6890064,538.0,611.8608,629.6052,588.8324,,,,,,,,,,,,,,,,,,,,,,,
amd-ryzen-5 · chrome|s1|044_threejs_A_i5,amd-ryzen-5 · chrome,s1,threejs,A,5,2129.0,30060.52,70.82379147133953,168.4919966417936,12.583590997347617,13.432786644265533,14.119549084076821,5.934999999590218,21.440392112584664,70.62099999990313,77.3294000002369,83.0800000000745,0.13057773602630343,0.13057773602630343,0.03500000014901161,0.19500000029802322,5.159999999217689,76.22759999997912,0.650000000372529,12.01496,13.3884376,2112.0,68.0122,83.8181,77.0433,,,,,,,,,,,,,,,,,,,,,,,
amd-ryzen-5 · chrome|s1|045_r3f-ref_A_i5,amd-ryzen-5 · chrome,s1,r3f-ref,A,5,2123.0,30045.03,70.66060509841333,160.642570290738,12.849655965750232,13.643811566089378,14.152157324540868,6.224999999627471,20.779814401364764,69.15450000008568,75.89499999925499,83.07499999925494,0.1304757418747056,0.1304757418747056,0.03500000014901161,0.19000000040978193,5.409999999217689,74.75690000016245,0.6799999997019768,12.05264,13.633145999999998,2106.0,76.0788,85.0538,68.3082,,,,,,,,,,,,,,,,,,,,,,,
amd-ryzen-5 · chrome|s1|046_r3f-ref_C_i5,amd-ryzen-5 · chrome,s1,r3f-ref,C,5,938.0,30023.73,31.241954280831035,31.252441596945186,24.77598381296801,26.42728904843155,32.0082409381658,31.99750000005588,2.1765559572888162,35.82199999988079,39.23944999989122,42.16500000003725,1.0,0.2484008528784648,0.03000000026077032,0.12000000011175871,31.559999999590218,38.61945000064559,0.3799999998882413,26.78908,33.238719999999994,937.0,104.9275,156.4743,142.1478,,,,,,,,,,,,,,,,,,,,,,,
amd-ryzen-5 · chrome|s1|047_threejs_D_i5,amd-ryzen-5 · chrome,s1,threejs,D,5,546.0,30027.055,18.18360142211767,18.134832479307324,15.809026954372337,16.93963529592087,54.994606227105685,55.14250000054017,1.8559455862259298,57.21250000037253,59.745500000100584,71.53000000026077,1.0,1.0,0.07500000018626451,0.17825000025331905,54.53499999968335,58.83550000032409,0.5,53.87576,57.25729120000002,544.0,585.8363,613.0106,603.8664,,,,,,,,,,,,,,,,,,,,,,,
amd-ryzen-5 · chrome|s1|048_r3f-ref_B_i5,amd-ryzen-5 · chrome,s1,r3f-ref,B,5,599.0,30028.74,19.94755690714947,19.90643973312085,15.745303963061607,18.229534989693793,50.13145242070154,50.235000000335276,2.143028436626171,52.12150000007823,55.02049999978392,77.85999999940395,1.0,1.0,0.06499999947845936,0.18010000061243764,49.59500000067055,54.46460000006481,0.4950000001117587,49.50544,52.945248,597.0,597.5983,621.94,621.5857,,,,,,,,,,,,,,,,,,,,,,,
amd-ryzen-5 · chrome|s1|049_r3f-ref_A_i6,amd-ryzen-5 · chrome,s1,r3f-ref,A,6,2118.0,30055.83,70.4688574562737,160.38492383249348,12.804799970719088,13.618032349949823,14.190665722379638,6.2349999994039536,20.607944903174605,69.13824999984352,75.87640000058337,85.0699999993667,0.13125590179414542,0.13031161473087818,0.03500000014901161,0.17999999970197678,5.4249999998137355,74.99459999964571,0.6800000001676381,12.09232,13.51648,2101.0,76.8642,84.8259,68.1965,,,,,,,,,,,,,,,,,,,,,,,
amd-ryzen-5 · chrome|s1|050_threejs_A_i6,amd-ryzen-5 · chrome,s1,threejs,A,6,2124.0,30001.155,70.79727430493864,163.39869280747365,12.62076115206129,13.576228280418976,14.124837570621592,6.120000000111759,20.713496988105426,69.0,76.91635000058449,82.8850000007078,0.13041431261770245,0.12994350282485875,0.0400000000372529,0.18884999971836797,5.34749999968335,75.62389999981968,0.6550000002607703,12.01728,13.455332799999999,2103.0,72.6861,82.2172,65.927,,,,,,,,,,,,,,,,,,,,,,,
amd-ryzen-5 · chrome|s1|051_r3f-ref_D_i6,amd-ryzen-5 · chrome,s1,r3f-ref,D,6,543.0,30042.16,18.074599163309074,18.029387902329155,12.648141355644476,15.961927846179583,55.326261510129186,55.46499999985099,3.4114250765854277,57.6214999999851,61.811100000515616,106.59499999973923,1.0,1.0,0.07500000018626451,0.2028999997302892,54.830000000074506,61.18589999968189,0.5149999996647239,54.35024,60.314144,541.0,597.3717,630.9298,589.1103,,,,,,,,,,,,,,,,,,,,,,,
amd-ryzen-5 · chrome|s1|052_threejs_C_i6,amd-ryzen-5 · chrome,s1,threejs,C,6,941.0,30002.13,31.36443979144159,31.397174253766263,25.008683570684262,26.6243697954769,31.883241232731017,31.850000000558794,2.101273465013943,35.92500000074506,38.54999999944121,44.330000000074506,1.0,0.20828905419766205,0.03000000026077032,0.125,31.449999999254942,38.18300000000745,0.35499999951571226,26.546239999999997,32.0561992,940.0,89.5387,143.9789,129.9877,,,,,,,,,,,,,,,,,,,,,,,
amd-ryzen-5 · chrome|s1|053_r3f-ref_B_i6,amd-ryzen-5 · chrome,s1,r3f-ref,B,6,600.0,30026.925,19.98206609567925,19.919326726704902,16.272951642254785,18.338473199888462,50.04487499999969,50.202500000130385,2.310621285979339,52.15599999935366,53.471999999741094,88.25,1.0,1.0,0.05999999959021807,0.17515000073239193,49.58749999990687,52.912250000145285,0.4950000001117587,49.42904,52.3363744,598.0,611.6516,621.6398,616.8133,,,,,,,,,,,,,,,,,,,,,,,
amd-ryzen-5 · chrome|s1|054_threejs_D_i6,amd-ryzen-5 · chrome,s1,threejs,D,6,542.0,30014.53,18.057920613782567,18.052985512606607,14.66533700946691,16.57433127177868,55.377361623616714,55.392499999608845,2.3113432320114784,57.63899999968707,60.290450000148276,86.61500000022352,1.0,1.0,0.07000000029802322,0.1829499996360393,54.81000000005588,59.274749999996274,0.4950000001117587,54.08464,58.64572800000001,540.0,584.6161,616.3628,584.7617,,,,,,,,,,,,,,,,,,,,,,,
amd-ryzen-5 · chrome|s1|055_r3f-ref_C_i6,amd-ryzen-5 · chrome,s1,r3f-ref,C,6,946.0,30022.105,31.51011562979964,31.49854319232191,23.529411764705884,26.638252530565374,31.735840380550155,31.74750000005588,2.1884205502375353,34.98999999999069,38.289750000135975,50.0,1.0,0.18816067653276955,0.03000000026077032,0.1299999998882413,31.28500000014901,37.87949999999255,0.38000000081956387,26.366,31.654751999999995,945.0,106.4592,154.8892,146.1779,,,,,,,,,,,,,,,,,,,,,,,
amd-ryzen-5 · chrome|s1|056_threejs_B_i6,amd-ryzen-5 · chrome,s1,threejs,B,6,605.0,30005.56,20.16292980367666,20.163322915722514,17.047149574538775,18.58972174288142,49.59596694214808,49.59499999973923,1.860357554519294,51.65800000000745,53.89339999932797,71.75,1.0,1.0,0.05999999959021807,0.1699999999254942,49.0550000006333,53.33540000066162,0.46500000078231096,48.66064,52.22571520000001,603.0,586.1541,611.5749,589.5922,,,,,,,,,,,,,,,,,,,,,,,
amd-ryzen-5 · chrome|s1|057_r3f-ref_A_i7,amd-ryzen-5 · chrome,s1,r3f-ref,A,7,2125.0,30005.95,70.81928750797715,161.42050039578578,12.796334154941265,13.718947937888403,14.120447058823617,6.195000000298023,20.588854752767272,68.86099999956787,75.54039999980479,83.21499999985099,0.1308235294117647,0.12988235294117648,0.03500000014901161,0.17500000052154063,5.389999999664724,74.61060000013556,0.6799999997019768,12.04816,13.4381056,2105.0,76.2994,84.6856,68.1208,,,,,,,,,,,,,,,,,,,,,,,
amd-ryzen-5 · chrome|s1|058_r3f-ref_C_i7,amd-ryzen-5 · chrome,s1,r3f-ref,C,7,947.0,30009.105,31.557089090128322,31.786395422796698,25.175177275198777,26.785816055515635,31.688600844772456,31.459999999962747,1.9899499529317115,35.450499999988814,38.017899999674405,43.37000000011176,1.0,0.16473072861668428,0.03000000026077032,0.11770000016316753,30.99500000011176,37.59090000040829,0.3799999998882413,26.315640000000002,32.438119999999984,946.0,105.3568,154.6795,146.3421,,,,,,,,,,,,,,,,,,,,,,,
amd-ryzen-5 · chrome|s1|059_threejs_D_i7,amd-ryzen-5 · chrome,s1,threejs,D,7,542.0,30032.01,18.047410080111323,18.02045321449512,14.105765026209184,16.466627634682123,55.40961254612505,55.49249999970198,2.67647498284479,57.659500000160186,60.072950000306605,97.59999999962747,1.0,1.0,0.07499999972060323,0.1797499997075655,54.864999999757856,59.49959999953398,0.4950000001117587,54.22464,59.05815520000001,540.0,584.4865,612.046,583.6002,,,,,,,,,,,,,,,,,,,,,,,
amd-ryzen-5 · chrome|s1|060_threejs_A_i7,amd-ryzen-5 · chrome,s1,threejs,A,7,2117.0,30051.58,70.44554728902756,162.99918501001355,12.644813218039362,13.470665701057005,14.195361360415717,6.134999999776483,20.89922639348435,70.0539999997243,76.2353999992833,84.3300000000745,0.13084553613604158,0.13037316957959377,0.03500000014901161,0.17999999970197678,5.34499999973923,75.0242000002414,0.6450000004842877,12.044720000000002,13.507523999999998,2100.0,73.2114,83.9574,65.5792,,,,,,,,,,,,,,,,,,,,,,,
amd-ryzen-5 · chrome|s1|061_threejs_C_i7,amd-ryzen-5 · chrome,s1,threejs,C,7,959.0,30007.235,31.958959230998435,31.943778949353778,25.796465884121535,27.418597392943845,31.290130344108796,31.304999999701977,2.03714100764632,34.65099999960511,37.528799999598405,41.29000000003725,1.0,0.12200208550573514,0.03000000026077032,0.13499999977648258,30.84000000078231,37.132800000067796,0.3700000001117587,26.25958,31.641941199999998,958.0,88.6753,143.1962,139.0863,,,,,,,,,,,,,,,,,,,,,,,
amd-ryzen-5 · chrome|s1|062_r3f-ref_D_i7,amd-ryzen-5 · chrome,s1,r3f-ref,D,7,546.0,30049.33,18.170122262293322,18.15129101048721,13.4863585483243,16.218310472522028,55.035402930403066,55.09250000026077,2.88827876787357,57.450000000186265,61.588249999657265,93.52999999932945,1.0,1.0,0.07500000018626451,0.18775000004097797,54.4375,61.07949999985284,0.5199999995529652,54.005520000000004,59.40060960000001,544.0,602.0631,626.5858,591.5927,,,,,,,,,,,,,,,,,,,,,,,
amd-ryzen-5 · chrome|s1|063_threejs_B_i7,amd-ryzen-5 · chrome,s1,threejs,B,7,596.0,30011.995,19.858726485859997,19.797079930637217,15.527709197022634,18.115149887205387,50.35569630872502,50.512500000186265,2.3128280320971766,52.34625000040978,54.52125000013036,86.55000000074506,1.0,1.0,0.06499999947845936,0.19525000029243506,49.91500000003725,53.91149999969637,0.4850000003352761,49.67232,53.77323040000001,594.0,585.8874,614.2022,579.6903,,,,,,,,,,,,,,,,,,,,,,,
amd-ryzen-5 · chrome|s1|064_r3f-ref_B_i7,amd-ryzen-5 · chrome,s1,r3f-ref,B,7,589.0,30010.78,19.62628095637617,19.708316909649092,12.860413076497592,16.222142665373585,50.95208828522964,50.74000000022352,4.0735079133362415,56.70800000000745,59.838999999500814,99.62999999988824,1.0,1.0,0.06499999947845936,0.17059999991208316,50.02499999944121,58.814399999827145,0.5099999997764826,49.9744,57.789078399999994,587.0,603.7195,620.9086,611.6445,,,,,,,,,,,,,,,,,,,,,,,
amd-ryzen-5 · chrome|s1|065_threejs_C_i8,amd-ryzen-5 · chrome,s1,threejs,C,8,955.0,30008.495,31.824321746225408,31.867431485135803,25.316099633057156,26.98032732308162,31.422507853403257,31.37999999988824,2.0499301053113372,35.30599999995902,38.039799999743714,45.45999999996275,1.0,0.1382198952879581,0.03000000026077032,0.12729999994859117,30.984999999403954,37.63629999987783,0.35500000044703484,26.19584,31.9222936,954.0,90.0396,143.6724,137.9593,,,,,,,,,,,,,,,,,,,,,,,
amd-ryzen-5 · chrome|s1|066_threejs_D_i8,amd-ryzen-5 · chrome,s1,threejs,D,8,545.0,30041.675,18.141465147998684,18.109380659266975,15.422340802839216,16.80928619675616,55.122339449540945,55.21999999973923,1.924698573723161,57.56499999929219,59.38820000004022,70.56500000040978,1.0,1.0,0.07499999925494194,0.18280000004917357,54.614999999292195,58.59499999973923,0.5049999998882413,54.03728,58.498176000000036,543.0,585.0155,612.7547,583.4474,,,,,,,,,,,,,,,,,,,,,,,
amd-ryzen-5 · chrome|s1|067_threejs_B_i8,amd-ryzen-5 · chrome,s1,threejs,B,8,603.0,30038.445,20.074274816822044,20.104543626769328,14.504665667483797,17.68565516511462,49.815000000000495,49.74000000022352,2.675335806541408,52.52000000039116,56.119299999680386,78.20999999996275,1.0,1.0,0.05999999959021807,0.22439999964088256,49.18999999947846,54.97119999952615,0.47999999951571226,48.92352,53.86832,601.0,587.978,610.2185,581.7951,,,,,,,,,,,,,,,,,,,,,,,
amd-ryzen-5 · chrome|s1|068_r3f-ref_A_i8,amd-ryzen-5 · chrome,s1,r3f-ref,A,8,2114.0,30003.43,70.45861089882126,161.29032257579956,12.78068047994875,13.643983003488525,14.192729422894844,6.2000000001862645,20.702223292290444,69.64400000022724,75.43005000026895,82.75499999988824,0.130558183538316,0.13008514664143803,0.0400000000372529,0.18000000051222742,5.407500000204891,74.32815000019964,0.6700000003911555,12.08768,13.5650672,2093.0,77.9879,84.7556,67.9413,,,,,,,,,,,,,,,,,,,,,,,
amd-ryzen-5 · chrome|s1|069_threejs_A_i8,amd-ryzen-5 · chrome,s1,threejs,A,8,2124.0,30023.605,70.74433599829096,162.20600162107985,12.832852101402903,13.640580985806006,14.13540725047102,6.165000000037253,20.6780700901506,69.44474999988451,75.97564999976194,81.44500000029802,0.13088512241054615,0.13041431261770245,0.03500000014901161,0.18500000030733646,5.394999999552965,74.63874999962746,0.6499999994412065,11.996,13.3890904,2107.0,75.3141,82.1927,65.5528,,,,,,,,,,,,,,,,,,,,,,,
amd-ryzen-5 · chrome|s1|070_r3f-ref_C_i8,amd-ryzen-5 · chrome,s1,r3f-ref,C,8,939.0,30022.985,31.276037342722233,31.605562579348817,26.00780234064622,27.375086291012238,31.973359957401847,31.639999999664724,1.7701466499835081,34.875,37.58080000028014,40.58499999996275,1.0,0.20766773162939298,0.029999999329447746,0.11809999957680704,31.205000000074506,37.17629999965429,0.3799999998882413,26.552,31.2668204,938.0,105.551,155.5056,141.234,,,,,,,,,,,,,,,,,,,,,,,
amd-ryzen-5 · chrome|s1|071_r3f-ref_B_i8,amd-ryzen-5 · chrome,s1,r3f-ref,B,8,603.0,30028.55,20.08088968664833,20.064205457523872,17.39559021787789,18.672567197892977,49.798590381425896,49.83999999985099,1.8065577764568452,51.86850000005215,53.60129999952391,71.69000000040978,1.0,1.0,0.06000000052154064,0.1800000006146729,49.25,53.0453999998048,0.4950000001117587,49.19488,52.77936,601.0,607.7793,628.6109,605.5971,,,,,,,,,,,,,,,,,,,,,,,
amd-ryzen-5 · chrome|s1|072_r3f-ref_D_i8,amd-ryzen-5 · chrome,s1,r3f-ref,D,8,544.0,30057.4,18.0987044787643,18.088088993349093,13.329245697978008,16.218115635176453,55.25257352941074,55.28500000014901,2.961108559110542,57.57924999995157,61.0930999997724,93.20000000018626,1.0,1.0,0.07500000018626451,0.17570000019855847,54.64999999990687,60.463950000265626,0.5175000000745058,54.266000000000005,59.59128960000001,542.0,611.3081,626.3978,588.3406,,,,,,,,,,,,,,,,,,,,,,,
amd-ryzen-5 · chrome|s1|073_threejs_A_i9,amd-ryzen-5 · chrome,s1,threejs,A,9,2105.0,30005.73,70.15326739259581,163.13213703396923,12.669645038779018,13.420725690592647,14.254503562945137,6.129999999888241,21.277891928859653,70.43399999998509,77.41219999995083,82.53000000026077,0.13064133016627077,0.130166270783848,0.0400000000372529,0.20000000018626451,5.3500000005587935,76.29079999994487,0.659999999217689,12.12528,13.466280799999998,2087.0,74.583,82.2815,66.0398,,,,,,,,,,,,,,,,,,,,,,,
amd-ryzen-5 · chrome|s1|074_r3f-ref_C_i9,amd-ryzen-5 · chrome,s1,r3f-ref,C,9,938.0,30002.215,31.264358314877907,31.38239447647844,24.128362890585105,26.11218019677887,31.985303837952934,31.865000000223517,2.2164952308136594,36.08650000006892,39.5825999996718,44.00999999977648,1.0,0.19936034115138593,0.03000000026077032,0.12000000011175871,31.46999999973923,39.155399999562654,0.3700000001117587,26.59332,33.075992,937.0,104.9199,155.5902,141.9892,,,,,,,,,,,,,,,,,,,,,,,
amd-ryzen-5 · chrome|s1|075_threejs_B_i9,amd-ryzen-5 · chrome,s1,threejs,B,9,605.0,30044.86,20.13655580355486,20.134903855818987,16.00832432866363,18.186337211076477,49.66092561983527,49.66500000003725,2.1338302049994864,51.95099999960511,56.52199999943376,74.32000000029802,1.0,1.0,0.05500000063329935,0.19000000037252904,49.08999999985099,55.864799999222164,0.4699999997392297,48.86912,53.359254400000005,603.0,588.7574,611.2808,590.5693,,,,,,,,,,,,,,,,,,,,,,,
amd-ryzen-5 · chrome|s1|076_r3f-ref_A_i9,amd-ryzen-5 · chrome,s1,r3f-ref,A,9,2115.0,30000.535,70.49874277242021,153.02218821380228,12.942630250603097,13.990262777093731,14.18465011820338,6.535000000149012,19.97391584629376,66.59300000034273,74.70730000069365,84.71499999985099,0.1309692671394799,0.13049645390070921,0.03999999910593033,0.1699999999254942,5.75,73.51190000014381,0.6650000000372529,12.05528,13.514204000000001,2096.0,68.0371,84.713,68.3763,,,,,,,,,,,,,,,,,,,,,,,
amd-ryzen-5 · chrome|s1|077_r3f-ref_D_i9,amd-ryzen-5 · chrome,s1,r3f-ref,D,9,543.0,30007.63,18.095397737175578,18.06358381522339,13.516253294593545,16.27079422567555,55.262670349907715,55.35999999940395,2.9079139464931987,57.91450000070035,61.122000000197495,98.75999999977648,1.0,1.0,0.07500000018626451,0.1757999997958545,54.70499999914318,60.48400000033905,0.5200000004842877,54.29536,59.58598400000002,541.0,611.8163,634.3442,589.0739,,,,,,,,,,,,,,,,,,,,,,,
amd-ryzen-5 · chrome|s1|078_r3f-ref_B_i9,amd-ryzen-5 · chrome,s1,r3f-ref,B,9,598.0,30032.82,19.91155009752644,19.89356940384506,17.770827409761843,18.68610881115497,50.22210702341187,50.267499999608845,1.5205142143253259,52.40649999943562,53.5464999999199,60.56499999947846,1.0,1.0,0.06499999994412065,0.18530000051483483,49.61749999970198,52.911150000263,0.5049999998882413,49.51032,53.121039999999994,596.0,598.0367,636.693,636.693,,,,,,,,,,,,,,,,,,,,,,,
amd-ryzen-5 · chrome|s1|079_threejs_D_i9,amd-ryzen-5 · chrome,s1,threejs,D,9,543.0,30023.22,18.086001434889553,18.021265093039386,15.533015424260949,16.87848118675538,55.29138121546913,55.489999999292195,1.859315587539863,57.36500000013039,59.34270000033081,73.8850000007078,1.0,1.0,0.07000000029802322,0.18999999947845936,54.87999999988824,58.542700000032795,0.5,54.1992,56.98108800000001,541.0,585.3244,612.4024,585.356,,,,,,,,,,,,,,,,,,,,,,,
amd-ryzen-5 · chrome|s1|080_threejs_C_i9,amd-ryzen-5 · chrome,s1,threejs,C,9,944.0,30027.435,31.437916691851424,31.481189989313865,25.82904045112515,27.048802946584303,31.808723516949705,31.764999999664724,1.9591713212478528,35.12950000027193,38.057699999772005,40.125,1.0,0.19703389830508475,0.03000000026077032,0.11784999962896077,31.37250000005588,37.554799999436355,0.35500000044703484,26.4488,31.2708696,943.0,91.2304,142.7787,134.1165,,,,,,,,,,,,,,,,,,,,,,,
amd-ryzen-5 · chrome|s1|081_r3f-ref_B_i10,amd-ryzen-5 · chrome,s1,r3f-ref,B,10,602.0,30008.695,20.060852362956602,20.01501125848114,18.351429882129988,18.931147416795536,49.84833056478455,49.96249999990687,1.48940096014055,51.90449999938719,52.91894999993034,57.97000000067055,1.0,1.0,0.0625,0.17994999971240763,49.41500000003725,52.21474999985658,0.4900000002235174,49.2216,51.722463999999995,600.0,598.6737,636.8982,636.8982,,,,,,,,,,,,,,,,,,,,,,,
amd-ryzen-5 · chrome|s1|082_r3f-ref_A_i10,amd-ryzen-5 · chrome,s1,r3f-ref,A,10,2132.0,30014.945,71.03128125005877,163.80016378816964,12.838422341301456,13.658209743714636,14.078304409005332,6.105000000447035,20.649453570874062,68.85674999989568,76.15209999974817,81.43999999947846,0.13086303939962476,0.1303939962476548,0.0400000000372529,0.17499999981373549,5.304999999701977,75.1067499998305,0.6799999997019768,11.99264,13.3517848,2115.0,71.8443,84.7983,69.6749,,,,,,,,,,,,,,,,,,,,,,,
amd-ryzen-5 · chrome|s1|083_threejs_D_i10,amd-ryzen-5 · chrome,s1,threejs,D,10,540.0,30042.085,17.974784373321647,17.990465053382977,15.6369720567364,16.567873053311274,55.63349074074067,55.58500000042841,1.8203347593887929,58.44374999948777,61.11184999986553,70.72999999951571,1.0,1.0,0.07499999972060323,0.1780500006768853,54.96749999979511,60.53819999964909,0.4950000001117587,54.31232,59.0576176,538.0,584.0252,620.7214,607.8522,,,,,,,,,,,,,,,,,,,,,,,
amd-ryzen-5 · chrome|s1|084_threejs_A_i10,amd-ryzen-5 · chrome,s1,threejs,A,10,2108.0,30004.435,70.25628044654161,159.23566878319681,12.609999729773591,13.558008909553603,14.233602941176276,6.28000000026077,20.836841996000175,68.28875000001861,77.1167999997921,84.45000000018626,0.13045540796963948,0.12998102466793168,0.0400000000372529,0.18500000045634807,5.485000000335276,75.83810000049878,0.6650000000372529,12.11984,13.507320799999999,2087.0,68.0211,82.2443,65.693,,,,,,,,,,,,,,,,,,,,,,,
amd-ryzen-5 · chrome|s1|085_threejs_B_i10,amd-ryzen-5 · chrome,s1,threejs,B,10,591.0,30044.36,19.67091327623532,19.841269841489826,15.339540734103084,16.971172415414145,50.83648054145573,50.39999999944121,2.887157017429164,56.487499999813735,59.13399999942631,80.44500000029802,1.0,1.0,0.06500000040978193,0.18599999956786656,49.78000000026077,58.27999999970198,0.4850000003352761,49.53536,56.4085888,589.0,586.3549,611.8549,581.6261,,,,,,,,,,,,,,,,,,,,,,,
amd-ryzen-5 · chrome|s1|086_r3f-ref_C_i10,amd-ryzen-5 · chrome,s1,r3f-ref,C,10,934.0,30010.075,31.12288123238593,31.32341425233624,21.783592114424113,25.123912776344238,32.13070128479677,31.924999999813735,2.5703984922481298,36.46774999983608,42.77545000010167,51.09999999962747,1.0,0.215203426124197,0.03000000026077032,0.12834999992512147,31.5,42.34045000051145,0.375,26.61572,35.66170239999999,933.0,105.9528,155.6884,140.4495,,,,,,,,,,,,,,,,,,,,,,,
amd-ryzen-5 · chrome|s1|087_r3f-ref_D_i10,amd-ryzen-5 · chrome,s1,r3f-ref,D,10,544.0,30010.9,18.126747281820712,18.11676253460844,12.877802531756208,15.978742354605775,55.16709558823598,55.19749999977648,3.1360634028619137,57.62624999983236,61.36470000009054,89.8500000005588,1.0,1.0,0.07500000018626451,0.18784999992698456,54.52999999979511,60.62489999960177,0.5249999994412065,54.18608,59.978774400000006,542.0,607.1556,630.1093,591.2263,,,,,,,,,,,,,,,,,,,,,,,
amd-ryzen-5 · chrome|s1|088_threejs_C_i10,amd-ryzen-5 · chrome,s1,threejs,C,10,955.0,30012.77,31.81978870993961,32.035880185961034,22.35663805842743,26.3741196935727,31.42698429319325,31.21499999985099,2.4333700813078774,35.06550000002607,37.99580000014977,65.23499999940395,1.0,0.14031413612565444,0.03000000026077032,0.11730000017210859,30.795000000856817,37.29089999986813,0.3600000003352761,26.15556,31.441670400000003,954.0,93.3615,144.9307,143.6545,,,,,,,,,,,,,,,,,,,,,,,
amd-ryzen-5 · chrome|s2|006_r3f-state_i1,amd-ryzen-5 · chrome,s2,r3f-state,-,1,721.0,30023.255,24.014717924488956,25.294043252718627,16.04308714833441,18.109198466725346,41.64113037447974,39.53500000014901,4.482916547214784,50.14999999944121,57.253000000119144,73.53500000014901,1.0,1.0,1.8450000006705523,4.540000000037253,11.515000000596046,15.77000000029802,26.115000000223517,8.787700000000001,12.716671999999992,720.0,297.3076,316.7267,89.868,,,,,,,,,,,,,,,,,,,,,,,
amd-ryzen-5 · chrome|s2|007_threejs_i1,amd-ryzen-5 · chrome,s2,threejs,-,1,2201.0,30012.12,73.33703850311113,75.6429652057281,52.05190995004897,58.90606089818968,13.635674693321269,13.21999999973923,1.0896821623961235,15.684999999590218,17.28500000014901,25.15000000037253,0.026351658337119492,0.0,1.0699999993667006,1.8200000002980232,11.884999999776483,15.700000000186265,0.2599999997764826,8.501819999999999,12.274642399999992,2200.0,51.773,66.8911,60.635,,,,,,,,,,,,,,,,,,,,,,,
amd-ryzen-5 · chrome|s2|008_r3f-ref+parent-state_i1,amd-ryzen-5 · chrome,s2,r3f-ref+parent-state,-,1,1998.0,30000.14,66.59968920145114,73.17965605541704,20.257807252311895,29.258647925343666,15.015085085084918,13.665000000037253,5.230418856546417,17.318749999534337,43.318050000593054,65.71999999973923,0.07007007007007007,0.03003003003003003,1.3050000006332994,2.6101500003039835,12.035000000149012,16.40045000033453,0.2800000002607703,8.8142,11.342939199999995,1997.0,83.3428,203.6535,102.0234,,,,,,,,,,,,,,,,,,,,,,,
amd-ryzen-5 · chrome|s2|009_r3f-ref-central_i1,amd-ryzen-5 · chrome,s2,r3f-ref-central,-,1,2191.0,30010.29,73.00829148935239,75.21624670971072,51.18580446993411,58.96353997594273,13.697074395253326,13.294999999925494,1.0418685678902282,15.43500000005588,17.83450000016018,24.455000000074506,0.021451392058420813,0.0,1.0150000005960464,1.7699999996460973,11.995000000111759,15.935999999847253,0.27499999944120646,8.69952,10.398902400000004,2190.0,53.3379,78.5597,43.6756,,,,,,,,,,,,,,,,,,,,,,,
amd-ryzen-5 · chrome|s2|010_r3f-ref_i1,amd-ryzen-5 · chrome,s2,r3f-ref,-,1,2074.0,30000.625,69.13189308556072,71.42857142857143,51.071218814350374,56.544629083664354,14.465103664416587,14.0,1.004309984265381,16.346749999700112,18.205499999886374,22.15000000037253,0.04339440694310511,0.0,1.5099999997764826,2.6827000003214923,12.225000000558794,15.905800000494345,0.2800000002607703,8.713,11.754270400000005,2073.0,53.7916,90.1035,77.8813,,,,,,,,,,,,,,,,,,,,,,,
amd-ryzen-5 · chrome|s2|011_r3f-ref_i2,amd-ryzen-5 · chrome,s2,r3f-ref,-,2,2160.0,30012.25,71.97061200009996,74.12898443168501,46.51111283366049,57.16251620926141,13.894560185185185,13.490000000223517,1.1692359595580515,15.685249999631194,18.290999999847248,33.82000000029802,0.024074074074074074,0.000462962962962963,1.4699999997392297,2.5940999997593446,11.754999999888241,15.907800000030536,0.27000000048428774,8.7032,11.1655328,2159.0,54.7348,81.6248,42.7592,,,,,,,,,,,,,,,,,,,,,,,
amd-ryzen-5 · chrome|s2|012_r3f-ref+parent-state_i2,amd-ryzen-5 · chrome,s2,r3f-ref+parent-state,-,2,2003.0,30019.045,66.72430785189886,72.54261878775411,21.305380673879046,29.982355383848898,14.987041937094322,13.785000000149012,5.003273154340097,17.056499999482174,41.987100000213836,58.31500000040978,0.05541687468796805,0.029955067398901646,1.3200000002980232,2.4750000005587935,12.139999999664724,15.944699999392032,0.28499999921768904,8.653780000000001,11.440456800000002,2002.0,46.297,205.3372,119.0396,,,,,,,,,,,,,,,,,,,,,,,
amd-ryzen-5 · chrome|s2|013_r3f-state_i2,amd-ryzen-5 · chrome,s2,r3f-state,-,2,719.0,30007.455,23.960712429627844,25.223861773521907,13.603987911868284,17.58745361310196,41.73498609179426,39.644999999552965,4.993028942650061,49.04150000028312,59.925299999769834,85.12000000011176,1.0,1.0,1.8799999998882413,3.075699999667711,11.959999999962747,14.902799999378624,25.770000000484288,8.79708,11.469894400000014,718.0,290.1762,306.6269,132.1893,,,,,,,,,,,,,,,,,,,,,,,
amd-ryzen-5 · chrome|s2|014_r3f-ref-central_i2,amd-ryzen-5 · chrome,s2,r3f-ref-central,-,2,2309.0,30000.965,76.96419098519036,78.58546169188804,51.29920820812905,62.47368635507742,12.993055435253291,12.724999999627471,0.978754518145233,14.487999999336898,16.65020000007005,34.17999999970198,0.00996102208748376,0.00043308791684711995,0.9649999998509884,1.639199999682606,11.479999999515712,15.125199999474011,0.26999999955296516,8.29532,10.0712236,2308.0,58.837,78.8934,41.5457,,,,,,,,,,,,,,,,,,,,,,,
amd-ryzen-5 · chrome|s2|015_threejs_i2,amd-ryzen-5 · chrome,s2,threejs,-,2,2244.0,30002.595,74.79353035962222,76.92307692307692,52.815422103381685,61.15873969321372,13.37014037433185,13.0,0.953579040993558,14.999250000016763,17.21710000033491,22.845000000670552,0.012923351158645277,0.0,1.1349999997764826,1.89209999961779,11.609999999403954,15.267050000149768,0.25500000081956387,8.81956,10.4525152,2243.0,49.3752,69.9914,42.9329,,,,,,,,,,,,,,,,,,,,,,,
amd-ryzen-5 · chrome|s2|016_threejs_i3,amd-ryzen-5 · chrome,s2,threejs,-,3,2212.0,30007.42,73.71510113165363,75.52870090506934,55.24098881319854,61.756639540383354,13.565741410488211,13.240000000223517,0.8644597856419055,15.01500000008382,16.766699999626724,22.46499999985099,0.011754068716094032,0.0,1.284999999217689,1.9689000005926924,11.705000000074506,14.648350000306962,0.25500000081956387,8.8074,10.379676000000002,2211.0,50.9028,83.3993,56.6958,,,,,,,,,,,,,,,,,,,,,,,
amd-ryzen-5 · chrome|s2|017_r3f-ref+parent-state_i3,amd-ryzen-5 · chrome,s2,r3f-ref+parent-state,-,3,1977.0,30010.775,65.87633941476143,71.73601147565307,21.76054241013701,29.43849082673457,15.179957005563702,13.940000000409782,4.950317114608589,17.271000000648193,41.29659999962896,64.43500000052154,0.05918057663125948,0.030349013657056147,1.3050000006332994,2.3961999997496606,12.275000000372529,16.723600000329316,0.2850000001490116,8.71208,11.2665,1976.0,85.8428,197.9973,119.639,,,,,,,,,,,,,,,,,,,,,,,
amd-ryzen-5 · chrome|s2|018_r3f-ref_i3,amd-ryzen-5 · chrome,s2,r3f-ref,-,3,2155.0,30012.895,71.80247023821035,74.0466493897279,52.168080587635274,58.42429140071824,13.927097447795616,13.504999999888241,0.9945410935621473,15.769999999552965,17.859599999841304,21.625,0.02923433874709977,0.0,1.4350000005215406,2.5049999998882413,11.799999999813735,15.49150000018999,0.27000000048428774,8.694579999999998,11.139839999999992,2154.0,53.0806,98.4702,72.6582,,,,,,,,,,,,,,,,,,,,,,,
amd-ryzen-5 · chrome|s2|019_r3f-state_i3,amd-ryzen-5 · chrome,s2,r3f-state,-,3,723.0,30018.85,24.084866675438484,25.422651582584137,14.283382304927636,17.830035189543718,41.519847856155685,39.33499999996275,4.820775170623105,49.391500000283116,61.09080000048502,73.3199999993667,1.0,1.0,1.8849999997764826,3.2454999998025533,11.575000000186265,15.624500000011174,25.825000000186265,8.8157,12.3461612,722.0,290.01,306.4327,128.8094,,,,,,,,,,,,,,,,,,,,,,,
amd-ryzen-5 · chrome|s2|020_r3f-ref-central_i3,amd-ryzen-5 · chrome,s2,r3f-ref-central,-,3,2294.0,30009.1,76.44347881142815,77.70007769940298,52.30001188632002,63.880040009187034,13.081560592850753,12.870000000111759,0.8495481375265065,14.411750000109896,16.120850000288364,29.31000000052154,0.008282476024411508,0.0,0.9300000006332994,1.5814000000432167,11.664999999571592,14.567449999488895,0.26500000059604645,8.1998,9.940092799999999,2293.0,58.8558,84.31,40.5046,,,,,,,,,,,,,,,,,,,,,,,
amd-ryzen-5 · chrome|s2|021_r3f-ref+parent-state_i4,amd-ryzen-5 · chrome,s2,r3f-ref+parent-state,-,4,2043.0,30005.93,68.0865415602856,74.23904974160054,21.637411083759467,30.665486145631093,14.68719040626515,13.46999999973923,4.87484586124738,17.304500000551343,41.48020000025627,55.61500000022352,0.0597161037689672,0.02936857562408223,1.3700000001117587,2.467899999786168,11.775000000372529,16.083800000138574,0.2800000002607703,8.66862,11.581193599999985,2042.0,54.5816,214.8272,115.5781,,,,,,,,,,,,,,,,,,,,,,,
amd-ryzen-5 · chrome|s2|022_r3f-ref-central_i4,amd-ryzen-5 · chrome,s2,r3f-ref-central,-,4,2242.0,30000.83,74.73126576831356,77.45933384883483,51.70387779106065,59.76967329459669,13.381280107047312,12.910000000149012,1.0620301099926337,15.28975000004284,17.496799999689685,27.519999999552965,0.015611061552185548,0.0,1.0150000005960464,1.6929500003438451,11.635000000242144,15.744899999899806,0.27000000048428774,8.68924,11.072671999999992,2241.0,58.0617,82.0585,51.1409,,,,,,,,,,,,,,,,,,,,,,,
amd-ryzen-5 · chrome|s2|023_r3f-state_i4,amd-ryzen-5 · chrome,s2,r3f-state,-,4,704.0,30012.315,23.457037552750943,24.72493509686318,13.222016546457658,17.243078135786416,42.631129261364215,40.44500000029802,5.213143332948251,49.98650000002235,72.54994999985215,77.26499999966472,1.0,1.0,1.8149999994784594,2.5083500006888078,11.745000000111759,15.831899999864406,26.834999999962747,8.7956,11.764836800000005,703.0,257.3888,306.1936,60.965,,,,,,,,,,,,,,,,,,,,,,,
amd-ryzen-5 · chrome|s2|024_r3f-ref_i4,amd-ryzen-5 · chrome,s2,r3f-ref,-,4,2198.0,30013.0,73.23493152967048,74.37709185405978,50.34100034767354,60.21134735321624,13.654686078252958,13.445000000298023,0.8820788778507197,15.139999999804422,17.251050000004476,25.325000000186265,0.014103730664240218,0.0,1.3200000002980232,2.3251500001829126,11.834999999962747,14.728749999627496,0.27499999944120646,8.19204,10.093555199999999,2197.0,57.037,81.3172,73.7117,,,,,,,,,,,,,,,,,,,,,,,
amd-ryzen-5 · chrome|s2|025_threejs_i4,amd-ryzen-5 · chrome,s2,threejs,-,4,2263.0,30013.52,75.39935335808775,77.48934521905933,56.73905194171773,63.08162091840158,13.262713212549516,12.904999999329448,0.8376350705689898,14.779000000283123,16.381400000210856,22.545000000856817,0.008837825894829872,0.0,1.1699999999254942,1.9369000001251704,11.479999999515712,14.378799999915065,0.2599999997764826,8.779599999999999,10.482458399999999,2262.0,49.9698,81.5353,60.419,,,,,,,,,,,,,,,,,,,,,,,
amd-ryzen-5 · chrome|s2|026_r3f-ref+parent-state_i5,amd-ryzen-5 · chrome,s2,r3f-ref+parent-state,-,5,2003.0,30002.945,66.7601130489017,73.07270734599517,21.594540900056987,30.294217439783985,14.979003994009135,13.684999999590218,4.888858573924225,17.88300000056624,40.92930000063032,56.56500000040978,0.06640039940089865,0.029955067398901646,1.4699999997392297,2.5599000005051495,11.900000000372529,16.870500000007453,0.27500000037252903,8.70984,12.503768800000001,2002.0,47.5797,209.2047,110.9302,,,,,,,,,,,,,,,,,,,,,,,
amd-ryzen-5 · chrome|s2|027_threejs_i5,amd-ryzen-5 · chrome,s2,threejs,-,5,2237.0,30008.315,74.54600499894909,77.36943907268171,50.49056170732633,59.174594374187485,13.414535091640357,12.924999999813735,1.0992401255109039,15.276000000350177,17.504600000493227,25.24500000011176,0.018328118015198926,0.0,1.150000000372529,1.929600000306962,11.525000000372529,15.704199999757106,0.2649999996647239,8.756319999999999,10.839550000000004,2236.0,50.9729,67.5188,33.819,,,,,,,,,,,,,,,,,,,,,,,
amd-ryzen-5 · chrome|s2|028_r3f-ref-central_i5,amd-ryzen-5 · chrome,s2,r3f-ref-central,-,5,2217.0,30012.835,73.86839663763863,76.65772326605683,41.78339110193347,54.86941080232216,13.537589084348202,13.044999999925494,1.4994240980303923,15.655000000260765,19.747199999913583,45.33999999985099,0.026612539467749212,0.0004510599909788002,0.9850000003352761,1.878599999770528,11.779999999329448,17.756599999927055,0.27500000037252903,8.73726,12.122067999999992,2216.0,52.6333,85.0094,47.5365,,,,,,,,,,,,,,,,,,,,,,,
amd-ryzen-5 · chrome|s2|029_r3f-ref_i5,amd-ryzen-5 · chrome,s2,r3f-ref,-,5,2140.0,30002.475,71.32744881880446,73.42143905960312,50.26869816075467,57.52332517080627,14.019848130841382,13.620000000111759,1.0772764638305385,15.935250000469386,17.923049999857323,26.459999999962747,0.0308411214953271,0.0,1.375,2.4030499993730343,11.979999999981374,15.635500000333419,0.27000000048428774,8.70008,10.585200799999997,2139.0,53.3358,81.2893,75.5624,,,,,,,,,,,,,,,,,,,,,,,
amd-ryzen-5 · chrome|s2|030_r3f-state_i5,amd-ryzen-5 · chrome,s2,r3f-state,-,5,712.0,30038.51,23.702906702096918,25.109855618506355,13.73963393690587,17.38793476044754,42.18891853932553,39.8249999997206,5.170512814702505,50.498749999841664,65.77949999967589,77.12000000011176,1.0,1.0,1.7549999998882413,2.604500000253319,11.549999999813735,14.613800000157202,26.490000000223517,8.85152,11.965743999999999,711.0,277.7596,313.776,82.1181,,,,,,,,,,,,,,,,,,,,,,,
amd-ryzen-5 · chrome|s2|031_threejs_i6,amd-ryzen-5 · chrome,s2,threejs,-,6,2326.0,30012.065,77.5021645461597,79.3335977758457,54.352321198701674,63.77410771240205,12.902865434221615,12.605000000447035,0.8665804324848198,14.370000000111759,16.397500000195578,23.03500000014901,0.009458297506448839,0.0,1.0499999998137355,1.8487500005867332,11.292499999981374,14.282500000204891,0.2599999997764826,8.4136,10.144375999999994,2325.0,52.3261,76.6706,32.1353,,,,,,,,,,,,,,,,,,,,,,,
amd-ryzen-5 · chrome|s2|032_r3f-ref-central_i6,amd-ryzen-5 · chrome,s2,r3f-ref-central,-,6,2260.0,30012.205,75.30269768582463,77.60962359467187,55.74912891946592,61.88356033116029,13.27973672566375,12.884999999776483,0.9045189825489215,14.935250000469384,16.84524999973364,22.304999999701977,0.01327433628318584,0.0,0.9849999994039536,1.5899999998509884,11.639999999664724,15.398449999857688,0.27000000048428774,8.66436,10.6950552,2259.0,52.5835,94.6066,79.39,,,,,,,,,,,,,,,,,,,,,,,
amd-ryzen-5 · chrome|s2|033_r3f-ref_i6,amd-ryzen-5 · chrome,s2,r3f-ref,-,6,2154.0,30004.11,71.7901647474288,74.12898443168501,49.07918107892679,56.71563469826584,13.929484679665894,13.490000000223517,1.1034585724860864,15.99524999950081,18.471450000144536,24.190000000409782,0.032961931290622096,0.0,1.3550000004470348,2.407350000208243,11.864999999292195,15.936449999995522,0.27000000048428774,8.66452,11.401888,2153.0,50.7841,81.2423,76.4376,,,,,,,,,,,,,,,,,,,,,,,
amd-ryzen-5 · chrome|s2|034_r3f-ref+parent-state_i6,amd-ryzen-5 · chrome,s2,r3f-ref+parent-state,-,6,2035.0,30010.385,67.80985982019274,73.82798080513109,22.165576859119454,30.55855594178175,14.747117936117826,13.544999999925494,4.852932286838993,16.71649999981746,41.43590000048281,50.19000000040978,0.051597051597051594,0.029484029484029485,1.300000000745058,2.4049999999441205,11.919999999925494,15.755900000166157,0.27500000037252903,8.696819999999999,10.7178228,2034.0,46.376,212.0239,110.1949,,,,,,,,,,,,,,,,,,,,,,,
amd-ryzen-5 · chrome|s2|035_r3f-state_i6,amd-ryzen-5 · chrome,s2,r3f-state,-,6,711.0,30001.585,23.698747916151056,24.978144123798625,14.518002322875885,17.691957741513548,42.196322081576504,40.03500000014901,4.86337345350175,49.99000000022352,63.62350000012665,76.3999999994412,1.0,1.0,1.9299999997019768,2.9185000006109463,11.725000000558794,16.85450000017878,26.359999999403954,8.87066,12.2521908,710.0,304.7107,322.7176,184.8799,,,,,,,,,,,,,,,,,,,,,,,
amd-ryzen-5 · chrome|s2|036_r3f-ref+parent-state_i7,amd-ryzen-5 · chrome,s2,r3f-ref+parent-state,-,7,2038.0,30002.93,67.92669915904948,72.67441860583169,22.111052762308418,31.425651109890694,14.721751717369825,13.759999999776483,4.746312197704887,15.842249999940393,40.22965000011026,50.6100000012666,0.04072620215897939,0.029440628066732092,1.2449999991804361,2.2212999997101712,12.200000001117587,14.362999999821174,0.2749999985098839,8.25924,9.4177152,2037.0,46.109,196.3371,123.2841,,,,,,,,,,,,,,,,,,,,,,,
amd-ryzen-5 · chrome|s2|037_r3f-ref-central_i7,amd-ryzen-5 · chrome,s2,r3f-ref-central,-,7,2260.0,30003.58,75.32434462820751,77.48934521905933,52.79640984503685,61.45863643435029,13.275920353982334,12.904999999329448,0.9544997312001658,14.81050000041723,17.536150000672784,23.279999999329448,0.017256637168141593,0.0,0.9950000010430813,1.729349999912078,11.625,15.909100000001489,0.27500000037252903,8.72304,10.700984000000028,2259.0,52.8012,74.5114,69.7067,,,,,,,,,,,,,,,,,,,,,,,
amd-ryzen-5 · chrome|s2|038_r3f-state_i7,amd-ryzen-5 · chrome,s2,r3f-state,-,7,728.0,30011.325,24.25750945684731,25.51996937691017,14.964619364231757,18.060412078380654,41.2243475274715,39.184999998658895,4.648759631805004,48.87150000007823,64.37955000042916,70.72000000067055,1.0,1.0,1.800000000745058,3.113250000942499,11.779999999329448,17.119550000652676,25.544999999925494,8.8316,12.334669600000002,727.0,326.6253,326.6253,160.8475,,,,,,,,,,,,,,,,,,,,,,,
amd-ryzen-5 · chrome|s2|039_threejs_i7,amd-ryzen-5 · chrome,s2,threejs,-,7,2316.0,30008.92,77.17705268966714,79.23930269928222,51.68074779827087,62.305971078989884,12.957219343695995,12.619999999180436,0.9917393021672232,14.519999999552965,16.6042500003241,25.730000000447035,0.009499136442141624,0.0,1.050000000745058,1.7792500010691579,11.294999999925494,14.974250001367182,0.2599999997764826,8.44832,10.462150400000002,2315.0,50.8668,84.2146,46.4634,,,,,,,,,,,,,,,,,,,,,,,
amd-ryzen-5 · chrome|s2|040_r3f-ref_i7,amd-ryzen-5 · chrome,s2,r3f-ref,-,7,2134.0,30013.11,71.10226164499147,73.77351530962643,43.388429752066116,53.79522795726423,14.064250234302374,13.554999999701977,1.378329528097475,16.276750000659376,20.216949999500073,32.60999999940395,0.03936269915651359,0.0,1.405000001192093,2.6267000002786522,11.875,17.821699999328704,0.26999999955296516,8.71552,12.165051199999985,2133.0,50.8464,81.1753,41.4551,,,,,,,,,,,,,,,,,,,,,,,
amd-ryzen-5 · chrome|s2|041_r3f-ref+parent-state_i8,amd-ryzen-5 · chrome,s2,r3f-ref+parent-state,-,8,1991.0,30006.735,66.35177069414715,72.35890014315741,23.260653991595486,30.3027520408161,15.071187845303568,13.820000000298023,4.674282177755739,18.37749999947846,39.47399999946354,51.63499999977648,0.07684580612757408,0.030135610246107485,1.3350000008940697,2.6150000002235174,12.140000000596046,16.675999999046315,0.2850000001490116,8.7461,12.80077279999999,1990.0,83.9446,189.9718,111.5873,,,,,,,,,,,,,,,,,,,,,,,
amd-ryzen-5 · chrome|s2|042_r3f-ref-central_i8,amd-ryzen-5 · chrome,s2,r3f-ref-central,-,8,2215.0,30000.93,73.83104457095237,76.3358778647662,51.953572398017705,58.51966526760282,13.54443792325043,13.099999999627471,1.087297546839773,15.819999998994172,17.690000001080335,25.445000000298023,0.022121896162528215,0.0,1.0049999989569187,1.7492999998852616,11.820000000298023,16.02899999909105,0.26999999955296516,8.73358,11.188533999999999,2214.0,51.8091,78.4823,59.3759,,,,,,,,,,,,,,,,,,,,,,,
amd-ryzen-5 · chrome|s2|043_r3f-ref_i8,amd-ryzen-5 · chrome,s2,r3f-ref,-,8,2127.0,30007.495,70.88229124090252,73.09941520627086,52.05234979209821,57.723986767071736,14.107896097790805,13.679999999701977,0.9998205060144917,16.04850000049919,18.10479999952018,23.2350000012666,0.03432063939821345,0.0,1.405000001192093,2.5536999999731766,12.0,15.599599999636403,0.27500000037252903,8.724540000000001,11.11641,2126.0,50.4577,92.6075,75.2376,,,,,,,,,,,,,,,,,,,,,,,
amd-ryzen-5 · chrome|s2|044_threejs_i8,amd-ryzen-5 · chrome,s2,threejs,-,8,2216.0,30000.22,73.86612498174848,76.87872381142328,50.22716376255566,57.31763872157671,13.538005415162758,13.007500000298023,1.1848500460438933,15.740000000223517,18.780500000249592,22.225000001490116,0.02888086642599278,0.0,1.0950000006705523,1.8577499993145452,11.660000000149012,16.75849999981001,0.2599999997764826,8.76784,11.862175200000003,2215.0,50.6268,84.8356,84.8356,,,,,,,,,,,,,,,,,,,,,,,
amd-ryzen-5 · chrome|s2|045_r3f-state_i8,amd-ryzen-5 · chrome,s2,r3f-state,-,8,693.0,30019.24,23.085194695135346,24.32202359223066,13.731862498241371,17.468550187364134,43.31780663780696,41.11500000022352,4.849541553076917,50.84300000071526,61.33700000002983,82.32000000029802,1.0,1.0,1.8800000008195639,2.7173999997973453,11.724999999627471,15.91020000100136,27.449999999254942,8.822500000000002,12.6191544,692.0,257.3284,306.0685,197.131,,,,,,,,,,,,,,,,,,,,,,,
amd-ryzen-5 · chrome|s2|046_r3f-state_i9,amd-ryzen-5 · chrome,s2,r3f-state,-,9,718.0,30026.575,23.912151152769614,25.28764698449574,13.866877971504552,17.688560050120447,41.81974233983443,39.544999999925494,5.005961958414715,49.77675000112504,58.806299999933714,76.99500000104308,1.0,1.0,1.7650000005960464,3.2643999999761655,11.760000001639128,16.114400001466283,25.96499999985099,8.869,12.6825424,717.0,297.8904,317.2792,187.708,,,,,,,,,,,,,,,,,,,,,,,
amd-ryzen-5 · chrome|s2|047_r3f-ref-central_i9,amd-ryzen-5 · chrome,s2,r3f-ref-central,-,9,2281.0,30005.09,76.02043519949487,77.07129094633613,50.92238964828737,62.52570958446924,13.154357737834218,12.974999999627471,0.8644267023475143,14.640000000596046,16.9520000003278,25.304999999701977,0.01183691363437089,0.0,0.9550000000745058,1.6620000001043063,11.740000000223517,15.56599999964237,0.26500000059604645,8.20454,9.73851,2280.0,52.6618,79.3871,51.7924,,,,,,,,,,,,,,,,,,,,,,,
amd-ryzen-5 · chrome|s2|048_r3f-ref_i9,amd-ryzen-5 · chrome,s2,r3f-ref,-,9,2215.0,30010.045,73.80861974715485,75.7575757511617,52.61206968692777,59.29359763913201,13.54855304740403,13.200000001117587,0.9767648048429755,15.376500000245867,17.826599999219187,21.080000000074506,0.022573363431151242,0.0,1.4299999997019768,2.626500000767413,11.494999999180436,15.450100000053649,0.2749999985098839,8.59998,10.633561999999994,2214.0,51.4011,99.3563,72.6255,,,,,,,,,,,,,,,,,,,,,,,
amd-ryzen-5 · chrome|s2|049_r3f-ref+parent-state_i9,amd-ryzen-5 · chrome,s2,r3f-ref+parent-state,-,9,1997.0,30006.84,66.5514929262798,73.3675715289707,18.926470661554596,28.64570900308681,15.025958938407538,13.630000000819564,5.542367815377119,17.68999999947845,43.67959999889135,88.5599999986589,0.06559839759639459,0.030045067601402103,1.3350000008940697,2.6663999991118894,11.980000000447035,16.462600000873206,0.27500000037252903,8.69332,11.510984,1996.0,80.9395,232.7225,58.2241,,,,,,,,,,,,,,,,,,,,,,,
amd-ryzen-5 · chrome|s2|050_threejs_i9,amd-ryzen-5 · chrome,s2,threejs,-,9,2258.0,30000.77,75.26473487180608,77.54943776926463,52.47465712628619,61.41478835218294,13.286434898139749,12.894999999552965,0.9752815961602008,14.879999998956919,16.935100000519295,24.615000000223517,0.012843224092116917,0.0,1.0850000008940697,1.8621499997563653,11.544999999925494,15.194599999915772,0.2599999997764826,8.82948,10.872638400000001,2257.0,49.9609,78.1985,56.9022,,,,,,,,,,,,,,,,,,,,,,,
amd-ryzen-5 · chrome|s2|051_r3f-ref+parent-state_i10,amd-ryzen-5 · chrome,s2,r3f-ref+parent-state,-,10,2032.0,30008.835,67.71339173946404,74.01924500492558,21.569621345330212,30.388095087659803,14.768127460630362,13.509999999776483,4.898893046108932,17.549000000674255,40.57009999984877,52.855000000447035,0.06200787401574803,0.030019685039370077,1.3049999997019768,2.4649999998509884,11.894999999552965,16.91119999909776,0.27999999932944775,8.72176,11.581676000000007,2031.0,47.7153,224.0538,94.3381,,,,,,,,,,,,,,,,,,,,,,,
amd-ryzen-5 · chrome|s2|052_r3f-ref_i10,amd-ryzen-5 · chrome,s2,r3f-ref,-,10,2099.0,30011.6,69.93962334564056,72.07207207207207,51.324163416911546,57.48905496858701,14.298046688899298,13.875,0.9757512056611376,16.007500000856815,18.19570000026375,23.855000000447035,0.03239637922820391,0.0,1.4800000004470348,2.560100000500679,12.125,15.895399999544024,0.2749999985098839,8.75856,11.040914400000021,2098.0,49.9261,85.0986,51.2338,,,,,,,,,,,,,,,,,,,,,,,
amd-ryzen-5 · chrome|s2|053_r3f-ref-central_i10,amd-ryzen-5 · chrome,s2,r3f-ref-central,-,10,2190.0,30009.94,72.97582067807873,75.58578986895016,49.97858060812462,58.24423034809895,13.703168949772301,13.230000000447035,1.0892377411642573,15.622750000469384,17.927699999958286,23.46000000089407,0.021004566210045664,0.0,0.9900000002235174,1.7011000010930015,11.974999999627471,16.33645000116902,0.27500000037252903,8.72516,11.127571199999995,2189.0,52.2703,78.9195,66.136,,,,,,,,,,,,,,,,,,,,,,,
amd-ryzen-5 · chrome|s2|054_threejs_i10,amd-ryzen-5 · chrome,s2,threejs,-,10,2226.0,30014.02,74.165340064411,75.98784195518354,55.16411323680758,61.66392604804769,13.483387241688927,13.159999998286366,0.8798398884452135,15.019999999552965,16.84749999968335,20.144999999552965,0.012129380053908356,0.0,1.175000000745058,1.8887499989941716,11.714999999850988,14.96625000005588,0.2599999997764826,8.79828,10.4152256,2225.0,51.5417,86.365,64.8415,,,,,,,,,,,,,,,,,,,,,,,
amd-ryzen-5 · chrome|s2|055_r3f-state_i10,amd-ryzen-5 · chrome,s2,r3f-state,-,10,725.0,30031.54,24.14128612785164,25.467974023488036,13.207048790622814,17.352031754229326,41.422813793102215,39.2649999987334,5.30037547011854,48.773999999836086,72.99599999964236,78.56499999947846,1.0,1.0,1.8049999997019768,2.78880000077188,11.490000000223517,14.094600000455975,25.890000000596046,8.814219999999999,12.002259199999996,724.0,304.4461,323.8788,81.5744,,,,,,,,,,,,,,,,,,,,,,,
amd-ryzen-5 · chrome|s2|056_threejs_i11,amd-ryzen-5 · chrome,s2,threejs,-,11,2321.0,30010.245,77.34025496959666,79.45967422145115,52.46709400699761,62.50134701175894,12.929877208099605,12.584999999031425,0.9717448402197475,14.424999998882413,16.696000000089416,25.75499999895692,0.01034037052994399,0.0,1.0899999998509884,1.9179999999701995,11.220000000670552,15.016000000014918,0.2649999987334013,8.535499999999999,10.422895200000001,2320.0,52.4728,88.0258,61.8322,,,,,,,,,,,,,,,,,,,,,,,
amd-ryzen-5 · chrome|s2|057_r3f-ref+parent-state_i11,amd-ryzen-5 · chrome,s2,r3f-ref+parent-state,-,11,1987.0,30001.645,66.22970173801824,72.04610950583239,21.25410399972398,29.99586420649957,15.098965777554815,13.880000000819564,4.937926115807122,17.48849999997765,41.11199999999248,54.15000000037253,0.06290890790135883,0.03019627579265224,1.2900000009685755,2.5884999990835755,12.259999999776483,16.013999999947835,0.2800000011920929,8.70838,11.575314000000008,1986.0,45.6588,200.2367,115.4149,,,,,,,,,,,,,,,,,,,,,,,
amd-ryzen-5 · chrome|s2|058_r3f-ref_i11,amd-ryzen-5 · chrome,s2,r3f-ref,-,11,2152.0,30005.53,71.72011292584781,73.63770250327788,49.381554813551794,57.80378047535035,13.943090148699438,13.580000000074506,1.037065884489949,15.636750000249592,17.92940000062807,25.06499999947846,0.02509293680297398,0.0,1.3800000008195639,2.4950000000931323,11.92000000178814,15.499699999988072,0.2700000014156103,8.72316,10.4573,2151.0,50.8362,81.6499,50.3678,,,,,,,,,,,,,,,,,,,,,,,
amd-ryzen-5 · chrome|s2|059_r3f-state_i11,amd-ryzen-5 · chrome,s2,r3f-state,-,11,702.0,30025.015,23.380504555950633,24.67764822071447,13.964251516189304,17.371020175250536,42.770676638177484,40.522499999031425,4.960133750617738,50.583749999105926,66.28129999991508,80.04999999888241,1.0,1.0,1.9275000002235174,2.9750000014714897,11.605000000447035,16.927549999710173,26.91000000014901,8.9894,12.65204,701.0,268.0431,320.2709,139.5486,,,,,,,,,,,,,,,,,,,,,,,
amd-ryzen-5 · chrome|s2|060_r3f-ref-central_i11,amd-ryzen-5 · chrome,s2,r3f-ref-central,-,11,2259.0,30012.175,75.26945314693401,77.07129094633613,49.93927837741055,60.11179720872908,13.285602036298753,12.974999999627471,0.9999849713651471,14.865500000119209,17.738300000354656,22.730000000447035,0.017706949977866312,0.0,0.9499999992549419,1.719199999757112,11.75,16.229199999533595,0.26999999955296516,8.30622,10.793509999999968,2258.0,56.9468,76.9998,52.6617,,,,,,,,,,,,,,,,,,,,,,,
amd-ryzen-5 · chrome|s2|061_r3f-ref-central_i12,amd-ryzen-5 · chrome,s2,r3f-ref-central,-,12,2247.0,30005.435,74.88643307454002,77.13073659942101,52.95781428647901,60.31379327979578,13.353553627058533,12.964999999850988,1.0134529747378243,15.092000000178812,17.25,22.449999999254942,0.016466399643969738,0.0,1.0199999995529652,1.7199999998137354,11.669999999925494,15.624299999587237,0.2749999985098839,8.7101,10.680444000000017,2246.0,53.0884,78.4393,75.295,,,,,,,,,,,,,,,,,,,,,,,
amd-ryzen-5 · chrome|s2|062_r3f-state_i12,amd-ryzen-5 · chrome,s2,r3f-state,-,12,698.0,30032.44,23.241534820348,24.563989191305282,13.510622727098799,17.11182578146851,43.02641833810814,40.71000000089407,5.079933643160969,50.80499999905005,68.27009999947614,75.76500000059605,1.0,1.0,1.7649999987334013,2.3453000006638463,11.679999999701977,15.81029999870807,27.205000000074506,8.82276,12.458155199999991,697.0,257.5472,306.3549,216.6834,,,,,,,,,,,,,,,,,,,,,,,
amd-ryzen-5 · chrome|s2|063_r3f-ref+parent-state_i12,amd-ryzen-5 · chrome,s2,r3f-ref+parent-state,-,12,2102.0,30015.14,70.03132419172319,75.15971439476884,21.72338884871899,31.95456973174537,14.279324452902282,13.304999999701977,4.794481973777456,15.43900000127032,39.86445000022648,51.880000000819564,0.038058991436726926,0.028544243577545196,1.305000001564622,2.3399499998427915,11.665000000968575,14.264149998761695,0.2900000009685755,8.24384,9.61956,2101.0,46.0862,223.7999,75.1685,,,,,,,,,,,,,,,,,,,,,,,
amd-ryzen-5 · chrome|s2|064_threejs_i12,amd-ryzen-5 · chrome,s2,threejs,-,12,2239.0,30006.83,74.61634567863365,76.56967840429294,51.35807080452381,60.7972657661404,13.401889236266223,13.06000000052154,0.9774604751841075,14.950499999336898,17.12200000025328,24.709999999031425,0.012952210808396605,0.0,1.2349999994039536,1.9681000003591174,11.565000001341105,15.326700001657006,0.2599999997764826,8.714020000000001,10.423444000000002,2238.0,50.1137,75.9823,32.704,,,,,,,,,,,,,,,,,,,,,,,
amd-ryzen-5 · chrome|s2|065_r3f-ref_i12,amd-ryzen-5 · chrome,s2,r3f-ref,-,12,2110.0,30000.675,70.3317508689414,72.62164124162643,46.483830267276744,55.98626470297722,14.218329383885726,13.77000000141561,1.1822985918250855,16.11550000011921,18.456950000710766,35.55000000074506,0.035071090047393366,0.00047393364928909954,1.4649999998509884,2.532300000041719,12.035000000149012,15.804099999722093,0.27500000037252903,8.73904,11.256564800000001,2109.0,49.9475,88.5878,43.9538,,,,,,,,,,,,,,,,,,,,,,,
amd-ryzen-5 · chrome|s2|066_r3f-ref+parent-state_i13,amd-ryzen-5 · chrome,s2,r3f-ref+parent-state,-,13,2054.0,30005.555,68.45399126928399,75.18796992586503,21.684918139504095,30.611647731915465,14.608351996105016,13.299999999813735,4.966673748387905,17.05475000003352,41.3670500006713,65.82499999925494,0.058909444985394355,0.029211295034079845,1.3399999998509884,2.5696999993734067,11.669999999925494,15.998449999429289,0.27999999932944775,8.75208,11.586673600000003,2053.0,84.6328,163.6308,159.1483,,,,,,,,,,,,,,,,,,,,,,,
amd-ryzen-5 · chrome|s2|067_r3f-state_i13,amd-ryzen-5 · chrome,s2,r3f-state,-,13,719.0,30009.205,23.959315150134707,25.230225809477595,14.41233696042929,17.642196100546744,41.73742002781651,39.63500000163913,4.8992465865772585,49.43049999978393,67.17109999950979,74.49000000022352,1.0,1.0,1.8650000002235174,3.318200000338257,12.08500000089407,19.93549999926242,25.644999999552965,8.910599999999999,13.144861200000003,718.0,301.4107,320.7996,193.6872,,,,,,,,,,,,,,,,,,,,,,,
amd-ryzen-5 · chrome|s2|068_r3f-ref_i13,amd-ryzen-5 · chrome,s2,r3f-ref,-,13,2152.0,30010.07,71.70926292407778,73.04601899474774,51.210768892613366,59.953214080675735,13.945199814126532,13.68999999947846,0.8483275487583731,15.395000000391155,17.162450000550596,23.665000000968575,0.01533457249070632,0.0,1.449999999254942,2.5174500000849354,11.965000000782311,14.98955000063398,0.2649999987334013,8.26324,10.2346,2151.0,54.9671,81.523,73.5867,,,,,,,,,,,,,,,,,,,,,,,
amd-ryzen-5 · chrome|s2|069_r3f-ref-central_i13,amd-ryzen-5 · chrome,s2,r3f-ref-central,-,13,2240.0,30004.915,74.65443578160203,76.48183556841174,53.10033549750744,61.518349770181814,13.395051339286146,13.074999999254942,0.9206860388330377,14.92550000073388,17.028299999367448,25.345000000670552,0.012946428571428572,0.0,0.9450000002980232,1.6710999996960176,11.849999999627471,15.34415000125766,0.27500000037252903,8.673,10.321387199999998,2239.0,53.0494,78.5814,70.072,,,,,,,,,,,,,,,,,,,,,,,
amd-ryzen-5 · chrome|s2|070_threejs_i13,amd-ryzen-5 · chrome,s2,threejs,-,13,2264.0,30004.5,75.455348364412,78.47753580721115,53.10225805332379,60.262327779193484,13.252871024734983,12.742499999701977,1.0835870873204254,15.150500001013276,17.584199999738466,26.440000001341105,0.015901060070671377,0.0,1.1200000010430813,1.8918499990366393,11.369999999180436,15.644799999315287,0.2649999987334013,8.7356,10.949082400000005,2263.0,50.5106,86.5401,61.6402,,,,,,,,,,,,,,,,,,,,,,,
amd-ryzen-5 · chrome|s2|071_r3f-ref-central_i14,amd-ryzen-5 · chrome,s2,r3f-ref-central,-,14,2312.0,30009.06,77.0433995599982,80.24072216410094,50.21176265091972,59.96923317606934,12.979697231834136,12.462500000372529,1.165188124586067,14.843999999668446,17.2750999999605,24.190000001341105,0.016003460207612456,0.0,1.0050000008195639,1.7150000015087425,11.21000000089407,15.757300000358365,0.26999999955296516,8.71288,11.393708000000009,2311.0,57.6775,85.0738,40.721,,,,,,,,,,,,,,,,,,,,,,,
amd-ryzen-5 · chrome|s2|072_threejs_i14,amd-ryzen-5 · chrome,s2,threejs,-,14,2215.0,30008.34,73.8128133712165,76.62835248604655,48.32881166024226,58.054539601012095,13.547783295710994,13.050000000745058,1.1633159812760203,15.408000000566242,17.748699999228126,28.330000000074506,0.022573363431151242,0.0,1.219999998807907,2.099299999773503,11.580000000074506,15.625100000798707,0.2599999997764826,8.79644,11.434874799999998,2214.0,50.997,86.8682,57.4776,,,,,,,,,,,,,,,,,,,,,,,
amd-ryzen-5 · chrome|s2|073_r3f-state_i14,amd-ryzen-5 · chrome,s2,r3f-state,-,14,711.0,30027.045,23.678653693695193,25.081514924016954,14.137843978846421,17.541705404639394,42.23213080168766,39.869999999180436,5.039008760758702,50.48499999940395,63.86099999994039,75.05499999970198,1.0,1.0,1.7699999995529652,2.478499999456106,11.644999999552965,15.88899999950081,26.375,8.837,12.167565999999999,710.0,277.8077,313.8034,89.2731,,,,,,,,,,,,,,,,,,,,,,,
amd-ryzen-5 · chrome|s2|074_r3f-ref_i14,amd-ryzen-5 · chrome,s2,r3f-ref,-,14,2180.0,30007.26,72.64908558795493,74.07407407407408,50.31506816503639,59.71408458015409,13.764798165137512,13.5,0.9307533111040057,15.43500000052154,17.48709999974817,27.635000001639128,0.01651376146788991,0.0,1.5050000008195639,2.525000000372529,11.705000000074506,15.377099999953062,0.27500000037252903,8.27268,10.519517599999991,2179.0,51.8214,81.8149,65.7657,,,,,,,,,,,,,,,,,,,,,,,
amd-ryzen-5 · chrome|s2|075_r3f-ref+parent-state_i14,amd-ryzen-5 · chrome,s2,r3f-ref+parent-state,-,14,2018.0,30012.425,67.23881858930343,73.475385748993,21.690091965900553,30.145724431931587,14.872361248760596,13.609999999403954,4.902959619063105,17.317999999690798,40.804600000940255,55.19500000029802,0.0599603567888999,0.02973240832507433,1.3899999987334013,2.594150000531226,11.885000000707805,15.61575000097975,0.27999999932944775,8.71916,12.020889599999986,2017.0,84.3986,194.0421,96.6049,,,,,,,,,,,,,,,,,,,,,,,
amd-ryzen-5 · chrome|s2|076_threejs_i15,amd-ryzen-5 · chrome,s2,threejs,-,15,2254.0,30001.96,75.12842494290615,77.27975269678205,55.61594660917312,62.590112996923814,13.310541259981823,12.940000001341105,0.9185675057541861,14.858500000368803,16.765549999158818,22.244999999180436,0.011091393078970719,0.0,1.1549999993294477,1.8697000001184623,11.527499999850988,14.781149999741455,0.2599999997764826,8.7478,10.4041552,2253.0,51.5801,86.2829,62.276,,,,,,,,,,,,,,,,,,,,,,,
amd-ryzen-5 · chrome|s2|077_r3f-state_i15,amd-ryzen-5 · chrome,s2,r3f-state,-,15,722.0,30001.83,24.065198689546545,25.44205571829493,13.906962421330839,17.717756144605218,41.553781163435005,39.30499999970198,4.9506225778397726,49.451500000152734,58.1393000002391,76.40000000037253,1.0,1.0,2.155000001192093,2.843450000509618,11.43500000052154,16.11874999955296,25.66249999962747,8.84012,12.581023999999998,721.0,296.6312,313.0527,128.7948,,,,,,,,,,,,,,,,,,,,,,,
amd-ryzen-5 · chrome|s2|078_r3f-ref-central_i15,amd-ryzen-5 · chrome,s2,r3f-ref-central,-,15,2291.0,30009.85,76.34160117428206,78.12500000682121,53.284247239041804,62.80662995643577,13.09901789611507,12.799999998882413,0.8771374368116992,14.570000000298023,16.80099999979138,22.49500000104308,0.011348756001745963,0.0,0.9349999986588955,1.650500000454485,11.580000000074506,15.541000000014895,0.27999999932944775,8.3153,10.98136040000001,2290.0,56.0924,77.0452,57.854,,,,,,,,,,,,,,,,,,,,,,,
amd-ryzen-5 · chrome|s2|079_r3f-ref+parent-state_i15,amd-ryzen-5 · chrome,s2,r3f-ref+parent-state,-,15,2041.0,30001.965,68.02887744186123,73.93715341755684,22.469637901883015,30.723076644966948,14.69963988241051,13.525000000372529,4.81882413401592,16.93999999947846,40.525000000372515,68.19500000029802,0.05242528172464478,0.02939735423811857,1.300000000745058,2.40299999974668,11.904999999329448,16.525999999791374,0.27500000037252903,8.6593,11.091743199999991,2040.0,80.0516,196.5595,112.2007,,,,,,,,,,,,,,,,,,,,,,,
amd-ryzen-5 · chrome|s2|080_r3f-ref_i15,amd-ryzen-5 · chrome,s2,r3f-ref,-,15,2140.0,30005.605,71.32000837843357,73.80073800332208,47.931526391073966,56.47048889205142,14.02131074766376,13.550000000745058,1.1500504894418901,16.095499998889863,18.209149999618532,29.33999999985099,0.03551401869158879,0.0,1.425000000745058,2.5699999995715914,11.869999999180436,15.997449998762464,0.26999999955296516,8.75332,11.383011999999985,2139.0,50.2542,81.7678,62.6462,,,,,,,,,,,,,,,,,,,,,,,
amd-ryzen-5 · chrome|s3|003_threejs_i1,amd-ryzen-5 · chrome,s3,threejs,-,1,,,,,,,,,,,,,,,,,,,,,,,,,,119.17000000178814,296.08500000089407,176.91499999910593,82.65000000037253,12.389321327209473,108.99999999999997,,,,,,,,,,,,,,,,,
amd-ryzen-5 · chrome|s3|004_r3f_i1,amd-ryzen-5 · chrome,s3,r3f,-,1,,,,,,,,,,,,,,,,,,,,,,,,,,195.875,478.125,282.25,63.82500000111759,15.510421752929688,93.0,,,,,,,,,,,,,,,,,
amd-ryzen-5 · chrome|s3|005_threejs_i2,amd-ryzen-5 · chrome,s3,threejs,-,2,,,,,,,,,,,,,,,,,,,,,,,,,,185.8250000011176,398.81499999947846,212.98999999836087,86.03499999828637,12.6160249710083,155.99999999999997,,,,,,,,,,,,,,,,,
amd-ryzen-5 · chrome|s3|006_r3f_i2,amd-ryzen-5 · chrome,s3,r3f,-,2,,,,,,,,,,,,,,,,,,,,,,,,,,204.36500000022352,489.98000000044703,285.6150000002235,55.82500000111759,19.382265090942383,86.00000000000001,,,,,,,,,,,,,,,,,
amd-ryzen-5 · chrome|s3|007_threejs_i3,amd-ryzen-5 · chrome,s3,threejs,-,3,,,,,,,,,,,,,,,,,,,,,,,,,,121.61500000022352,369.34999999962747,247.73499999940395,66.1849999986589,13.958352088928223,179.00000000000003,,,,,,,,,,,,,,,,,
amd-ryzen-5 · chrome|s3|008_r3f_i3,amd-ryzen-5 · chrome,s3,r3f,-,3,,,,,,,,,,,,,,,,,,,,,,,,,,210.10500000044703,482.964999999851,272.85999999940395,55.78999999910593,16.006814002990723,89.00000000000001,,,,,,,,,,,,,,,,,
amd-ryzen-5 · chrome|s3|009_threejs_i4,amd-ryzen-5 · chrome,s3,threejs,-,4,,,,,,,,,,,,,,,,,,,,,,,,,,109.80499999970198,282.804999999702,173.0,76.56499999947846,12.419926643371582,101.99999999999996,,,,,,,,,,,,,,,,,
amd-ryzen-5 · chrome|s3|010_r3f_i4,amd-ryzen-5 · chrome,s3,r3f,-,4,,,,,,,,,,,,,,,,,,,,,,,,,,203.785000000149,472.42500000074506,268.64000000059605,56.97000000067055,16.007802963256836,86.0,,,,,,,,,,,,,,,,,
amd-ryzen-5 · chrome|s3|011_threejs_i5,amd-ryzen-5 · chrome,s3,threejs,-,5,,,,,,,,,,,,,,,,,,,,,,,,,,128.0800000000745,380.445000000298,252.36500000022352,69.4550000000745,14.042778968811035,186.0,,,,,,,,,,,,,,,,,
amd-ryzen-5 · chrome|s3|012_r3f_i5,amd-ryzen-5 · chrome,s3,r3f,-,5,,,,,,,,,,,,,,,,,,,,,,,,,,283.7350000012666,562.9199999999255,279.1849999986589,56.16000000014901,19.746304512023926,70.99999999999997,,,,,,,,,,,,,,,,,
amd-ryzen-5 · chrome|s3|013_threejs_i6,amd-ryzen-5 · chrome,s3,threejs,-,6,,,,,,,,,,,,,,,,,,,,,,,,,,117.89499999955297,291.13000000081956,173.2350000012666,78.32500000111759,14.438035011291504,103.00000000000001,,,,,,,,,,,,,,,,,
amd-ryzen-5 · chrome|s3|014_r3f_i6,amd-ryzen-5 · chrome,s3,r3f,-,6,,,,,,,,,,,,,,,,,,,,,,,,,,190.22000000067055,478.6650000009686,288.445000000298,53.255000000819564,14.250290870666504,75.0,,,,,,,,,,,,,,,,,
amd-ryzen-5 · chrome|s3|015_r3f_i7,amd-ryzen-5 · chrome,s3,r3f,-,7,,,,,,,,,,,,,,,,,,,,,,,,,,281.76999999955297,548.1999999992549,266.429999999702,61.419999999925494,20.735276222229004,85.99999999999991,,,,,,,,,,,,,,,,,
amd-ryzen-5 · chrome|s3|016_threejs_i7,amd-ryzen-5 · chrome,s3,threejs,-,7,,,,,,,,,,,,,,,,,,,,,,,,,,114.44999999925494,270.92500000074506,156.47500000149012,71.0,14.128228187561035,86.99999999999997,,,,,,,,,,,,,,,,,
amd-ryzen-5 · chrome|s3|017_threejs_i8,amd-ryzen-5 · chrome,s3,threejs,-,8,,,,,,,,,,,,,,,,,,,,,,,,,,119.3600000012666,287.2400000002235,167.87999999895692,76.03999999910593,12.65639591217041,97.0,,,,,,,,,,,,,,,,,
amd-ryzen-5 · chrome|s3|018_r3f_i8,amd-ryzen-5 · chrome,s3,r3f,-,8,,,,,,,,,,,,,,,,,,,,,,,,,,253.48499999940395,540.554999999702,287.070000000298,55.230000000447035,15.931818008422852,73.99999999999997,,,,,,,,,,,,,,,,,
amd-ryzen-5 · chrome|s3|019_r3f_i9,amd-ryzen-5 · chrome,s3,r3f,-,9,,,,,,,,,,,,,,,,,,,,,,,,,,223.69999999925494,512.8199999984354,289.11999999918044,47.41000000014901,16.009222984313965,110.0,,,,,,,,,,,,,,,,,
amd-ryzen-5 · chrome|s3|020_threejs_i9,amd-ryzen-5 · chrome,s3,threejs,-,9,,,,,,,,,,,,,,,,,,,,,,,,,,124.2050000000745,381.6349999997765,257.429999999702,65.38499999977648,14.025864601135254,194.0,,,,,,,,,,,,,,,,,
amd-ryzen-5 · chrome|s3|021_r3f_i10,amd-ryzen-5 · chrome,s3,r3f,-,10,,,,,,,,,,,,,,,,,,,,,,,,,,200.58499999903142,472.8549999985844,272.26999999955297,58.75,16.025514602661133,73.99999999999999,,,,,,,,,,,,,,,,,
amd-ryzen-5 · chrome|s3|022_threejs_i10,amd-ryzen-5 · chrome,s3,threejs,-,10,,,,,,,,,,,,,,,,,,,,,,,,,,115.30000000074506,377.4500000011176,262.15000000037253,71.24000000022352,14.041375160217285,193.0,,,,,,,,,,,,,,,,,
amd-ryzen-5 · chrome|s3|023_threejs_i11,amd-ryzen-5 · chrome,s3,threejs,-,11,,,,,,,,,,,,,,,,,,,,,,,,,,105.87000000104308,278.535000000149,172.66499999910593,77.5,12.418389320373535,101.99999999999999,,,,,,,,,,,,,,,,,
amd-ryzen-5 · chrome|s3|024_r3f_i11,amd-ryzen-5 · chrome,s3,r3f,-,11,,,,,,,,,,,,,,,,,,,,,,,,,,202.06499999947846,472.3600000012666,270.29500000178814,60.230000000447035,16.087446212768555,72.99999999999999,,,,,,,,,,,,,,,,,
amd-ryzen-5 · chrome|s3|025_r3f_i12,amd-ryzen-5 · chrome,s3,r3f,-,12,,,,,,,,,,,,,,,,,,,,,,,,,,185.23000000044703,457.4249999988824,272.1949999984354,59.50499999895692,19.65187168121338,73.00000000000001,,,,,,,,,,,,,,,,,
amd-ryzen-5 · chrome|s3|026_threejs_i12,amd-ryzen-5 · chrome,s3,threejs,-,12,,,,,,,,,,,,,,,,,,,,,,,,,,107.53500000014901,289.27500000037253,181.74000000022352,87.17500000074506,14.030217170715332,111.99999999999999,,,,,,,,,,,,,,,,,
amd-ryzen-5 · chrome|s3|027_r3f_i13,amd-ryzen-5 · chrome,s3,r3f,-,13,,,,,,,,,,,,,,,,,,,,,,,,,,250.17999999970198,518.9700000006706,268.7900000009686,59.08500000089407,16.334044456481934,67.00000000000006,,,,,,,,,,,,,,,,,
amd-ryzen-5 · chrome|s3|028_threejs_i13,amd-ryzen-5 · chrome,s3,threejs,-,13,,,,,,,,,,,,,,,,,,,,,,,,,,124.11999999918044,300.18500000052154,176.0650000013411,81.8600000012666,13.635205268859863,105.99999999999997,,,,,,,,,,,,,,,,,
amd-ryzen-5 · chrome|s3|029_threejs_i14,amd-ryzen-5 · chrome,s3,threejs,-,14,,,,,,,,,,,,,,,,,,,,,,,,,,118.07499999925494,292.804999999702,174.73000000044703,75.61500000022352,14.039624214172363,102.0,,,,,,,,,,,,,,,,,
amd-ryzen-5 · chrome|s3|030_r3f_i14,amd-ryzen-5 · chrome,s3,r3f,-,14,,,,,,,,,,,,,,,,,,,,,,,,,,269.1699999999255,544.265000000596,275.09500000067055,58.005000000819564,16.007543563842773,90.0,,,,,,,,,,,,,,,,,
amd-ryzen-5 · chrome|s3|031_r3f_i15,amd-ryzen-5 · chrome,s3,r3f,-,15,,,,,,,,,,,,,,,,,,,,,,,,,,204.98499999940395,490.4550000000745,285.47000000067055,60.46500000171363,18.98103427886963,75.0,,,,,,,,,,,,,,,,,
amd-ryzen-5 · chrome|s3|032_threejs_i15,amd-ryzen-5 · chrome,s3,threejs,-,15,,,,,,,,,,,,,,,,,,,,,,,,,,106.55000000074506,280.695000000298,174.14499999955297,83.64499999955297,12.426739692687988,100.99999999999999,,,,,,,,,,,,,,,,,
amd-ryzen-5 · chrome|s3|033_r3f_i16,amd-ryzen-5 · chrome,s3,r3f,-,16,,,,,,,,,,,,,,,,,,,,,,,,,,207.82499999925494,480.1399999987334,272.31499999947846,58.40499999932945,15.175643920898438,93.0,,,,,,,,,,,,,,,,,
amd-ryzen-5 · chrome|s3|034_threejs_i16,amd-ryzen-5 · chrome,s3,threejs,-,16,,,,,,,,,,,,,,,,,,,,,,,,,,111.72000000067055,270.8500000014901,159.13000000081956,72.57500000111759,13.633736610412598,87.99999999999997,,,,,,,,,,,,,,,,,
amd-ryzen-5 · chrome|s3|035_threejs_i17,amd-ryzen-5 · chrome,s3,threejs,-,17,,,,,,,,,,,,,,,,,,,,,,,,,,110.58500000089407,274.089999999851,163.50499999895692,70.72499999962747,12.40495777130127,93.99999999999999,,,,,,,,,,,,,,,,,
amd-ryzen-5 · chrome|s3|036_r3f_i17,amd-ryzen-5 · chrome,s3,r3f,-,17,,,,,,,,,,,,,,,,,,,,,,,,,,306.3300000000745,580.570000000298,274.2400000002235,60.19500000029802,16.509214401245117,93.99999999999997,,,,,,,,,,,,,,,,,
amd-ryzen-5 · chrome|s3|037_r3f_i18,amd-ryzen-5 · chrome,s3,r3f,-,18,,,,,,,,,,,,,,,,,,,,,,,,,,187.46000000089407,456.6699999999255,269.2099999990314,57.899999998509884,15.611112594604492,70.0,,,,,,,,,,,,,,,,,
amd-ryzen-5 · chrome|s3|038_threejs_i18,amd-ryzen-5 · chrome,s3,threejs,-,18,,,,,,,,,,,,,,,,,,,,,,,,,,117.42500000074506,287.5800000000745,170.15499999932945,81.9550000000745,14.12789249420166,98.00000000000001,,,,,,,,,,,,,,,,,
amd-ryzen-5 · chrome|s3|039_threejs_i19,amd-ryzen-5 · chrome,s3,threejs,-,19,,,,,,,,,,,,,,,,,,,,,,,,,,103.85500000044703,268.34500000067055,164.49000000022352,76.10500000044703,12.471631050109863,91.99999999999999,,,,,,,,,,,,,,,,,
amd-ryzen-5 · chrome|s3|040_r3f_i19,amd-ryzen-5 · chrome,s3,r3f,-,19,,,,,,,,,,,,,,,,,,,,,,,,,,295.88000000081956,564.3000000007451,268.4199999999255,59.66499999910593,16.087478637695312,93.99999999999994,,,,,,,,,,,,,,,,,
amd-ryzen-5 · chrome|s3|041_threejs_i20,amd-ryzen-5 · chrome,s3,threejs,-,20,,,,,,,,,,,,,,,,,,,,,,,,,,114.7050000000745,287.44999999925494,172.74499999918044,84.01999999955297,12.427224159240723,106.00000000000003,,,,,,,,,,,,,,,,,
amd-ryzen-5 · chrome|s3|042_r3f_i20,amd-ryzen-5 · chrome,s3,r3f,-,20,,,,,,,,,,,,,,,,,,,,,,,,,,220.14499999955297,493.0099999997765,272.8650000002235,58.09999999962747,19.5535945892334,90.0,,,,,,,,,,,,,,,,,
amd-ryzen-5 · chrome|s3|043_threejs_i21,amd-ryzen-5 · chrome,s3,threejs,-,21,,,,,,,,,,,,,,,,,,,,,,,,,,115.14500000141561,297.9950000010431,182.84999999962747,80.76500000059605,14.12877368927002,110.99999999999997,,,,,,,,,,,,,,,,,
amd-ryzen-5 · chrome|s3|044_r3f_i21,amd-ryzen-5 · chrome,s3,r3f,-,21,,,,,,,,,,,,,,,,,,,,,,,,,,272.7400000002235,539.7750000003725,267.035000000149,64.93500000052154,14.17640495300293,70.00000000000009,,,,,,,,,,,,,,,,,
amd-ryzen-5 · chrome|s3|045_threejs_i22,amd-ryzen-5 · chrome,s3,threejs,-,22,,,,,,,,,,,,,,,,,,,,,,,,,,116.36999999918044,291.00500000081956,174.63500000163913,79.3150000013411,14.042386054992676,104.00000000000003,,,,,,,,,,,,,,,,,
amd-ryzen-5 · chrome|s3|046_r3f_i22,amd-ryzen-5 · chrome,s3,r3f,-,22,,,,,,,,,,,,,,,,,,,,,,,,,,188.38000000081956,459.51999999955297,271.1399999987334,56.23999999836087,18.98252773284912,70.0,,,,,,,,,,,,,,,,,
amd-ryzen-5 · chrome|s3|047_threejs_i23,amd-ryzen-5 · chrome,s3,threejs,-,23,,,,,,,,,,,,,,,,,,,,,,,,,,113.70000000111759,282.6650000009686,168.964999999851,77.58999999985099,12.687413215637207,97.99999999999999,,,,,,,,,,,,,,,,,
amd-ryzen-5 · chrome|s3|048_r3f_i23,amd-ryzen-5 · chrome,s3,r3f,-,23,,,,,,,,,,,,,,,,,,,,,,,,,,229.714999999851,516.4049999993294,286.68999999947846,53.12000000104308,15.785210609436035,81.00000000000006,,,,,,,,,,,,,,,,,
amd-ryzen-5 · chrome|s3|049_r3f_i24,amd-ryzen-5 · chrome,s3,r3f,-,24,,,,,,,,,,,,,,,,,,,,,,,,,,259.2000000011176,543.7700000014156,284.570000000298,57.62000000104308,15.523236274719238,69.0,,,,,,,,,,,,,,,,,
amd-ryzen-5 · chrome|s3|050_threejs_i24,amd-ryzen-5 · chrome,s3,threejs,-,24,,,,,,,,,,,,,,,,,,,,,,,,,,117.72000000067055,291.7949999999255,174.07499999925494,73.84500000067055,12.49925708770752,101.99999999999999,,,,,,,,,,,,,,,,,
amd-ryzen-5 · chrome|s3|051_r3f_i25,amd-ryzen-5 · chrome,s3,r3f,-,25,,,,,,,,,,,,,,,,,,,,,,,,,,188.4249999988824,471.18999999947846,282.76500000059605,57.19500000029802,16.200894355773926,71.00000000000001,,,,,,,,,,,,,,,,,
amd-ryzen-5 · chrome|s3|052_threejs_i25,amd-ryzen-5 · chrome,s3,threejs,-,25,,,,,,,,,,,,,,,,,,,,,,,,,,113.79999999888241,289.875,176.0750000011176,91.28500000014901,13.713726997375488,110.99999999999997,,,,,,,,,,,,,,,,,
amd-ryzen-5 · chrome|s3|053_threejs_i26,amd-ryzen-5 · chrome,s3,threejs,-,26,,,,,,,,,,,,,,,,,,,,,,,,,,123.89499999955297,308.34999999962747,184.4550000000745,91.7949999999255,13.967236518859863,114.99999999999999,,,,,,,,,,,,,,,,,
amd-ryzen-5 · chrome|s3|054_r3f_i26,amd-ryzen-5 · chrome,s3,r3f,-,26,,,,,,,,,,,,,,,,,,,,,,,,,,205.34999999962747,478.0849999990314,272.73499999940395,57.96999999880791,19.66023349761963,87.0,,,,,,,,,,,,,,,,,
amd-ryzen-5 · chrome|s3|055_threejs_i27,amd-ryzen-5 · chrome,s3,threejs,-,27,,,,,,,,,,,,,,,,,,,,,,,,,,110.6399999987334,290.8349999990314,180.19500000029802,83.63499999977648,12.425015449523926,108.00000000000001,,,,,,,,,,,,,,,,,
amd-ryzen-5 · chrome|s3|056_r3f_i27,amd-ryzen-5 · chrome,s3,r3f,-,27,,,,,,,,,,,,,,,,,,,,,,,,,,191.30499999970198,462.570000000298,271.26500000059605,61.72499999962747,15.094529151916504,77.00000000000001,,,,,,,,,,,,,,,,,
amd-ryzen-5 · chrome|s3|057_r3f_i28,amd-ryzen-5 · chrome,s3,r3f,-,28,,,,,,,,,,,,,,,,,,,,,,,,,,239.73000000044703,556.070000000298,316.339999999851,70.7050000000745,20.051515579223633,99.00000000000006,,,,,,,,,,,,,,,,,
amd-ryzen-5 · chrome|s3|058_threejs_i28,amd-ryzen-5 · chrome,s3,threejs,-,28,,,,,,,,,,,,,,,,,,,,,,,,,,106.89499999955297,271.8650000002235,164.97000000067055,73.32500000111759,12.442009925842285,93.00000000000001,,,,,,,,,,,,,,,,,
amd-ryzen-5 · chrome|s3|059_r3f_i29,amd-ryzen-5 · chrome,s3,r3f,-,29,,,,,,,,,,,,,,,,,,,,,,,,,,207.64000000059605,490.4550000000745,282.81499999947846,59.53999999910593,14.135000228881836,81.0,,,,,,,,,,,,,,,,,
amd-ryzen-5 · chrome|s3|060_threejs_i29,amd-ryzen-5 · chrome,s3,threejs,-,29,,,,,,,,,,,,,,,,,,,,,,,,,,171.1849999986589,385.23499999940395,214.05000000074506,74.65499999932945,14.037323951721191,145.0,,,,,,,,,,,,,,,,,
amd-ryzen-5 · chrome|s3|061_r3f_i30,amd-ryzen-5 · chrome,s3,r3f,-,30,,,,,,,,,,,,,,,,,,,,,,,,,,298.8650000002235,584.2050000000745,285.339999999851,67.15000000037253,18.637547492980957,90.99999999999994,,,,,,,,,,,,,,,,,
amd-ryzen-5 · chrome|s3|062_threejs_i30,amd-ryzen-5 · chrome,s3,threejs,-,30,,,,,,,,,,,,,,,,,,,,,,,,,,115.41500000096858,329.804999999702,214.3899999987334,125.88499999977648,14.1288423538208,143.0,,,,,,,,,,,,,,,,,
amd-ryzen-5 · chrome|s4|005_r3f-ref_i1,amd-ryzen-5 · chrome,s4,r3f-ref,-,1,,,,,,,,,,,,,,,,,11.894999999552965,,,,,,,,,,,,,,,84.0,45.0,39.0,0.0,0.0,24.105000000447035,28.03799999989569,24.702777777901954,24.81000000052154,11.464999999850988,0.7100000008940697,0.0,0.0,0.22499999962747097,0.4642857142857143,,
amd-ryzen-5 · chrome|s4|006_r3f-events_i1,amd-ryzen-5 · chrome,s4,r3f-events,-,1,,,,,,,,,,,,,,,,,12.33500000089407,,,,,,,,,,,,,,,83.0,45.0,38.0,0.0,0.0,26.25,29.95499999932945,25.97411111113098,28.929999999701977,11.734999999403954,2.0600000005215406,0.724999999627471,0.0,0.2149999998509884,0.4578313253012048,,
amd-ryzen-5 · chrome|s4|007_r3f-state_i1,amd-ryzen-5 · chrome,s4,r3f-state,-,1,,,,,,,,,,,,,,,,,11.245000001043081,,,,,,,,,,,,,,,82.0,45.0,37.0,0.0,0.0,38.350000001490116,42.32500000074506,38.30955555563172,39.165000000968575,11.195000000298023,15.300000000745058,14.489999998360872,0.0,0.21000000089406967,0.45121951219512196,,
amd-ryzen-5 · chrome|s4|008_threejs_i1,amd-ryzen-5 · chrome,s4,threejs,-,1,,,,,,,,,,,,,,,,,11.929999999701977,,,,,,,,,,,,,,,85.0,46.0,39.0,0.0,0.0,24.087499999441206,27.133750000037253,24.281195652104266,24.637499999254942,11.309999999590218,0.6225000005215406,0.0,0.0,0.19999999925494194,0.4588235294117647,,
amd-ryzen-5 · chrome|s4|009_r3f-state_i2,amd-ryzen-5 · chrome,s4,r3f-state,-,2,,,,,,,,,,,,,,,,,11.442499999888241,,,,,,,,,,,,,,,86.0,48.0,38.0,0.0,0.0,39.4300000006333,44.32499999962747,39.79979166656267,40.30499999970198,11.682499999180436,16.024999999441206,15.089999998919666,0.0,0.2149999998509884,0.4418604651162791,,
amd-ryzen-5 · chrome|s4|010_threejs_i2,amd-ryzen-5 · chrome,s4,threejs,-,2,,,,,,,,,,,,,,,,,11.982499999925494,,,,,,,,,,,,,,,89.0,50.0,39.0,0.0,0.0,24.207500000484288,25.859750000201164,23.915000000037253,24.799999999813735,11.292499999515712,0.6025000009685755,0.0,0.0,0.20250000059604645,0.43820224719101125,,
amd-ryzen-5 · chrome|s4|011_r3f-events_i2,amd-ryzen-5 · chrome,s4,r3f-events,-,2,,,,,,,,,,,,,,,,,12.06499999947846,,,,,,,,,,,,,,,88.0,49.0,39.0,0.0,0.0,26.044999999925494,29.664999999850988,25.786530612150624,28.440000001341105,11.33500000089407,2.169999999925494,0.7050000000745058,0.0,0.2149999998509884,0.4431818181818182,,
amd-ryzen-5 · chrome|s4|012_r3f-ref_i2,amd-ryzen-5 · chrome,s4,r3f-ref,-,2,,,,,,,,,,,,,,,,,12.177499999292195,,,,,,,,,,,,,,,89.0,50.0,39.0,0.0,0.0,24.597500001080334,26.148750000819565,24.36699999999255,25.382500000298023,11.549999999813735,0.5800000000745058,0.0,0.0,0.2149999998509884,0.43820224719101125,,
amd-ryzen-5 · chrome|s4|013_threejs_i3,amd-ryzen-5 · chrome,s4,threejs,-,3,,,,,,,,,,,,,,,,,11.695000000298023,,,,,,,,,,,,,,,88.0,48.0,40.0,0.0,0.0,23.28499999921769,25.164749998413026,23.117083333393868,23.83999999985099,10.857499999925494,0.5800000000745058,0.0,0.0,0.19999999925494194,0.45454545454545453,,
amd-ryzen-5 · chrome|s4|014_r3f-events_i3,amd-ryzen-5 · chrome,s4,r3f-events,-,3,,,,,,,,,,,,,,,,,11.667500000447035,,,,,,,,,,,,,,,86.0,48.0,38.0,0.0,0.0,25.767500000074506,27.955250000022353,25.620729166742723,28.152499998919666,11.592499999329448,1.9925000006332994,0.6575000006705523,0.0,0.2149999998509884,0.4418604651162791,,
amd-ryzen-5 · chrome|s4|015_r3f-state_i3,amd-ryzen-5 · chrome,s4,r3f-state,-,3,,,,,,,,,,,,,,,,,11.264999998733401,,,,,,,,,,,,,,,85.0,48.0,37.0,0.0,0.0,37.46750000026077,42.6929999996908,38.13260416663252,38.25750000029802,11.307499999180436,14.46000000089407,13.729999999515712,0.0,0.21000000089406967,0.43529411764705883,,
amd-ryzen-5 · chrome|s4|016_r3f-ref_i3,amd-ryzen-5 · chrome,s4,r3f-ref,-,3,,,,,,,,,,,,,,,,,11.970000000670552,,,,,,,,,,,,,,,88.0,49.0,39.0,0.0,0.0,24.094999998807907,26.897999999672173,23.864285714316125,24.834999999031425,11.339999999850988,0.6150000002235174,0.0,0.0,0.2149999998509884,0.4431818181818182,,
amd-ryzen-5 · chrome|s4|017_r3f-events_i4,amd-ryzen-5 · chrome,s4,r3f-events,-,4,,,,,,,,,,,,,,,,,11.499999999068677,,,,,,,,,,,,,,,86.0,44.0,42.0,0.0,0.0,25.380000000819564,28.2382500003092,25.353068181779236,27.697499999776483,11.464999998919666,1.8399999998509884,0.5599999986588955,0.0,0.2149999998509884,0.4883720930232558,,
amd-ryzen-5 · chrome|s4|018_threejs_i4,amd-ryzen-5 · chrome,s4,threejs,-,4,,,,,,,,,,,,,,,,,11.135000000707805,,,,,,,,,,,,,,,87.0,44.0,43.0,0.0,0.0,22.83999999985099,26.361500000022353,23.312727272595193,23.397499999031425,10.957499999552965,0.6274999994784594,0.0,0.0,0.20000000018626451,0.4942528735632184,,
amd-ryzen-5 · chrome|s4|019_r3f-ref_i4,amd-ryzen-5 · chrome,s4,r3f-ref,-,4,,,,,,,,,,,,,,,,,11.942500000819564,,,,,,,,,,,,,,,86.0,44.0,42.0,0.0,0.0,24.137500000186265,26.390250000171363,24.089659090958197,24.81000000052154,11.200000000186265,0.6175000006332994,0.0,0.0,0.2225000001490116,0.4883720930232558,,
amd-ryzen-5 · chrome|s4|020_r3f-state_i4,amd-ryzen-5 · chrome,s4,r3f-state,-,4,,,,,,,,,,,,,,,,,11.135000000707805,,,,,,,,,,,,,,,85.0,44.0,41.0,0.0,0.0,38.38499999977648,43.620500000473115,38.94818181807006,39.174999999813735,11.375,15.949999999254942,15.205000000074506,0.0,0.20750000048428774,0.4823529411764706,,
amd-ryzen-5 · chrome|s4|021_threejs_i5,amd-ryzen-5 · chrome,s4,threejs,-,5,,,,,,,,,,,,,,,,,12.084999999962747,,,,,,,,,,,,,,,85.0,50.0,35.0,0.0,0.0,24.367499998770654,27.4164999993518,24.072099999934434,24.93999999947846,11.454999999143183,0.6875000009313226,0.0,0.0,0.2000000011175871,0.4117647058823529,,
amd-ryzen-5 · chrome|s4|022_r3f-events_i5,amd-ryzen-5 · chrome,s4,r3f-events,-,5,,,,,,,,,,,,,,,,,12.117499999701977,,,,,,,,,,,,,,,84.0,50.0,34.0,0.0,0.0,26.15249999985099,29.635250000003722,26.142399999946356,28.617499998770654,11.584999999962747,2.2324999989941716,0.75,0.0,0.2199999988079071,0.40476190476190477,,
amd-ryzen-5 · chrome|s4|023_r3f-ref_i5,amd-ryzen-5 · chrome,s4,r3f-ref,-,5,,,,,,,,,,,,,,,,,12.212500000372529,,,,,,,,,,,,,,,85.0,50.0,35.0,0.0,0.0,24.667500000447035,26.58475000048056,24.474200000055134,25.3675000006333,11.567499998956919,0.625,0.0,0.0,0.22999999951571226,0.4117647058823529,,
amd-ryzen-5 · chrome|s4|024_r3f-state_i5,amd-ryzen-5 · chrome,s4,r3f-state,-,5,,,,,,,,,,,,,,,,,11.080000000074506,,,,,,,,,,,,,,,84.0,49.0,35.0,0.0,0.0,37.875,43.06099999919533,38.4616326530445,38.74500000104308,10.990000000223517,15.379999998956919,14.444999998435378,0.0,0.20999999903142452,0.4166666666666667,,
amd-ryzen-5 · chrome|s4|025_r3f-events_i6,amd-ryzen-5 · chrome,s4,r3f-events,-,6,,,,,,,,,,,,,,,,,11.53999999910593,,,,,,,,,,,,,,,86.0,45.0,41.0,0.0,0.0,25.68999999947846,27.668000000342726,25.48477777760062,28.14500000141561,11.554999999701977,2.1850000005215406,0.7300000004470348,0.0,0.2199999988079071,0.47674418604651164,,
amd-ryzen-5 · chrome|s4|026_r3f-state_i6,amd-ryzen-5 · chrome,s4,r3f-state,-,6,,,,,,,,,,,,,,,,,11.102500000968575,,,,,,,,,,,,,,,84.0,44.0,40.0,0.0,0.0,38.91249999962747,43.79475000072271,39.094204545613714,39.81749999988824,11.322500000707805,15.84499999973923,15.137500000186265,0.0,0.20749999955296516,0.47619047619047616,,
amd-ryzen-5 · chrome|s4|027_threejs_i6,amd-ryzen-5 · chrome,s4,threejs,-,6,,,,,,,,,,,,,,,,,11.950000001117587,,,,,,,,,,,,,,,86.0,45.0,41.0,0.0,0.0,24.175000000745058,26.32300000041723,23.856888889024656,24.68500000052154,11.349999999627471,0.6549999993294477,0.0,0.0,0.19500000029802322,0.47674418604651164,,
amd-ryzen-5 · chrome|s4|028_r3f-ref_i6,amd-ryzen-5 · chrome,s4,r3f-ref,-,6,,,,,,,,,,,,,,,,,12.014999998733401,,,,,,,,,,,,,,,86.0,45.0,41.0,0.0,0.0,24.15000000037253,26.790000000223518,24.133777777809236,24.844999998807907,11.344999998807907,0.6099999994039536,0.0,0.0,0.22499999962747097,0.47674418604651164,,
amd-ryzen-5 · chrome|s4|029_r3f-state_i7,amd-ryzen-5 · chrome,s4,r3f-state,-,7,,,,,,,,,,,,,,,,,11.14500000141561,,,,,,,,,,,,,,,89.0,57.0,32.0,0.0,0.0,38.480000000447035,43.750000000372516,39.197543859743234,39.31000000052154,11.524999998509884,15.695000000298023,14.894999999552965,0.0,0.2149999998509884,0.3595505617977528,,
amd-ryzen-5 · chrome|s4|030_r3f-ref_i7,amd-ryzen-5 · chrome,s4,r3f-ref,-,7,,,,,,,,,,,,,,,,,12.105000000447035,,,,,,,,,,,,,,,91.0,57.0,34.0,0.0,0.0,24.505000000819564,26.923999999463557,24.351403508923557,25.18999999947846,11.619999999180436,0.6550000011920929,0.0,0.0,0.22000000067055225,0.37362637362637363,,
amd-ryzen-5 · chrome|s4|031_threejs_i7,amd-ryzen-5 · chrome,s4,threejs,-,7,,,,,,,,,,,,,,,,,11.535000000149012,,,,,,,,,,,,,,,91.0,57.0,34.0,0.0,0.0,23.294999999925494,27.202000001072882,23.385877193033433,23.84999999962747,10.879999998956919,0.6150000002235174,0.0,0.0,0.2050000000745058,0.37362637362637363,,
amd-ryzen-5 · chrome|s4|032_r3f-events_i7,amd-ryzen-5 · chrome,s4,r3f-events,-,7,,,,,,,,,,,,,,,,,11.904999999329448,,,,,,,,,,,,,,,91.0,57.0,34.0,0.0,0.0,25.75,29.83999999985098,25.73254385953279,28.144999999552965,11.484999999403954,2.080000000074506,0.724999999627471,0.0,0.22000000067055225,0.37362637362637363,,
amd-ryzen-5 · chrome|s4|033_r3f-events_i8,amd-ryzen-5 · chrome,s4,r3f-events,-,8,,,,,,,,,,,,,,,,,11.964999999850988,,,,,,,,,,,,,,,85.0,40.0,45.0,0.0,0.0,25.459999999962747,27.436000000499188,25.510749999945983,27.850000000558794,11.59250000026077,1.9800000004470348,0.6174999997019768,0.0,0.2149999998509884,0.5294117647058824,,
amd-ryzen-5 · chrome|s4|034_threejs_i8,amd-ryzen-5 · chrome,s4,threejs,-,8,,,,,,,,,,,,,,,,,11.507500000298023,,,,,,,,,,,,,,,86.0,40.0,46.0,0.0,0.0,23.43500000052154,26.615500000119205,23.57100000018254,24.007500001229346,11.1175000006333,0.6174999997019768,0.0,0.0,0.20000000018626451,0.5348837209302325,,
amd-ryzen-5 · chrome|s4|035_r3f-state_i8,amd-ryzen-5 · chrome,s4,r3f-state,-,8,,,,,,,,,,,,,,,,,11.220000000670552,,,,,,,,,,,,,,,85.0,41.0,44.0,0.0,0.0,38.25999999977648,42.019999999552965,38.24048780477265,39.080000000074506,11.599999999627471,15.125,14.35499999858439,0.0,0.21500000171363354,0.5176470588235295,,
amd-ryzen-5 · chrome|s4|036_r3f-ref_i8,amd-ryzen-5 · chrome,s4,r3f-ref,-,8,,,,,,,,,,,,,,,,,11.9375,,,,,,,,,,,,,,,86.0,40.0,46.0,0.0,0.0,23.91499999910593,26.686499999370422,24.02087499992922,24.647499999031425,11.349999999627471,0.5549999997019768,0.0,0.0,0.2149999998509884,0.5348837209302325,,
amd-ryzen-5 · chrome|s4|037_r3f-events_i9,amd-ryzen-5 · chrome,s4,r3f-events,-,9,,,,,,,,,,,,,,,,,12.199999999254942,,,,,,,,,,,,,,,85.0,51.0,34.0,0.0,0.0,26.209999999031425,29.132500000298023,25.735490196037528,28.530000001192093,11.56000000052154,2.0350000001490116,0.6450000014156103,0.0,0.22000000067055225,0.4,,
amd-ryzen-5 · chrome|s4|038_r3f-state_i9,amd-ryzen-5 · chrome,s4,r3f-state,-,9,,,,,,,,,,,,,,,,,11.167500000447035,,,,,,,,,,,,,,,83.0,50.0,33.0,0.0,0.0,38.360000000335276,41.99349999967962,38.49730000000447,39.105000000447035,11.375,15.242499999701977,14.502500000409782,0.0,0.22000000067055225,0.39759036144578314,,
amd-ryzen-5 · chrome|s4|039_threejs_i9,amd-ryzen-5 · chrome,s4,threejs,-,9,,,,,,,,,,,,,,,,,12.037499999627471,,,,,,,,,,,,,,,86.0,52.0,34.0,0.0,0.0,24.345000000670552,26.569249999616293,24.105480769362586,24.855000000447035,11.357499999925494,0.625,0.0,0.0,0.20250000059604645,0.3953488372093023,,
amd-ryzen-5 · chrome|s4|040_r3f-ref_i9,amd-ryzen-5 · chrome,s4,r3f-ref,-,9,,,,,,,,,,,,,,,,,12.077499999664724,,,,,,,,,,,,,,,86.0,52.0,34.0,0.0,0.0,24.380000000819564,27.060749999806283,24.342115384741472,25.107499999925494,11.387499999254942,0.6200000001117587,0.0,0.0,0.22499999962747097,0.3953488372093023,,
amd-ryzen-5 · chrome|s4|041_r3f-ref_i10,amd-ryzen-5 · chrome,s4,r3f-ref,-,10,,,,,,,,,,,,,,,,,11.89500000141561,,,,,,,,,,,,,,,88.0,53.0,35.0,0.0,0.0,23.930000001564622,27.16300000064075,23.747641509363675,24.68500000052154,11.195000000298023,0.6150000002235174,0.0,0.0,0.22500000149011612,0.3977272727272727,,
amd-ryzen-5 · chrome|s4|042_threejs_i10,amd-ryzen-5 · chrome,s4,threejs,-,10,,,,,,,,,,,,,,,,,11.232499998994172,,,,,,,,,,,,,,,89.0,54.0,35.0,0.0,0.0,23.14250000100583,26.22024999950081,23.46203703702324,23.705000000074506,10.940000000409782,0.5649999994784594,0.0,0.0,0.2050000000745058,0.39325842696629215,,
amd-ryzen-5 · chrome|s4|043_r3f-state_i10,amd-ryzen-5 · chrome,s4,r3f-state,-,10,,,,,,,,,,,,,,,,,11.017500000074506,,,,,,,,,,,,,,,86.0,52.0,34.0,0.0,0.0,38.169999999925494,43.0925000003539,38.63307692296803,38.99000000022352,11.277499999850988,15.492499999701977,14.720000000670552,0.0,0.2149999998509884,0.3953488372093023,,
amd-ryzen-5 · chrome|s4|044_r3f-events_i10,amd-ryzen-5 · chrome,s4,r3f-events,-,10,,,,,,,,,,,,,,,,,12.21999999973923,,,,,,,,,,,,,,,88.0,54.0,34.0,0.0,0.0,25.772499999962747,29.39199999971315,25.797962962891216,28.084999999962747,11.230000001378357,1.9375,0.6225000005215406,0.0,0.2225000001490116,0.38636363636363635,,
amd-ryzen-5 · chrome|s4|045_threejs_i11,amd-ryzen-5 · chrome,s4,threejs,-,11,,,,,,,,,,,,,,,,,12.035000000149012,,,,,,,,,,,,,,,87.0,44.0,43.0,0.0,0.0,24.34000000078231,27.944749998673796,24.44636363633485,24.889999999664724,11.512499999254942,0.6224999995902181,0.0,0.0,0.2000000011175871,0.4942528735632184,,
amd-ryzen-5 · chrome|s4|046_r3f-ref_i11,amd-ryzen-5 · chrome,s4,r3f-ref,-,11,,,,,,,,,,,,,,,,,11.697499999776483,,,,,,,,,,,,,,,86.0,44.0,42.0,0.0,0.0,23.897499999962747,26.884499999135734,23.720568181946874,24.582499999552965,11.304999999701977,0.587500000372529,0.0,0.0,0.2149999998509884,0.4883720930232558,,
amd-ryzen-5 · chrome|s4|047_r3f-events_i11,amd-ryzen-5 · chrome,s4,r3f-events,-,11,,,,,,,,,,,,,,,,,11.787500000558794,,,,,,,,,,,,,,,86.0,44.0,42.0,0.0,0.0,25.47749999910593,30.083249999862165,25.533409090628002,28.082499999552965,11.317499999888241,2.0449999989941716,0.6675000004470348,0.0,0.22000000067055225,0.4883720930232558,,
amd-ryzen-5 · chrome|s4|048_r3f-state_i11,amd-ryzen-5 · chrome,s4,r3f-state,-,11,,,,,,,,,,,,,,,,,11.105000001378357,,,,,,,,,,,,,,,85.0,44.0,41.0,0.0,0.0,37.705000000074506,41.26149999918416,37.72340909099545,38.517500000074506,11.044999998994172,14.420000000856817,13.772499999962747,0.0,0.20999999903142452,0.4823529411764706,,
amd-ryzen-5 · chrome|s4|049_r3f-ref_i12,amd-ryzen-5 · chrome,s4,r3f-ref,-,12,,,,,,,,,,,,,,,,,11.900000000372529,,,,,,,,,,,,,,,91.0,55.0,36.0,0.0,0.0,24.18999999947846,27.75849999953061,24.259363636340606,24.93500000052154,11.39500000141561,0.7400000002235174,0.0,0.0,0.24000000022351742,0.3956043956043956,,
amd-ryzen-5 · chrome|s4|050_threejs_i12,amd-ryzen-5 · chrome,s4,threejs,-,12,,,,,,,,,,,,,,,,,11.882500000298023,,,,,,,,,,,,,,,90.0,54.0,36.0,0.0,0.0,23.91000000014901,27.238750000298023,23.53879629627422,24.490000000223517,11.167500000447035,0.6800000006332994,0.0,0.0,0.19500000029802322,0.4,,
amd-ryzen-5 · chrome|s4|051_r3f-state_i12,amd-ryzen-5 · chrome,s4,r3f-state,-,12,,,,,,,,,,,,,,,,,11.339999999850988,,,,,,,,,,,,,,,88.0,53.0,35.0,0.0,0.0,38.32499999925494,42.58699999935925,38.3783962265149,39.16000000014901,11.384999999776483,15.369999999180436,14.410000000149012,0.0,0.20999999903142452,0.3977272727272727,,
amd-ryzen-5 · chrome|s4|052_r3f-events_i12,amd-ryzen-5 · chrome,s4,r3f-events,-,12,,,,,,,,,,,,,,,,,13.195000000298023,,,,,,,,,,,,,,,88.0,53.0,35.0,0.0,0.0,28.294999999925494,36.71199999898672,27.889999999998594,31.0149999987334,12.415000000968575,2.4200000017881393,0.7550000008195639,0.0,0.27999999932944775,0.3977272727272727,,
amd-ryzen-5 · chrome|s4|053_r3f-ref_i13,amd-ryzen-5 · chrome,s4,r3f-ref,-,13,,,,,,,,,,,,,,,,,14.065000001341105,,,,,,,,,,,,,,,87.0,49.0,38.0,0.0,0.0,27.380000000819564,34.3730000000447,27.671428571474188,28.2350000012666,12.18999999947846,0.7699999995529652,0.0,0.0,0.2949999999254942,0.4367816091954023,,
amd-ryzen-5 · chrome|s4|054_r3f-events_i13,amd-ryzen-5 · chrome,s4,r3f-events,-,13,,,,,,,,,,,,,,,,,11.979999999515712,,,,,,,,,,,,,,,88.0,50.0,38.0,0.0,0.0,25.96999999973923,28.881499999947845,25.628599999919533,28.265000000596046,11.399999999441206,2.0575000001117587,0.7324999989941716,0.0,0.22000000067055225,0.4318181818181818,,
amd-ryzen-5 · chrome|s4|055_threejs_i13,amd-ryzen-5 · chrome,s4,threejs,-,13,,,,,,,,,,,,,,,,,11.87749999947846,,,,,,,,,,,,,,,88.0,50.0,38.0,0.0,0.0,23.9375,27.199999999534338,23.866699999943375,24.46999999973923,11.25999999884516,0.6725000003352761,0.0,0.0,0.19749999977648258,0.4318181818181818,,
amd-ryzen-5 · chrome|s4|056_r3f-state_i13,amd-ryzen-5 · chrome,s4,r3f-state,-,13,,,,,,,,,,,,,,,,,11.630000000819564,,,,,,,,,,,,,,,86.0,49.0,37.0,0.0,0.0,39.419999999925494,43.14600000008941,39.615816326507804,40.22499999962747,11.900000000372529,15.58500000089407,14.794999999925494,0.0,0.20999999903142452,0.43023255813953487,,
amd-ryzen-5 · chrome|s4|057_r3f-ref_i14,amd-ryzen-5 · chrome,s4,r3f-ref,-,14,,,,,,,,,,,,,,,,,12.009999999776483,,,,,,,,,,,,,,,83.0,47.0,36.0,0.0,0.0,24.46000000089407,27.905500000528992,24.491382978777303,25.21000000089407,11.43500000052154,0.6950000002980232,0.0,0.0,0.23000000044703484,0.43373493975903615,,
amd-ryzen-5 · chrome|s4|058_r3f-state_i14,amd-ryzen-5 · chrome,s4,r3f-state,-,14,,,,,,,,,,,,,,,,,10.887500000186265,,,,,,,,,,,,,,,81.0,46.0,35.0,0.0,0.0,37.05999999959022,41.93499999959022,37.671413043432906,37.89749999996275,11.067499999888241,14.700000000186265,13.825000000186265,0.0,0.2149999998509884,0.43209876543209874,,
amd-ryzen-5 · chrome|s4|059_r3f-events_i14,amd-ryzen-5 · chrome,s4,r3f-events,-,14,,,,,,,,,,,,,,,,,11.475000000558794,,,,,,,,,,,,,,,82.0,46.0,36.0,0.0,0.0,25.517499999143183,28.25000000046566,25.592391304307334,28.15500000026077,11.604999999515712,2.1974999997764826,0.650000000372529,0.0,0.21999999973922968,0.43902439024390244,,
amd-ryzen-5 · chrome|s4|060_threejs_i14,amd-ryzen-5 · chrome,s4,threejs,-,14,,,,,,,,,,,,,,,,,11.745000000111759,,,,,,,,,,,,,,,82.0,46.0,36.0,0.0,0.0,23.59000000078231,27.30750000011176,23.67760869577203,24.139999999664724,11.110000000335276,0.5950000006705523,0.0,0.0,0.19749999977648258,0.43902439024390244,,
amd-ryzen-5 · chrome|s4|061_r3f-state_i15,amd-ryzen-5 · chrome,s4,r3f-state,-,15,,,,,,,,,,,,,,,,,11.197499999776483,,,,,,,,,,,,,,,86.0,58.0,28.0,0.0,0.0,38.33499999996275,43.171750000678,39.04500000008607,39.16000000014901,11.277499998919666,15.302500000223517,14.419999998994172,0.0,0.21000000089406967,0.32558139534883723,,
amd-ryzen-5 · chrome|s4|062_r3f-events_i15,amd-ryzen-5 · chrome,s4,r3f-events,-,15,,,,,,,,,,,,,,,,,11.3199999993667,,,,,,,,,,,,,,,88.0,60.0,28.0,0.0,0.0,25.397499999962747,28.159249999653547,25.21066666661451,27.747499999590218,11.322499999776483,1.974999999627471,0.6575000006705523,0.0,0.21250000037252903,0.3181818181818182,,
amd-ryzen-5 · chrome|s4|063_r3f-ref_i15,amd-ryzen-5 · chrome,s4,r3f-ref,-,15,,,,,,,,,,,,,,,,,11.81499999947846,,,,,,,,,,,,,,,89.0,61.0,28.0,0.0,0.0,23.904999999329448,27.71499999985099,24.115737704834977,24.669999999925494,11.25,0.6449999995529652,0.0,0.0,0.22000000067055225,0.3146067415730337,,
amd-ryzen-5 · chrome|s4|064_threejs_i15,amd-ryzen-5 · chrome,s4,threejs,-,15,,,,,,,,,,,,,,,,,11.765000000596046,,,,,,,,,,,,,,,89.0,61.0,28.0,0.0,0.0,23.640000000596046,27.41000000014901,23.9237704917361,24.18500000052154,11.03999999910593,0.6550000011920929,0.0,0.0,0.21000000089406967,0.3146067415730337,,
amd-ryzen-5 · chrome|s4|065_threejs_i16,amd-ryzen-5 · chrome,s4,threejs,-,16,,,,,,,,,,,,,,,,,11.15749999973923,,,,,,,,,,,,,,,89.0,48.0,41.0,0.0,0.0,22.78249999973923,26.62574999993667,22.737604166575085,23.307499999180436,10.732499999925494,0.5775000005960464,0.0,0.0,0.20250000059604645,0.4606741573033708,,
amd-ryzen-5 · chrome|s4|066_r3f-events_i16,amd-ryzen-5 · chrome,s4,r3f-events,-,16,,,,,,,,,,,,,,,,,11.985000000335276,,,,,,,,,,,,,,,87.0,46.0,41.0,0.0,0.0,25.822499999776483,28.845000000670552,25.692065217329755,28.50999999884516,11.49750000052154,2.105000000447035,0.6474999999627471,0.0,0.21999999973922968,0.47126436781609193,,
amd-ryzen-5 · chrome|s4|067_r3f-ref_i16,amd-ryzen-5 · chrome,s4,r3f-ref,-,16,,,,,,,,,,,,,,,,,12.372499999590218,,,,,,,,,,,,,,,87.0,46.0,41.0,0.0,0.0,24.877500000409782,28.24999999953434,24.849130434793945,25.604999999515712,11.604999999515712,0.6675000004470348,0.0,0.0,0.22499999962747097,0.47126436781609193,,
amd-ryzen-5 · chrome|s4|068_r3f-state_i16,amd-ryzen-5 · chrome,s4,r3f-state,-,16,,,,,,,,,,,,,,,,,11.384999999776483,,,,,,,,,,,,,,,86.0,47.0,39.0,0.0,0.0,38.81499999947846,43.571999999135734,39.31021276587977,39.58999999985099,11.610000001266599,15.509999999776483,14.745000001043081,0.0,0.22499999962747097,0.45348837209302323,,
amd-ryzen-5 · chrome|s4|069_r3f-state_i17,amd-ryzen-5 · chrome,s4,r3f-state,-,17,,,,,,,,,,,,,,,,,11.075000001117587,,,,,,,,,,,,,,,85.0,51.0,34.0,0.0,0.0,39.630000000819564,45.05250000022352,39.952941176463284,40.38499999977648,11.359999999403954,16.625,15.929999999701977,0.0,0.21000000089406967,0.4,,
amd-ryzen-5 · chrome|s4|070_r3f-events_i17,amd-ryzen-5 · chrome,s4,r3f-events,-,17,,,,,,,,,,,,,,,,,11.779999999329448,,,,,,,,,,,,,,,87.0,52.0,35.0,0.0,0.0,25.674999999813735,29.65324999922886,25.76596153846297,28.03749999962747,11.535000000149012,2.087500000372529,0.650000000372529,0.0,0.22000000067055225,0.40229885057471265,,
amd-ryzen-5 · chrome|s4|071_threejs_i17,amd-ryzen-5 · chrome,s4,threejs,-,17,,,,,,,,,,,,,,,,,11.870000000111759,,,,,,,,,,,,,,,87.0,52.0,35.0,0.0,0.0,24.047500000335276,26.577249999623746,24.06730769220023,24.637500000186265,11.467499999329448,0.625,0.0,0.0,0.19999999925494194,0.40229885057471265,,
amd-ryzen-5 · chrome|s4|072_r3f-ref_i17,amd-ryzen-5 · chrome,s4,r3f-ref,-,17,,,,,,,,,,,,,,,,,12.202499999664724,,,,,,,,,,,,,,,87.0,52.0,35.0,0.0,0.0,24.352500000037253,27.55625000046566,24.20240384605355,25.052500000223517,11.354999999515712,0.7025000005960464,0.0,0.0,0.23500000033527613,0.40229885057471265,,
amd-ryzen-5 · chrome|s4|073_r3f-state_i18,amd-ryzen-5 · chrome,s4,r3f-state,-,18,,,,,,,,,,,,,,,,,11.215000001713634,,,,,,,,,,,,,,,84.0,47.0,37.0,0.0,0.0,38.06000000052154,43.08599999919534,38.65159574472048,38.830000000074506,11.484999999403954,14.864999998360872,14.230000000447035,0.0,0.2050000000745058,0.44047619047619047,,
amd-ryzen-5 · chrome|s4|074_r3f-ref_i18,amd-ryzen-5 · chrome,s4,r3f-ref,-,18,,,,,,,,,,,,,,,,,11.879999999888241,,,,,,,,,,,,,,,85.0,48.0,37.0,0.0,0.0,23.262499999254942,27.84324999973178,23.502604166589055,23.947499999776483,10.730000000447035,0.6875,0.0,0.0,0.2225000001490116,0.43529411764705883,,
amd-ryzen-5 · chrome|s4|075_r3f-events_i18,amd-ryzen-5 · chrome,s4,r3f-events,-,18,,,,,,,,,,,,,,,,,11.620000001043081,,,,,,,,,,,,,,,84.0,47.0,37.0,0.0,0.0,25.705000000074506,27.60550000015646,25.6334042553889,28.299999998882413,11.474999999627471,2.144999999552965,0.6699999999254942,0.0,0.20999999903142452,0.44047619047619047,,
amd-ryzen-5 · chrome|s4|076_threejs_i18,amd-ryzen-5 · chrome,s4,threejs,-,18,,,,,,,,,,,,,,,,,11.96750000026077,,,,,,,,,,,,,,,85.0,48.0,37.0,0.0,0.0,23.957499999552965,26.802999999839813,23.707395833257277,24.47499999962747,11.147499999962747,0.5849999990314245,0.0,0.0,0.2050000000745058,0.43529411764705883,,
amd-ryzen-5 · chrome|s4|077_r3f-ref_i19,amd-ryzen-5 · chrome,s4,r3f-ref,-,19,,,,,,,,,,,,,,,,,11.864999999292195,,,,,,,,,,,,,,,92.0,62.0,30.0,0.0,0.0,23.65000000037253,27.076500000338996,23.52451612905509,24.40250000078231,11.09499999973923,0.6199999991804361,0.0,0.0,0.21999999973922968,0.32608695652173914,,
amd-ryzen-5 · chrome|s4|078_threejs_i19,amd-ryzen-5 · chrome,s4,threejs,-,19,,,,,,,,,,,,,,,,,11.925000000745058,,,,,,,,,,,,,,,92.0,62.0,30.0,0.0,0.0,23.884999999776483,27.466499999351797,23.900967741985955,24.399999999441206,11.28999999910593,0.6225000005215406,0.0,0.0,0.2050000000745058,0.32608695652173914,,
amd-ryzen-5 · chrome|s4|079_r3f-events_i19,amd-ryzen-5 · chrome,s4,r3f-events,-,19,,,,,,,,,,,,,,,,,11.714999999850988,,,,,,,,,,,,,,,90.0,61.0,29.0,0.0,0.0,25.3899999987334,28.615000000223517,25.635655737833165,28.25,11.484999999403954,2.074999999254942,0.5950000006705523,0.0,0.2199999988079071,0.32222222222222224,,
amd-ryzen-5 · chrome|s4|080_r3f-state_i19,amd-ryzen-5 · chrome,s4,r3f-state,-,19,,,,,,,,,,,,,,,,,11.207499999552965,,,,,,,,,,,,,,,89.0,60.0,29.0,0.0,0.0,37.87750000040978,42.33349999971688,38.55900000010927,38.81250000093132,11.629999999888241,14.677500000223517,13.972500000149012,0.0,0.2149999998509884,0.3258426966292135,,
amd-ryzen-5 · chrome|s4|081_r3f-state_i20,amd-ryzen-5 · chrome,s4,r3f-state,-,20,,,,,,,,,,,,,,,,,10.974999999627471,,,,,,,,,,,,,,,88.0,51.0,37.0,0.0,0.0,37.77500000037253,43.27999999932945,38.44745098050757,38.57000000029802,11.269999999552965,15.320000000298023,14.620000001043081,0.0,0.21000000089406967,0.42045454545454547,,
amd-ryzen-5 · chrome|s4|082_r3f-ref_i20,amd-ryzen-5 · chrome,s4,r3f-ref,-,20,,,,,,,,,,,,,,,,,11.760000001639128,,,,,,,,,,,,,,,89.0,51.0,38.0,0.0,0.0,23.774999998509884,26.897499999962747,24.161274509833138,24.50499999895692,11.320000000298023,0.6799999997019768,0.0,0.0,0.23000000044703484,0.42696629213483145,,
amd-ryzen-5 · chrome|s4|083_threejs_i20,amd-ryzen-5 · chrome,s4,threejs,-,20,,,,,,,,,,,,,,,,,12.144999999552965,,,,,,,,,,,,,,,88.0,51.0,37.0,0.0,0.0,24.494999999180436,27.850000000558794,24.305686274506883,25.005000000819564,11.519999999552965,0.6349999997764826,0.0,0.0,0.21000000089406967,0.42045454545454547,,
amd-ryzen-5 · chrome|s4|084_r3f-events_i20,amd-ryzen-5 · chrome,s4,r3f-events,-,20,,,,,,,,,,,,,,,,,11.97999999858439,,,,,,,,,,,,,,,89.0,51.0,38.0,0.0,0.0,25.580000000074506,27.554999999701977,25.116764705920335,27.820000000298023,11.355000000447035,1.9900000002235174,0.6099999994039536,0.0,0.22499999962747097,0.42696629213483145,,
amd-ryzen-5 · chrome|s5|005_r3f-state_i1,amd-ryzen-5 · chrome,s5,r3f-state,-,1,,,,,,,,,,,,,,,,,,,,,,,,,,,,,,,,,,,,,,,,,,,,,,,1194.0,2377.0
amd-ryzen-5 · chrome|s5|006_r3f-ref_i1,amd-ryzen-5 · chrome,s5,r3f-ref,-,1,,,,,,,,,,,,,,,,,,,,,,,,,,,,,,,,,,,,,,,,,,,,,,,3423.0,6610.0
amd-ryzen-5 · chrome|s5|007_threejs_i1,amd-ryzen-5 · chrome,s5,threejs,-,1,,,,,,,,,,,,,,,,,,,,,,,,,,,,,,,,,,,,,,,,,,,,,,,3345.0,6596.0
amd-ryzen-5 · chrome|s5|008_r3f-ref-central_i1,amd-ryzen-5 · chrome,s5,r3f-ref-central,-,1,,,,,,,,,,,,,,,,,,,,,,,,,,,,,,,,,,,,,,,,,,,,,,,3536.0,6814.0
amd-ryzen-5 · chrome|s5|009_r3f-ref-central_i2,amd-ryzen-5 · chrome,s5,r3f-ref-central,-,2,,,,,,,,,,,,,,,,,,,,,,,,,,,,,,,,,,,,,,,,,,,,,,,3559.0,6956.0
amd-ryzen-5 · chrome|s5|010_threejs_i2,amd-ryzen-5 · chrome,s5,threejs,-,2,,,,,,,,,,,,,,,,,,,,,,,,,,,,,,,,,,,,,,,,,,,,,,,3683.0,6785.0
amd-ryzen-5 · chrome|s5|011_r3f-state_i2,amd-ryzen-5 · chrome,s5,r3f-state,-,2,,,,,,,,,,,,,,,,,,,,,,,,,,,,,,,,,,,,,,,,,,,,,,,1191.0,2377.0
amd-ryzen-5 · chrome|s5|012_r3f-ref_i2,amd-ryzen-5 · chrome,s5,r3f-ref,-,2,,,,,,,,,,,,,,,,,,,,,,,,,,,,,,,,,,,,,,,,,,,,,,,3603.0,7077.0
amd-ryzen-5 · chrome|s5|013_threejs_i3,amd-ryzen-5 · chrome,s5,threejs,-,3,,,,,,,,,,,,,,,,,,,,,,,,,,,,,,,,,,,,,,,,,,,,,,,3403.0,6636.0
amd-ryzen-5 · chrome|s5|014_r3f-state_i3,amd-ryzen-5 · chrome,s5,r3f-state,-,3,,,,,,,,,,,,,,,,,,,,,,,,,,,,,,,,,,,,,,,,,,,,,,,1191.0,2311.0
amd-ryzen-5 · chrome|s5|015_r3f-ref-central_i3,amd-ryzen-5 · chrome,s5,r3f-ref-central,-,3,,,,,,,,,,,,,,,,,,,,,,,,,,,,,,,,,,,,,,,,,,,,,,,3530.0,6872.0
amd-ryzen-5 · chrome|s5|016_r3f-ref_i3,amd-ryzen-5 · chrome,s5,r3f-ref,-,3,,,,,,,,,,,,,,,,,,,,,,,,,,,,,,,,,,,,,,,,,,,,,,,3509.0,5580.0
amd-ryzen-5 · chrome|s5|017_r3f-ref_i4,amd-ryzen-5 · chrome,s5,r3f-ref,-,4,,,,,,,,,,,,,,,,,,,,,,,,,,,,,,,,,,,,,,,,,,,,,,,3510.0,6804.0
amd-ryzen-5 · chrome|s5|018_r3f-state_i4,amd-ryzen-5 · chrome,s5,r3f-state,-,4,,,,,,,,,,,,,,,,,,,,,,,,,,,,,,,,,,,,,,,,,,,,,,,1205.0,2436.0
amd-ryzen-5 · chrome|s5|019_threejs_i4,amd-ryzen-5 · chrome,s5,threejs,-,4,,,,,,,,,,,,,,,,,,,,,,,,,,,,,,,,,,,,,,,,,,,,,,,3430.0,6687.0
amd-ryzen-5 · chrome|s5|020_r3f-ref-central_i4,amd-ryzen-5 · chrome,s5,r3f-ref-central,-,4,,,,,,,,,,,,,,,,,,,,,,,,,,,,,,,,,,,,,,,,,,,,,,,3531.0,6874.0
amd-ryzen-5 · chrome|s5|021_r3f-ref_i5,amd-ryzen-5 · chrome,s5,r3f-ref,-,5,,,,,,,,,,,,,,,,,,,,,,,,,,,,,,,,,,,,,,,,,,,,,,,3390.0,6526.0
amd-ryzen-5 · chrome|s5|022_threejs_i5,amd-ryzen-5 · chrome,s5,threejs,-,5,,,,,,,,,,,,,,,,,,,,,,,,,,,,,,,,,,,,,,,,,,,,,,,3459.0,6647.0
amd-ryzen-5 · chrome|s5|023_r3f-state_i5,amd-ryzen-5 · chrome,s5,r3f-state,-,5,,,,,,,,,,,,,,,,,,,,,,,,,,,,,,,,,,,,,,,,,,,,,,,1209.0,2388.0
amd-ryzen-5 · chrome|s5|024_r3f-ref-central_i5,amd-ryzen-5 · chrome,s5,r3f-ref-central,-,5,,,,,,,,,,,,,,,,,,,,,,,,,,,,,,,,,,,,,,,,,,,,,,,3574.0,7075.0
amd-ryzen-5 · chrome|s5|025_r3f-ref-central_i6,amd-ryzen-5 · chrome,s5,r3f-ref-central,-,6,,,,,,,,,,,,,,,,,,,,,,,,,,,,,,,,,,,,,,,,,,,,,,,3507.0,6835.0
amd-ryzen-5 · chrome|s5|026_r3f-state_i6,amd-ryzen-5 · chrome,s5,r3f-state,-,6,,,,,,,,,,,,,,,,,,,,,,,,,,,,,,,,,,,,,,,,,,,,,,,1173.0,2348.0
amd-ryzen-5 · chrome|s5|027_threejs_i6,amd-ryzen-5 · chrome,s5,threejs,-,6,,,,,,,,,,,,,,,,,,,,,,,,,,,,,,,,,,,,,,,,,,,,,,,3455.0,6677.0
amd-ryzen-5 · chrome|s5|028_r3f-ref_i6,amd-ryzen-5 · chrome,s5,r3f-ref,-,6,,,,,,,,,,,,,,,,,,,,,,,,,,,,,,,,,,,,,,,,,,,,,,,3555.0,6804.0
amd-ryzen-5 · chrome|s5|029_r3f-state_i7,amd-ryzen-5 · chrome,s5,r3f-state,-,7,,,,,,,,,,,,,,,,,,,,,,,,,,,,,,,,,,,,,,,,,,,,,,,1204.0,2132.0
amd-ryzen-5 · chrome|s5|030_threejs_i7,amd-ryzen-5 · chrome,s5,threejs,-,7,,,,,,,,,,,,,,,,,,,,,,,,,,,,,,,,,,,,,,,,,,,,,,,3446.0,6572.0
amd-ryzen-5 · chrome|s5|031_r3f-ref-central_i7,amd-ryzen-5 · chrome,s5,r3f-ref-central,-,7,,,,,,,,,,,,,,,,,,,,,,,,,,,,,,,,,,,,,,,,,,,,,,,3557.0,6759.0
amd-ryzen-5 · chrome|s5|032_r3f-ref_i7,amd-ryzen-5 · chrome,s5,r3f-ref,-,7,,,,,,,,,,,,,,,,,,,,,,,,,,,,,,,,,,,,,,,,,,,,,,,3312.0,6571.0
amd-ryzen-5 · chrome|s5|033_r3f-ref_i8,amd-ryzen-5 · chrome,s5,r3f-ref,-,8,,,,,,,,,,,,,,,,,,,,,,,,,,,,,,,,,,,,,,,,,,,,,,,3386.0,6968.0
amd-ryzen-5 · chrome|s5|034_threejs_i8,amd-ryzen-5 · chrome,s5,threejs,-,8,,,,,,,,,,,,,,,,,,,,,,,,,,,,,,,,,,,,,,,,,,,,,,,3465.0,6591.0
amd-ryzen-5 · chrome|s5|035_r3f-state_i8,amd-ryzen-5 · chrome,s5,r3f-state,-,8,,,,,,,,,,,,,,,,,,,,,,,,,,,,,,,,,,,,,,,,,,,,,,,1173.0,2366.0
amd-ryzen-5 · chrome|s5|036_r3f-ref-central_i8,amd-ryzen-5 · chrome,s5,r3f-ref-central,-,8,,,,,,,,,,,,,,,,,,,,,,,,,,,,,,,,,,,,,,,,,,,,,,,3564.0,6956.0
amd-ryzen-5 · firefox|s1|009_threejs_C_i1,amd-ryzen-5 · firefox,s1,threejs,C,1,679.0,30039.08,22.603888001896195,23.041474654377108,17.43780516159015,19.42227558443395,44.24017673048598,43.400000000001455,2.251513806974703,48.48199999999961,52.24199999999943,69.5,1.0,1.0,0.06000000000130967,0.13999999999941792,40.93999999999869,49.35680000000176,2.3400000000001455,,,0.0,,,,,,,,,,,,,,,,,,,,,,,,,,
amd-ryzen-5 · firefox|s1|010_r3f-ref_C_i1,amd-ryzen-5 · firefox,s1,r3f-ref,C,1,692.0,30036.82,23.038390881591326,23.43017806935317,19.588638589618068,20.34417558220236,43.405809248554924,42.68000000000029,1.9207817115025998,47.743000000000016,49.82539999999983,52.68000000000029,1.0,1.0,0.05999999999949068,0.11999999999914507,40.25,47.48180000000291,2.360000000000582,,,0.0,,,,,,,,,,,,,,,,,,,,,,,,,,
amd-ryzen-5 · firefox|s1|011_r3f-ref_A_i1,amd-ryzen-5 · firefox,s1,r3f-ref,A,1,1785.0,30010.2,59.47977687586221,59.17159763314374,28.29560585885541,35.5249712606977,16.81243697478991,16.899999999997817,3.8805383608953705,23.996000000000272,30.149599999999634,39.539999999997235,0.5478991596638656,0.0061624649859943975,0.07999999999992724,0.2000000000007276,6.860000000000582,8.449600000000432,9.780000000000655,,,0.0,,,,,,,,,,,,,,,,,,,,,,,,,,
amd-ryzen-5 · firefox|s1|012_threejs_D_i1,amd-ryzen-5 · firefox,s1,threejs,D,1,491.0,30009.9,16.36126744840869,16.355904481517985,10.602205258693841,13.77157546823347,61.11995926680243,61.13999999999942,4.375310414453778,65.55000000000109,73.33399999999965,125.44000000000051,1.0,1.0,0.06000000000130967,0.24800000000141337,51.47999999999956,67.43999999999961,9.0,,,0.0,,,,,,,,,,,,,,,,,,,,,,,,,,
amd-ryzen-5 · firefox|s1|013_r3f-ref_D_i1,amd-ryzen-5 · firefox,s1,r3f-ref,D,1,502.0,30061.22,16.699255718829775,16.57824933687011,12.913890180277775,14.042261590482717,59.88290836653387,60.31999999999971,3.92748810081028,66.04499999999807,74.33460000000014,84.72000000000116,1.0,1.0,0.06000000000130967,0.15999999999985448,52.159999999999854,64.41720000000007,4.700000000002547,,,0.0,,,,,,,,,,,,,,,,,,,,,,,,,,
amd-ryzen-5 · firefox|s1|014_threejs_B_i1,amd-ryzen-5 · firefox,s1,threejs,B,1,537.0,30016.18,17.890351137286622,18.050541516245012,10.50111311799052,13.780090948600296,55.89605214152701,55.400000000001455,5.567558689270386,62.94400000000169,73.55840000000315,129.77999999999884,1.0,1.0,0.06000000000130967,0.2199999999962165,50.02000000000044,69.35039999999788,2.9800000000032014,,,0.0,,,,,,,,,,,,,,,,,,,,,,,,,,
amd-ryzen-5 · firefox|s1|015_r3f-ref_B_i1,amd-ryzen-5 · firefox,s1,r3f-ref,B,1,525.0,30019.42,17.488678995130485,17.488632388947096,15.179113539769377,15.663028024771604,57.179847619047635,57.18000000000029,3.2368062160952955,62.16000000000277,64.80560000000062,67.02000000000044,1.0,1.0,0.06000000000130967,0.23520000000149577,54.5,61.56639999999868,2.639999999999418,,,0.0,,,,,,,,,,,,,,,,,,,,,,,,,,
amd-ryzen-5 · firefox|s1|016_threejs_A_i1,amd-ryzen-5 · firefox,s1,threejs,A,1,1751.0,30002.34,58.36211442174178,58.13953488371847,27.299588900308393,33.621109419320746,17.13440319817248,17.200000000000728,4.023549048243835,24.720000000000255,30.729999999999563,39.36000000000058,0.712164477441462,0.00799543118218161,0.1000000000003638,0.22000000000116415,6.780000000000655,8.949999999998909,10.180000000000291,,,0.0,,,,,,,,,,,,,,,,,,,,,,,,,,
amd-ryzen-5 · firefox|s1|017_threejs_C_i2,amd-ryzen-5 · firefox,s1,threejs,C,2,651.0,30029.24,21.67887032772058,21.720243266724605,16.45729332382468,19.104021396503818,46.12786482334872,46.039999999999964,2.334712412566398,49.030000000000655,52.1200000000008,72.61999999999898,1.0,1.0,0.06000000000130967,0.1700000000005275,43.719999999999345,49.44000000000051,2.2600000000002183,,,0.0,,,,,,,,,,,,,,,,,,,,,,,,,,
amd-ryzen-5 · firefox|s1|018_r3f-ref_C_i2,amd-ryzen-5 · firefox,s1,r3f-ref,C,2,664.0,30024.62,22.115184138883357,22.23210315695864,19.88862370723944,20.330211927057668,45.21780120481926,44.98000000000002,1.9229519436573135,48.38000000000102,49.52000000000044,51.18000000000029,1.0,1.0,0.05999999999949068,0.15999999999985448,42.5699999999988,47.284400000003515,2.2999999999992724,,,0.0,,,,,,,,,,,,,,,,,,,,,,,,,,
amd-ryzen-5 · firefox|s1|019_threejs_D_i2,amd-ryzen-5 · firefox,s1,threejs,D,2,489.0,30008.5,16.2953829748238,16.27604166666605,10.206164523372163,13.524326882980791,61.367075664621666,61.44000000000233,4.922845355051757,65.6400000000016,76.68479999999909,138.97999999999956,1.0,1.0,0.06000000000494765,0.24719999999993916,53.52000000000044,68.81040000000155,6.5,,,0.0,,,,,,,,,,,,,,,,,,,,,,,,,,
amd-ryzen-5 · firefox|s1|020_r3f-ref_D_i2,amd-ryzen-5 · firefox,s1,r3f-ref,D,2,497.0,30052.56,16.537692629180345,16.39344262295082,13.289036544850578,14.322030863976561,60.467927565392344,61.0,3.5596802268355283,66.84000000000087,70.73039999999997,77.38000000000102,1.0,1.0,0.06000000000130967,0.1799999999985448,53.0199999999968,66.22479999999938,3.5,,,0.0,,,,,,,,,,,,,,,,,,,,,,,,,,
amd-ryzen-5 · firefox|s1|021_r3f-ref_B_i2,amd-ryzen-5 · firefox,s1,r3f-ref,B,2,535.0,30005.86,17.829850569188817,18.436578171092137,12.535726821440974,14.447012802275971,56.08571962616822,54.23999999999796,4.437655794162069,63.25400000000081,73.04439999999991,84.38000000000102,1.0,1.0,0.06000000000130967,0.17320000000014196,51.42000000000189,69.68759999999945,2.6599999999998545,,,0.0,,,,,,,,,,,,,,,,,,,,,,,,,,
amd-ryzen-5 · firefox|s1|022_threejs_A_i2,amd-ryzen-5 · firefox,s1,threejs,A,2,1734.0,30009.78,57.781163340750915,57.20823798627145,26.713598793173315,32.709320635017065,17.30667820069206,17.479999999999563,4.452522166682507,26.009000000001276,31.0550000000012,40.18000000000029,0.78719723183391,0.00980392156862745,0.1000000000003638,0.23999999999978172,6.700000000000728,8.833400000001204,10.480000000003201,,,0.0,,,,,,,,,,,,,,,,,,,,,,,,,,
amd-ryzen-5 · firefox|s1|023_r3f-ref_A_i2,amd-ryzen-5 · firefox,s1,r3f-ref,A,2,1769.0,30014.92,58.9373551553694,58.54800936767551,27.345258010552122,33.36037545586198,16.9671678914641,17.080000000001746,4.420371157658264,25.352000000000405,33.43439999999927,41.07999999999447,0.607687959299039,0.010175240248728096,0.07999999999992724,0.2000000000007276,6.680000000000291,8.400000000001455,10.099999999998545,,,0.0,,,,,,,,,,,,,,,,,,,,,,,,,,
amd-ryzen-5 · firefox|s1|024_threejs_B_i2,amd-ryzen-5 · firefox,s1,threejs,B,2,543.0,30030.04,18.081893996811193,18.288222384784103,11.783559577677233,14.958946003745229,55.30394106813996,54.68000000000029,4.799759981336588,61.03799999999719,66.39160000000128,123.16000000000167,1.0,1.0,0.07999999999810825,0.25160000000003574,51.36000000000058,61.612800000000355,2.7400000000016007,,,0.0,,,,,,,,,,,,,,,,,,,,,,,,,,
amd-ryzen-5 · firefox|s1|025_r3f-ref_A_i3,amd-ryzen-5 · firefox,s1,r3f-ref,A,3,1768.0,30011.02,58.91169310473287,58.685446009386666,28.276779773785726,34.34736110785847,16.97455882352941,17.040000000000873,3.9969982551200594,24.425000000001987,30.673199999996502,41.12000000000262,0.6368778280542986,0.006787330316742082,0.07999999999992724,0.2000000000007276,6.880000000001019,8.520000000000437,9.899999999997817,,,0.0,,,,,,,,,,,,,,,,,,,,,,,,,,
amd-ryzen-5 · firefox|s1|026_threejs_A_i3,amd-ryzen-5 · firefox,s1,threejs,A,3,1744.0,30009.94,58.11407820208905,57.70340450085973,26.865577293846403,32.763919016630375,17.207534403669722,17.330000000001746,4.362725952698076,25.935999999999133,30.97979999999904,39.57999999999811,0.7522935779816514,0.009174311926605505,0.1000000000003638,0.2599999999983993,6.680000000000291,8.440000000002328,10.340000000000146,,,0.0,,,,,,,,,,,,,,,,,,,,,,,,,,
amd-ryzen-5 · firefox|s1|027_threejs_C_i3,amd-ryzen-5 · firefox,s1,threejs,C,3,678.0,30023.72,22.58214505064662,23.201856148491682,15.404364569961418,18.974241030358677,44.282772861356904,43.100000000000364,3.2966227709991176,48.539999999999054,53.25840000000117,95.93999999999869,1.0,1.0,0.06000000000130967,0.144600000000219,40.439999999999145,48.66440000000052,2.3400000000037835,,,0.0,,,,,,,,,,,,,,,,,,,,,,,,,,
amd-ryzen-5 · firefox|s1|028_r3f-ref_D_i3,amd-ryzen-5 · firefox,s1,r3f-ref,D,3,500.0,30051.6,16.638049222004817,16.54807214959474,12.063308241651992,14.287347125385777,60.103199999999994,60.42999999999938,4.446847091829878,65.44199999999873,69.32499999999975,121.05999999999949,1.0,1.0,0.06000000000130967,0.15999999999985448,52.779999999998836,63.54120000000086,3.949999999999818,,,0.0,,,,,,,,,,,,,,,,,,,,,,,,,,
amd-ryzen-5 · firefox|s1|029_threejs_D_i3,amd-ryzen-5 · firefox,s1,threejs,D,3,488.0,30017.26,16.257313292419095,16.228497241155736,10.621913006532376,13.926283539132854,61.51077868852458,61.61999999999898,4.371087127685803,65.07300000000049,70.91560000000109,131.42000000000007,1.0,1.0,0.06000000000494765,0.2825999999988925,53.05000000000109,64.01039999999999,7.769999999998618,,,0.0,,,,,,,,,,,,,,,,,,,,,,,,,,
amd-ryzen-5 · firefox|s1|030_r3f-ref_C_i3,amd-ryzen-5 · firefox,s1,r3f-ref,C,3,707.0,30013.16,23.556333288464124,23.730422401519075,19.82216684601032,21.064795310374897,42.45142857142858,42.13999999999942,1.351784706959625,44.58199999999924,49.155199999999965,52.840000000000146,1.0,1.0,0.059999999997671694,0.1199999999998363,39.68000000000029,47.09039999999865,2.400000000001455,,,0.0,,,,,,,,,,,,,,,,,,,,,,,,,,
amd-ryzen-5 · firefox|s1|031_threejs_B_i3,amd-ryzen-5 · firefox,s1,threejs,B,3,540.0,30050.12,17.969978156493216,18.477457501848093,10.360976418417712,14.051083494660592,55.64837037037039,54.11999999999898,5.797043031970684,63.028000000000425,70.2878000000008,131.4400000000005,1.0,1.0,0.06000000000494765,0.21220000000099418,50.839999999999236,64.95559999999901,2.7399999999979627,,,0.0,,,,,,,,,,,,,,,,,,,,,,,,,,
amd-ryzen-5 · firefox|s1|032_r3f-ref_B_i3,amd-ryzen-5 · firefox,s1,r3f-ref,B,3,519.0,30017.74,17.289775979137666,17.217630853993974,15.112132019585129,15.643380972642742,57.83764932562622,58.080000000001746,2.9105466363468935,62.50799999999981,65.30400000000037,68.06000000000131,1.0,1.0,0.06000000000494765,0.22000000000116415,55.31999999999971,62.739999999998304,2.640000000001237,,,0.0,,,,,,,,,,,,,,,,,,,,,,,,,,
amd-ryzen-5 · firefox|s1|033_threejs_B_i4,amd-ryzen-5 · firefox,s1,threejs,B,4,536.0,30009.04,17.86128446628083,18.024513338140604,11.489498598281115,14.332175734523961,55.987014925373146,55.479999999997744,5.347178000403666,62.794999999998254,69.12400000000059,135.52000000000044,1.0,1.0,0.06000000000130967,0.24000000000096405,50.460000000000036,65.67900000000027,2.8800000000028376,,,0.0,,,,,,,,,,,,,,,,,,,,,,,,,,
amd-ryzen-5 · firefox|s1|034_threejs_D_i4,amd-ryzen-5 · firefox,s1,threejs,D,4,504.0,30017.68,16.790105031434805,16.854879487611683,11.399908800729538,14.17538925618894,59.55888888888892,59.32999999999993,4.3637593405300885,64.15099999999993,68.79280000000098,128.22000000000116,1.0,1.0,0.07999999999447027,0.2393999999998226,54.95999999999913,64.90279999999872,3.3999999999987267,,,0.0,,,,,,,,,,,,,,,,,,,,,,,,,,
amd-ryzen-5 · firefox|s1|035_r3f-ref_C_i4,amd-ryzen-5 · firefox,s1,r3f-ref,C,4,686.0,30001.84,22.865264263791822,23.19109461966464,18.57815209313831,19.733481914844106,43.734460641399416,43.12000000000262,1.9739558823479417,48.35499999999956,51.7579999999998,57.04000000000087,1.0,1.0,0.05999999999949068,0.11999999999925422,40.63999999999942,49.562999999999725,2.3799999999991996,,,0.0,,,,,,,,,,,,,,,,,,,,,,,,,,
amd-ryzen-5 · firefox|s1|036_r3f-ref_B_i4,amd-ryzen-5 · firefox,s1,r3f-ref,B,4,549.0,30002.14,18.29869469311189,18.52537977028544,15.384615384615213,16.076978957020824,54.64870673952643,53.97999999999956,2.807147674945319,60.1680000000004,64.17280000000005,65.76000000000204,1.0,1.0,0.06000000000130967,0.15999999999985448,50.0,60.376800000000344,2.7999999999992724,,,0.0,,,,,,,,,,,,,,,,,,,,,,,,,,
amd-ryzen-5 · firefox|s1|037_threejs_A_i4,amd-ryzen-5 · firefox,s1,threejs,A,4,1749.0,30008.72,58.283059057500616,57.87037037037427,26.810497098158198,33.135030964115245,17.157644368210416,17.279999999998836,4.295603354338128,25.7640000000003,30.590399999998336,40.36000000000058,0.7650085763293311,0.008576329331046312,0.1000000000003638,0.2400000000007276,6.779999999998836,8.821600000000615,10.2400000000016,,,0.0,,,,,,,,,,,,,,,,,,,,,,,,,,
amd-ryzen-5 · firefox|s1|038_r3f-ref_D_i4,amd-ryzen-5 · firefox,s1,r3f-ref,D,4,504.0,30031.8,16.782210856492117,16.677785190126993,12.951354711702738,14.730838125765963,59.58690476190477,59.95999999999913,3.9861050839654286,64.56000000000077,67.39420000000185,104.64000000000124,1.0,1.0,0.06000000000130967,0.18000000000029104,53.24999999999818,63.988599999999956,3.0200000000004366,,,0.0,,,,,,,,,,,,,,,,,,,,,,,,,,
amd-ryzen-5 · firefox|s1|039_threejs_C_i4,amd-ryzen-5 · firefox,s1,threejs,C,4,687.0,30016.82,22.887167927848456,23.277467411545604,17.35508503991682,19.333780663944832,43.69260553129545,42.960000000000036,2.2806817161811535,48.02600000000037,53.49959999999974,66.27999999999884,1.0,1.0,0.06000000000130967,0.12000000000105501,40.37999999999738,49.347999999999296,2.4199999999982538,,,0.0,,,,,,,,,,,,,,,,,,,,,,,,,,
amd-ryzen-5 · firefox|s1|040_r3f-ref_A_i4,amd-ryzen-5 · firefox,s1,r3f-ref,A,4,1764.0,30012.42,58.7756668739142,58.54800936767551,28.06855331374064,34.711539220095034,17.01384353741496,17.080000000001746,4.08935726586485,24.837000000000078,30.41920000000051,41.400000000001455,0.6558956916099773,0.006235827664399093,0.07999999999992724,0.2000000000007276,6.729999999999563,8.407400000000468,10.100000000001273,,,0.0,,,,,,,,,,,,,,,,,,,,,,,,,,
amd-ryzen-5 · firefox|s1|041_r3f-ref_A_i5,amd-ryzen-5 · firefox,s1,r3f-ref,A,5,1772.0,30009.72,59.04753526524073,58.85815185403254,27.966966077715153,34.54909504927171,16.935507900677194,16.98999999999978,4.110350313138663,24.669000000000047,30.517399999999324,39.76000000000204,0.5897291196388262,0.007336343115124154,0.07999999999992724,0.22000000000051842,6.849999999998545,9.097399999998485,9.959999999999127,,,0.0,,,,,,,,,,,,,,,,,,,,,,,,,,
amd-ryzen-5 · firefox|s1|042_r3f-ref_D_i5,amd-ryzen-5 · firefox,s1,r3f-ref,D,5,504.0,30028.88,16.78384275404211,16.69727834363015,13.457501211175208,14.701212556011582,59.58111111111112,59.88999999999942,3.8796175791170713,65.21399999999794,68.01220000000042,80.58000000000175,1.0,1.0,0.06000000000494765,0.21999999999934516,56.900000000000546,65.04979999999954,2.8400000000019645,,,0.0,,,,,,,,,,,,,,,,,,,,,,,,,,
amd-ryzen-5 · firefox|s1|043_threejs_B_i5,amd-ryzen-5 · firefox,s1,threejs,B,5,541.0,30004.66,18.03053259060426,18.248175182481994,9.484066767830098,14.160740134684424,55.4614787430684,54.79999999999927,7.518858317714263,60.76000000000204,66.04800000000034,200.0599999999995,1.0,1.0,0.06000000000494765,0.2239999999987058,50.52000000000044,63.4040000000001,2.8400000000001455,,,0.0,,,,,,,,,,,,,,,,,,,,,,,,,,
amd-ryzen-5 · firefox|s1|044_r3f-ref_B_i5,amd-ryzen-5 · firefox,s1,r3f-ref,B,5,545.0,30037.84,18.143781310507016,18.594272963926255,15.174506828528408,15.831320214837001,55.11530275229359,53.780000000002474,3.3442450499519523,61.704000000001535,63.629600000000785,68.05999999999767,1.0,1.0,0.06000000000130967,0.15999999999985448,50.81999999999971,61.03679999999955,2.6599999999998545,,,0.0,,,,,,,,,,,,,,,,,,,,,,,,,,
amd-ryzen-5 · firefox|s1|045_threejs_A_i5,amd-ryzen-5 · firefox,s1,threejs,A,5,1737.0,30011.78,57.877273523929595,57.33944954127675,26.198181537987303,32.23001738921885,17.277938975244663,17.44000000000233,4.620546593083388,26.528000000003516,35.588799999998535,40.10000000000218,0.7852619458837076,0.012089810017271158,0.09999999999854481,0.22000000000116415,6.700000000000728,8.705600000000844,10.479999999999563,,,0.0,,,,,,,,,,,,,,,,,,,,,,,,,,
amd-ryzen-5 · firefox|s1|046_threejs_D_i5,amd-ryzen-5 · firefox,s1,threejs,D,5,480.0,30051.3,15.972686705733194,16.13423685059708,8.715736261820673,11.788050845792547,62.606874999999995,61.97999999999956,7.0459204964266124,71.1399999999996,90.65820000000019,120.62000000000262,1.0,1.0,0.08000000000174623,0.2726000000015471,58.76000000000113,86.06839999999956,2.8399999999983265,,,0.0,,,,,,,,,,,,,,,,,,,,,,,,,,
amd-ryzen-5 · firefox|s1|047_threejs_C_i5,amd-ryzen-5 · firefox,s1,threejs,C,5,629.0,30001.24,20.96580008026335,21.177467174925358,15.82445405633491,17.543263952553918,47.69672496025436,47.220000000001164,3.105668346948785,53.50400000000155,58.79760000000184,73.05999999999767,1.0,1.0,0.06000000000130967,0.174400000001188,44.84000000000378,55.3608000000006,2.280000000000655,,,0.0,,,,,,,,,,,,,,,,,,,,,,,,,,
amd-ryzen-5 · firefox|s1|048_r3f-ref_C_i5,amd-ryzen-5 · firefox,s1,r3f-ref,C,5,670.0,30033.7,22.30827370587041,22.810218978102114,16.405096516651017,19.145084934558557,44.82641791044774,43.840000000000146,2.8167071497392313,49.23100000000259,52.803399999999336,90.84000000000015,1.0,1.0,0.05999999999949068,0.13999999999969986,41.400000000001455,50.650999999999655,2.3400000000001455,,,0.0,,,,,,,,,,,,,,,,,,,,,,,,,,
amd-ryzen-5 · firefox|s1|049_r3f-ref_D_i6,amd-ryzen-5 · firefox,s1,r3f-ref,D,6,499.0,30062.26,16.598885113760574,16.501650165016898,13.07702366941272,14.243830640853536,60.245010020040084,60.599999999998545,3.643447734698882,66.60200000000187,72.14359999999942,82.27999999999884,1.0,1.0,0.06000000000130967,0.1804000000002994,53.039999999997235,66.37639999999878,3.7399999999997817,,,0.0,,,,,,,,,,,,,,,,,,,,,,,,,,
amd-ryzen-5 · firefox|s1|050_r3f-ref_B_i6,amd-ryzen-5 · firefox,s1,r3f-ref,B,6,525.0,30048.94,17.471498162663973,17.331022530330163,15.24483200195153,15.77842240050505,57.23607619047618,57.69999999999709,3.071335685812636,62.40400000000226,63.69040000000328,67.27999999999884,1.0,1.0,0.06000000000494765,0.17999999999985447,54.92000000000007,60.92720000000117,2.639999999999418,,,0.0,,,,,,,,,,,,,,,,,,,,,,,,,,
amd-ryzen-5 · firefox|s1|051_threejs_A_i6,amd-ryzen-5 · firefox,s1,threejs,A,6,1753.0,30015.76,58.40265247323406,57.87037037036209,26.226473310706467,32.68022958800366,17.12250998288648,17.280000000002474,4.382685796663994,25.14799999999959,33.00560000000043,39.63999999999942,0.708499714774672,0.01026811180832858,0.1000000000003638,0.23999999999978172,6.6599999999998545,8.429600000002102,10.319999999999709,,,0.0,,,,,,,,,,,,,,,,,,,,,,,,,,
amd-ryzen-5 · firefox|s1|052_r3f-ref_C_i6,amd-ryzen-5 · firefox,s1,r3f-ref,C,6,654.0,30008.84,21.793578158969154,21.677866897897196,17.157563625964897,19.587439554385906,45.885076452599385,46.13000000000011,2.4217237688313964,48.47999999999956,50.90939999999995,78.58000000000175,1.0,1.0,0.05999999999949068,0.13999999999941792,43.840000000000146,48.20319999999932,2.2400000000016007,,,0.0,,,,,,,,,,,,,,,,,,,,,,,,,,
amd-ryzen-5 · firefox|s1|053_r3f-ref_A_i6,amd-ryzen-5 · firefox,s1,r3f-ref,A,6,1784.0,30010.86,59.445147523263245,58.96226415094643,29.593009086794506,35.44574013891554,16.822230941704035,16.959999999999127,3.841286847442767,23.48700000000038,30.163399999999932,40.12000000000262,0.5801569506726457,0.003923766816143498,0.07999999999810825,0.19999999999906323,6.819999999999709,8.490200000000682,9.880000000001019,,,0.0,,,,,,,,,,,,,,,,,,,,,,,,,,
amd-ryzen-5 · firefox|s1|054_threejs_B_i6,amd-ryzen-5 · firefox,s1,threejs,B,6,526.0,30039.36,17.51035974135268,17.590149516270777,11.231916614251105,14.244077750750655,57.10904942965784,56.850000000000364,5.342160098992352,63.37500000000091,71.8050000000012,135.07999999999993,1.0,1.0,0.07999999999992724,0.25000000000045475,54.039999999998145,63.01000000000113,2.639999999999418,,,0.0,,,,,,,,,,,,,,,,,,,,,,,,,,
amd-ryzen-5 · firefox|s1|055_threejs_C_i6,amd-ryzen-5 · firefox,s1,threejs,C,6,666.0,30017.96,22.186717551759013,22.779043280181476,14.200511218403909,18.174408230253125,45.07201201201199,43.900000000001455,3.632237096014004,49.80999999999949,54.63700000000037,95.05999999999949,1.0,1.0,0.06000000000130967,0.13999999999973625,41.42000000000007,52.03500000000013,2.319999999999709,,,0.0,,,,,,,,,,,,,,,,,,,,,,,,,,
amd-ryzen-5 · firefox|s1|056_threejs_D_i6,amd-ryzen-5 · firefox,s1,threejs,D,6,490.0,30025.5,16.319461790811143,16.350555918901282,10.871337718106144,13.91352742704092,61.2765306122449,61.159999999999854,4.037673129248063,64.93900000000029,72.67260000000056,124.03999999999905,1.0,1.0,0.06000000000130967,0.22000000000116415,51.39999999999873,65.45880000000035,9.259999999999309,,,0.0,,,,,,,,,,,,,,,,,,,,,,,,,,
amd-ryzen-5 · firefox|s1|057_threejs_C_i7,amd-ryzen-5 · firefox,s1,threejs,C,7,657.0,30025.8,21.881182183322345,21.720243266725035,15.899093751656267,18.779563140412552,45.70136986301367,46.039999999999054,3.0473344927754167,49.80799999999653,54.278400000000815,78.62000000000262,1.0,1.0,0.06000000000130967,0.1488000000016461,43.5,49.27520000000117,2.2999999999992724,,,0.0,,,,,,,,,,,,,,,,,,,,,,,,,,
amd-ryzen-5 · firefox|s1|058_r3f-ref_D_i7,amd-ryzen-5 · firefox,s1,r3f-ref,D,7,499.0,30061.06,16.599547720539462,16.58925016589282,14.347202295552405,14.901834167422166,60.242605210420855,60.279999999998836,3.3129899541346535,65.71999999999426,67.58439999999813,71.79999999999927,1.0,1.0,0.06000000000494765,0.2000000000007276,57.340000000000146,64.58880000000171,2.7999999999992724,,,0.0,,,,,,,,,,,,,,,,,,,,,,,,,,
amd-ryzen-5 · firefox|s1|059_r3f-ref_B_i7,amd-ryzen-5 · firefox,s1,r3f-ref,B,7,515.0,30019.54,17.15549272240681,17.041581458759815,15.005101734589545,15.520045691014658,58.290368932038795,58.67999999999847,3.112669800629068,63.09800000000104,65.13999999999942,68.70000000000073,1.0,1.0,0.06000000000130967,0.19999999999865395,55.899999999999636,62.01439999999719,2.5799999999981083,,,0.0,,,,,,,,,,,,,,,,,,,,,,,,,,
amd-ryzen-5 · firefox|s1|060_r3f-ref_A_i7,amd-ryzen-5 · firefox,s1,r3f-ref,A,7,1769.0,30014.64,58.93790496904177,58.8235294117647,28.455692812427195,35.68879371877238,16.967009609949116,17.0,3.663143591687813,22.743999999999865,30.272799999997513,40.29999999999927,0.6133408705483324,0.005652911249293386,0.07999999999992724,0.1999999999998181,6.880000000000109,8.492799999999258,9.899999999999636,,,0.0,,,,,,,,,,,,,,,,,,,,,,,,,,
amd-ryzen-5 · firefox|s1|061_r3f-ref_C_i7,amd-ryzen-5 · firefox,s1,r3f-ref,C,7,698.0,30022.42,23.24929169600585,23.4192037470722,19.464088756244372,20.698135950227222,43.01206303724926,42.70000000000073,1.4637223970769953,45.09199999999991,50.78059999999874,51.97999999999956,1.0,1.0,0.059999999997671694,0.11999999999989086,40.19999999999982,48.50360000000008,2.399999999999636,,,0.0,,,,,,,,,,,,,,,,,,,,,,,,,,
amd-ryzen-5 · firefox|s1|062_threejs_D_i7,amd-ryzen-5 · firefox,s1,threejs,D,7,505.0,30055.12,16.802461610534245,16.869095816463535,10.952422675895853,14.059951633766461,59.515089108910885,59.280000000002474,4.632101716444533,64.3679999999982,69.81040000000007,127.05999999999949,1.0,1.0,0.07999999999810825,0.21999999999934516,54.900000000001455,63.25919999999845,3.1599999999998545,,,0.0,,,,,,,,,,,,,,,,,,,,,,,,,,
amd-ryzen-5 · firefox|s1|063_threejs_A_i7,amd-ryzen-5 · firefox,s1,threejs,A,7,1749.0,30011.28,58.27808743912289,57.9374275782209,27.52679814760922,33.78168489065615,17.15910806174957,17.2599999999984,3.9888172779932205,24.735999999999326,30.570400000001538,41.0,0.7535734705546027,0.007432818753573471,0.1000000000003638,0.23999999999978172,6.779999999998836,8.862400000000632,10.239999999997963,,,0.0,,,,,,,,,,,,,,,,,,,,,,,,,,
amd-ryzen-5 · firefox|s1|064_threejs_B_i7,amd-ryzen-5 · firefox,s1,threejs,B,7,527.0,30045.86,17.539854076401877,17.599436818021914,11.661535591006569,14.069416335674632,57.01301707779885,56.81999999999971,4.972400462072739,63.06799999999894,73.46000000000022,124.68000000000029,1.0,1.0,0.07999999999992724,0.28000000000200087,54.13999999999942,69.47319999999877,2.680000000000291,,,0.0,,,,,,,,,,,,,,,,,,,,,,,,,,
amd-ryzen-5 · firefox|s1|065_threejs_C_i8,amd-ryzen-5 · firefox,s1,threejs,C,8,683.0,30022.66,22.74948322367172,23.094688221709394,15.006753038867467,18.833434886168455,43.95704245973645,43.29999999999927,2.8707945975568863,47.65799999999981,54.22679999999999,80.42000000000098,1.0,1.0,0.06000000000130967,0.12360000000204209,40.780000000000655,50.279999999998836,2.3799999999973807,,,0.0,,,,,,,,,,,,,,,,,,,,,,,,,,
amd-ryzen-5 · firefox|s1|066_threejs_A_i8,amd-ryzen-5 · firefox,s1,threejs,A,8,1743.0,30026.1,58.04949693766423,57.603686635945785,26.332909941447628,32.504408643931285,17.22667814113598,17.359999999999673,4.452166842154149,25.997999999999955,33.40359999999987,39.81999999999971,0.7441193344807803,0.010327022375215147,0.10000000000582077,0.22000000000025466,6.739999999999782,8.806399999999407,10.299999999999272,,,0.0,,,,,,,,,,,,,,,,,,,,,,,,,,
amd-ryzen-5 · firefox|s1|067_r3f-ref_A_i8,amd-ryzen-5 · firefox,s1,r3f-ref,A,8,1769.0,30013.08,58.94096840444232,58.54800936768175,30.436495148064502,35.99947637125292,16.96612775579423,17.079999999999927,3.479524332245926,20.767999999999248,30.07920000000056,38.95999999999913,0.6088185415488977,0.0045223289994347085,0.07999999999992724,0.21999999999992725,6.919999999998254,8.420000000000655,9.880000000001019,,,0.0,,,,,,,,,,,,,,,,,,,,,,,,,,
amd-ryzen-5 · firefox|s1|068_r3f-ref_C_i8,amd-ryzen-5 · firefox,s1,r3f-ref,C,8,699.0,30007.82,23.29392804942178,23.640661938534684,18.761726078799292,20.187386445951162,42.92964234620888,42.29999999999927,1.9545266725563877,47.286000000000605,50.68680000000029,56.20000000000073,1.0,1.0,0.05999999999949068,0.12000000000083673,39.86000000000058,48.31079999999928,2.360000000000582,,,0.0,,,,,,,,,,,,,,,,,,,,,,,,,,
amd-ryzen-5 · firefox|s1|069_r3f-ref_B_i8,amd-ryzen-5 · firefox,s1,r3f-ref,B,8,524.0,30044.4,17.440854202447046,17.313019390581925,14.972749595735982,15.5709135335195,57.336641221374045,57.75999999999931,3.257553800916927,62.53699999999871,64.94200000000039,68.29999999999927,1.0,1.0,0.06000000000494765,0.19540000000062682,54.97999999999956,61.78619999999784,2.599999999998545,,,0.0,,,,,,,,,,,,,,,,,,,,,,,,,,
amd-ryzen-5 · firefox|s1|070_threejs_B_i8,amd-ryzen-5 · firefox,s1,threejs,B,8,537.0,30011.88,17.89291440589527,18.22821728034979,10.4023634169683,13.827286554559214,55.88804469273741,54.86000000000058,5.876586931897509,62.951999999998584,73.88719999999884,122.45999999999913,1.0,1.0,0.07999999999810825,0.22000000000116415,50.88000000000102,68.22240000000048,2.819999999999709,,,0.0,,,,,,,,,,,,,,,,,,,,,,,,,,
amd-ryzen-5 · firefox|s1|071_threejs_D_i8,amd-ryzen-5 · firefox,s1,threejs,D,8,492.0,30013.1,16.39284179241731,16.39075561383374,10.461345329009394,13.576810807141479,61.00223577235772,61.01000000000022,4.878403369039854,66.29199999999946,74.72180000000053,133.3799999999992,1.0,1.0,0.07999999999810825,0.20360000000064146,53.36000000000058,68.07219999999991,4.539999999999054,,,0.0,,,,,,,,,,,,,,,,,,,,,,,,,,
amd-ryzen-5 · firefox|s1|072_r3f-ref_D_i8,amd-ryzen-5 · firefox,s1,r3f-ref,D,8,501.0,30016.86,16.690619871632144,16.611295681063424,14.872984710571384,15.288649706457852,59.913892215568865,60.19999999999891,2.8827861905384813,64.15999999999622,66.02000000000044,69.60000000000036,1.0,1.0,0.07999999999810825,0.21999999999934516,57.279999999998836,63.11999999999898,2.780000000000655,,,0.0,,,,,,,,,,,,,,,,,,,,,,,,,,
amd-ryzen-5 · firefox|s1|073_r3f-ref_D_i9,amd-ryzen-5 · firefox,s1,r3f-ref,D,9,503.0,30013.0,16.7594042581548,16.700066800267425,15.002400384061257,15.295758792002063,59.667992047713696,59.8799999999992,3.099618107812572,64.45799999999944,65.90000000000138,68.10000000000218,1.0,1.0,0.07999999999810825,0.23959999999980974,57.0,63.058800000001284,2.7599999999983993,,,0.0,,,,,,,,,,,,,,,,,,,,,,,,,,
amd-ryzen-5 · firefox|s1|074_threejs_C_i9,amd-ryzen-5 · firefox,s1,threejs,C,9,653.0,30004.24,21.76359074584125,21.69197396963192,16.51800462504106,19.141274569620137,45.94830015313932,46.099999999998545,2.4347081976963874,48.987999999997555,54.04480000000075,70.06000000000131,1.0,1.0,0.06000000000130967,0.18000000000029104,43.76000000000204,49.176800000002274,2.2600000000002183,,,0.0,,,,,,,,,,,,,,,,,,,,,,,,,,
amd-ryzen-5 · firefox|s1|075_threejs_D_i9,amd-ryzen-5 · firefox,s1,threejs,D,9,496.0,30018.24,16.5232871747311,16.447368421051845,10.529086601737259,13.984384104416772,60.52064516129031,60.80000000000291,4.615120645532944,64.90500000000111,70.79199999999892,130.1800000000003,1.0,1.0,0.07999999999810825,0.3610000000006041,54.95000000000073,65.82699999999943,2.959999999999127,,,0.0,,,,,,,,,,,,,,,,,,,,,,,,,,
amd-ryzen-5 · firefox|s1|076_r3f-ref_B_i9,amd-ryzen-5 · firefox,s1,r3f-ref,B,9,524.0,30038.12,17.444500521337552,17.488632388947373,14.556040756914351,15.474348291870008,57.3246564885496,57.17999999999938,3.1758567709780476,62.40700000000215,64.77539999999958,76.02000000000044,1.0,1.0,0.06000000000494765,0.18000000000029104,54.43000000000029,62.13260000000092,2.6599999999998545,,,0.0,,,,,,,,,,,,,,,,,,,,,,,,,,
amd-ryzen-5 · firefox|s1|077_r3f-ref_A_i9,amd-ryzen-5 · firefox,s1,r3f-ref,A,9,1760.0,30010.22,58.646687695058546,58.4112149532745,30.04595263343956,34.76996507198932,17.05126136363636,17.11999999999898,3.9263573711100426,24.862000000000442,30.388200000003344,40.19999999999709,0.6363636363636364,0.004545454545454545,0.07999999999992724,0.200000000000191,6.799999999999272,8.916400000000325,9.979999999999563,,,0.0,,,,,,,,,,,,,,,,,,,,,,,,,,
amd-ryzen-5 · firefox|s1|078_threejs_A_i9,amd-ryzen-5 · firefox,s1,threejs,A,9,1746.0,30005.52,58.1892931700567,57.60368663594277,27.24184347157214,33.12065053526016,17.185292096219932,17.360000000000582,4.335782741059314,25.560000000000855,30.61900000000059,39.36000000000058,0.7239404352806414,0.00859106529209622,0.1000000000003638,0.24000000000078217,6.680000000000291,8.793000000000754,10.400000000000546,,,0.0,,,,,,,,,,,,,,,,,,,,,,,,,,
amd-ryzen-5 · firefox|s1|079_threejs_B_i9,amd-ryzen-5 · firefox,s1,threejs,B,9,541.0,30024.82,18.018426088815854,18.341892883346638,11.388483965014602,14.67838037663635,55.498743068391825,54.5199999999968,5.105788281230728,62.13999999999942,66.75999999999988,130.1800000000003,1.0,1.0,0.06000000000494765,0.2,50.81999999999971,62.16800000000003,2.819999999999709,,,0.0,,,,,,,,,,,,,,,,,,,,,,,,,,
amd-ryzen-5 · firefox|s1|080_r3f-ref_C_i9,amd-ryzen-5 · firefox,s1,r3f-ref,C,9,649.0,30005.22,21.62956978819019,21.67316861725169,17.890154451666614,19.286403085824432,46.233004622496146,46.14000000000033,2.2276635607276423,49.7400000000016,52.54080000000089,60.36000000000058,1.0,1.0,0.05999999999949068,0.12000000000174622,43.780000000000655,50.452800000000714,2.2400000000016007,,,0.0,,,,,,,,,,,,,,,,,,,,,,,,,,
amd-ryzen-5 · firefox|s1|081_r3f-ref_D_i10,amd-ryzen-5 · firefox,s1,r3f-ref,D,10,497.0,30011.56,16.5602854366784,16.661112962344752,5.474802222769642,11.309765039631305,60.38543259557345,60.020000000004075,18.397638354971225,65.77599999999875,75.44479999999837,455.96000000000095,1.0,1.0,0.06000000000130967,0.15999999999985448,52.219999999999345,62.919200000001375,4.6600000000034925,,,0.0,,,,,,,,,,,,,,,,,,,,,,,,,,
amd-ryzen-5 · firefox|s1|082_r3f-ref_A_i10,amd-ryzen-5 · firefox,s1,r3f-ref,A,10,1769.0,30014.4,58.93837624606856,58.61664712779229,28.915498707306977,34.7672176743893,16.96687394007914,17.05999999999767,4.0368431349233544,24.620000000000427,30.639199999999395,40.080000000001746,0.6348219332956473,0.006218202374222725,0.07999999999992724,0.20639999999970188,6.819999999999709,8.57279999999795,9.979999999999563,,,0.0,,,,,,,,,,,,,,,,,,,,,,,,,,
amd-ryzen-5 · firefox|s1|083_r3f-ref_B_i10,amd-ryzen-5 · firefox,s1,r3f-ref,B,10,550.0,30030.5,18.314713374735685,18.6393289841567,14.040211164776103,15.364304736758152,54.600909090909106,53.649999999999636,3.250795599817627,60.94000000000233,66.59060000000197,73.52000000000044,1.0,1.0,0.06000000000130967,0.15999999999985448,50.409999999999854,62.96119999999915,2.7400000000016007,,,0.0,,,,,,,,,,,,,,,,,,,,,,,,,,
amd-ryzen-5 · firefox|s1|084_threejs_B_i10,amd-ryzen-5 · firefox,s1,threejs,B,10,538.0,30031.08,17.914773627854878,17.96622349981921,10.795871658677735,14.472102239836179,55.81985130111523,55.66000000000349,4.963992954125832,60.674999999999635,70.7034000000009,129.1200000000008,1.0,1.0,0.06000000000130967,0.21259999999985657,49.63999999999942,61.745399999999826,3.37999999999829,,,0.0,,,,,,,,,,,,,,,,,,,,,,,,,,
amd-ryzen-5 · firefox|s1|085_threejs_D_i10,amd-ryzen-5 · firefox,s1,threejs,D,10,488.0,30024.58,16.253349755433714,16.286644951140403,10.084203095850354,13.521583828185681,61.525778688524625,61.39999999999873,4.990320508382482,66.09300000000204,75.58919999999777,140.28000000000065,1.0,1.0,0.06000000000494765,0.262600000001621,52.88999999999942,68.9698000000003,7.289999999999054,,,0.0,,,,,,,,,,,,,,,,,,,,,,,,,,
amd-ryzen-5 · firefox|s1|086_threejs_C_i10,amd-ryzen-5 · firefox,s1,threejs,C,10,649.0,30024.94,21.615363760926748,21.440823327616048,16.20657987142775,18.532460763305682,46.263389830508494,46.63999999999942,2.797838600955295,49.78000000000138,56.690400000000515,70.02000000000044,1.0,1.0,0.06000000000130967,0.13999999999941792,44.299999999995634,52.85280000000014,2.2599999999983993,,,0.0,,,,,,,,,,,,,,,,,,,,,,,,,,
amd-ryzen-5 · firefox|s1|087_r3f-ref_C_i10,amd-ryzen-5 · firefox,s1,r3f-ref,C,10,682.0,30033.02,22.70833902151698,23.26663564448506,16.30080417300555,19.285746698733867,44.036686217008786,42.98000000000138,2.749076927138034,48.54000000000087,51.28940000000128,76.78000000000065,1.0,1.0,0.059999999997671694,0.11999999999898137,40.55999999999767,49.079000000001024,2.3400000000001455,,,0.0,,,,,,,,,,,,,,,,,,,,,,,,,,
amd-ryzen-5 · firefox|s1|088_threejs_A_i10,amd-ryzen-5 · firefox,s1,threejs,A,10,1752.0,30016.16,58.36855880299145,57.937427578214795,26.578280854257336,33.526528347257724,17.13251141552511,17.26000000000022,4.019188821568584,22.831999999999304,30.717999999997485,40.720000000001164,0.7134703196347032,0.0091324200913242,0.1000000000003638,0.22980000000048695,6.639999999999418,8.40979999999985,10.359999999997854,,,0.0,,,,,,,,,,,,,,,,,,,,,,,,,,
amd-ryzen-5 · firefox|s2|006_r3f-state_i1,amd-ryzen-5 · firefox,s2,r3f-state,-,1,640.0,30014.92,21.32272882952878,21.21340687314327,9.255545614414057,10.126582278481063,46.89831250000002,47.14000000000124,28.023157575979305,88.6010000000003,104.61659999999891,112.27999999999884,1.0,0.5,1.7600000000020373,7.072199999999757,17.920000000000982,23.080999999999552,23.580000000001746,,,0.0,,,,,,,,,,,,,,,,,,,,,,,,,,
amd-ryzen-5 · firefox|s2|007_r3f-ref+parent-state_i1,amd-ryzen-5 · firefox,s2,r3f-ref+parent-state,-,1,1352.0,30002.82,45.06243079817165,50.35246727089826,12.25929348748608,16.06475775783944,22.191434911242577,19.859999999999218,9.94989289529709,24.35599999999886,68.7780000000002,107.13999999999942,1.0,0.04215976331360947,2.0799999999981083,2.739999999998854,17.43999999999869,21.068600000000608,0.28000000000065484,,,0.0,,,,,,,,,,,,,,,,,,,,,,,,,,
amd-ryzen-5 · firefox|s2|008_threejs_i1,amd-ryzen-5 · firefox,s2,threejs,-,1,1583.0,30000.74,52.76536512099368,54.112554112544736,40.59539918809202,45.6684355959445,18.95182564750471,18.4800000000032,1.0319755776391633,20.51800000000039,22.447199999999597,36.14000000000124,1.0,0.0006317119393556538,1.2199999999975262,1.6236000000023718,17.040000000000873,20.520000000000437,0.23999999999978172,,,0.0,,,,,,,,,,,,,,,,,,,,,,,,,,
amd-ryzen-5 · firefox|s2|009_r3f-ref_i1,amd-ryzen-5 · firefox,s2,r3f-ref,-,1,1522.0,30009.56,50.717171461360984,51.4933058702415,41.420445131716875,44.11576906555836,19.717187910643858,19.419999999998254,0.8596796049578914,22.058000000000405,22.651600000000435,26.540000000000873,1.0,0.0,2.0,2.420000000001128,17.159999999999854,20.11580000000109,0.2599999999983993,,,0.0,,,,,,,,,,,,,,,,,,,,,,,,,,
amd-ryzen-5 · firefox|s2|010_r3f-ref-central_i1,amd-ryzen-5 · firefox,s2,r3f-ref-central,-,1,1572.0,30007.3,52.38725243524076,53.53319057815762,38.6140143129277,43.903592214429445,19.088613231552106,18.68000000000029,1.2228086381474916,21.5,23.185800000000416,40.340000000000146,1.0,0.0006361323155216285,1.3000000000029104,1.639999999999418,17.080000000001746,21.0,0.2600000000002183,,,0.0,,,,,,,,,,,,,,,,,,,,,,,,,,
amd-ryzen-5 · firefox|s2|011_threejs_i2,amd-ryzen-5 · firefox,s2,threejs,-,2,1555.0,30009.78,51.81644117351077,53.022269353126674,38.64784087395697,43.78134346179652,19.298893890675192,18.860000000000582,1.1998165071775453,21.43999999999869,23.14919999999962,36.73999999999978,1.0,0.0006430868167202572,1.2399999999979627,1.809200000002821,17.360000000000582,21.2399999999988,0.24000000000069122,,,0.0,,,,,,,,,,,,,,,,,,,,,,,,,,
amd-ryzen-5 · firefox|s2|012_r3f-ref+parent-state_i2,amd-ryzen-5 · firefox,s2,r3f-ref+parent-state,-,2,1365.0,30002.48,45.49623897757786,51.12474437627707,11.954022988505688,15.856064245041429,21.979838827838847,19.5600000000004,10.160636841739981,26.06399999999848,70.62399999999874,103.68000000000029,1.0,0.04395604395604396,1.9599999999991269,2.9399999999990176,17.279999999998836,21.480000000000874,0.27999999999883585,,,0.0,,,,,,,,,,,,,,,,,,,,,,,,,,
amd-ryzen-5 · firefox|s2|013_r3f-state_i2,amd-ryzen-5 · firefox,s2,r3f-state,-,2,647.0,30046.66,21.53317540119268,15.422578655150241,9.277011565341134,10.216265571823532,46.43996908809893,64.84000000000378,27.570888189190427,86.88400000000091,103.42999999999984,110.81999999999971,1.0,0.500772797527048,1.7200000000011642,7.090800000000999,17.919999999998254,23.182800000001414,45.06000000000495,,,0.0,,,,,,,,,,,,,,,,,,,,,,,,,,
amd-ryzen-5 · firefox|s2|014_r3f-ref-central_i2,amd-ryzen-5 · firefox,s2,r3f-ref-central,-,2,1619.0,30011.94,53.94519647846824,55.18763796909803,39.757479375807165,45.166098326596185,18.537331686226043,18.11999999999898,1.0759597069726885,20.281999999998877,22.685600000000736,32.840000000000146,1.0,0.0,1.2999999999992724,1.6692000000003788,16.540000000000873,20.40000000000113,0.2599999999983993,,,0.0,,,,,,,,,,,,,,,,,,,,,,,,,,
amd-ryzen-5 · firefox|s2|015_r3f-ref_i2,amd-ryzen-5 · firefox,s2,r3f-ref,-,2,1509.0,30018.92,50.26829746040164,51.33470225872805,36.04382929642407,41.801825903755876,19.893253810470494,19.479999999999563,1.308404713290293,22.211999999999897,24.173600000000157,45.23999999999796,1.0,0.0013253810470510272,1.9200000000018917,2.9567999999990597,17.280000000006112,21.791999999999398,0.2599999999983993,,,0.0,,,,,,,,,,,,,,,,,,,,,,,,,,
amd-ryzen-5 · firefox|s2|016_r3f-ref-central_i3,amd-ryzen-5 · firefox,s2,r3f-ref-central,-,3,1578.0,30008.3,52.5854513584575,54.1711809317442,38.31026204219139,43.224312013033526,19.016666666666623,18.460000000000036,1.3229439286465956,21.759999999998673,23.55959999999971,36.73999999999978,1.0,0.0006337135614702154,1.319999999999709,2.0,16.87999999999829,21.418399999998222,0.2600000000002183,,,0.0,,,,,,,,,,,,,,,,,,,,,,,,,,
amd-ryzen-5 · firefox|s2|017_r3f-state_i3,amd-ryzen-5 · firefox,s2,r3f-state,-,3,642.0,30003.54,21.397475097938443,21.691973969630638,9.162543522081727,10.122866289589922,46.73448598130837,46.10000000000127,27.81536468302865,88.6959999999989,105.49600000000142,113.5,1.0,0.5,1.819999999999709,7.151800000000422,18.040000000000873,23.577999999999562,23.329999999999018,,,0.0,,,,,,,,,,,,,,,,,,,,,,,,,,
amd-ryzen-5 · firefox|s2|018_threejs_i3,amd-ryzen-5 · firefox,s2,threejs,-,3,1567.0,30020.0,52.198534310459685,53.475935828874924,38.96711175767619,44.12713139702011,19.1576260370134,18.700000000000728,1.1374251042267278,21.39399999999823,22.779999999999145,34.26000000000022,1.0,0.0006381620931716656,1.3400000000037835,1.8936000000000752,17.079999999999927,20.994399999999246,0.2400000000016007,,,0.0,,,,,,,,,,,,,,,,,,,,,,,,,,
amd-ryzen-5 · firefox|s2|019_r3f-ref+parent-state_i3,amd-ryzen-5 · firefox,s2,r3f-ref+parent-state,-,3,1388.0,30018.12,46.23873846863162,51.4933058702415,12.377887380267653,16.425286371297105,21.626887608069143,19.419999999998254,9.879896601307982,24.2190000000005,68.38600000000065,109.34000000000015,1.0,0.04178674351585014,2.0799999999981083,3.1425999999995904,16.860000000000582,20.727800000000972,0.26000000000203727,,,0.0,,,,,,,,,,,,,,,,,,,,,,,,,,
amd-ryzen-5 · firefox|s2|020_r3f-ref_i3,amd-ryzen-5 · firefox,s2,r3f-ref,-,3,1497.0,30003.02,49.89497723895794,51.17707267145043,36.486838676049274,41.201754972049805,20.042097528390116,19.539999999997235,1.3126035008237873,22.463999999999213,25.301599999999304,33.26000000000022,1.0,0.0,2.0,2.981599999999597,17.26000000000022,22.26000000000029,0.2600000000002183,,,0.0,,,,,,,,,,,,,,,,,,,,,,,,,,
amd-ryzen-5 · firefox|s2|021_r3f-ref_i4,amd-ryzen-5 · firefox,s2,r3f-ref,-,4,1493.0,30013.52,49.74424859196788,50.916496945011694,38.550501156515246,42.07940497446821,20.102826523777615,19.639999999999418,1.130420593648795,22.447999999999954,24.248000000001475,30.979999999999563,1.0,0.0,1.9800000000013824,2.5416000000009067,17.400000000001455,21.73999999999811,0.2600000000002183,,,0.0,,,,,,,,,,,,,,,,,,,,,,,,,,
amd-ryzen-5 · firefox|s2|022_r3f-state_i4,amd-ryzen-5 · firefox,s2,r3f-state,-,4,657.0,30000.46,21.89966420514886,15.542430836182744,8.895214374666352,10.1593106907696,45.66280060882801,64.34000000000015,27.383021612532907,82.85999999999984,107.3840000000003,115.80000000000109,1.0,0.5007610350076104,1.7800000000006548,7.008799999999391,17.18000000000029,22.546399999998172,45.29999999999927,,,0.0,,,,,,,,,,,,,,,,,,,,,,,,,,
amd-ryzen-5 · firefox|s2|023_r3f-ref-central_i4,amd-ryzen-5 · firefox,s2,r3f-ref-central,-,4,1592.0,30006.32,53.0554896435151,54.70459518599911,35.42079909322697,42.95626073906557,18.84819095477384,18.279999999998836,1.4138287101307738,21.5,23.220000000001164,40.07999999999811,1.0,0.000628140703517588,1.2799999999988358,1.807199999999423,16.74000000000524,21.13440000000243,0.2599999999983993,,,0.0,,,,,,,,,,,,,,,,,,,,,,,,,,
amd-ryzen-5 · firefox|s2|024_threejs_i4,amd-ryzen-5 · firefox,s2,threejs,-,4,1534.0,30018.12,51.102467442997764,52.35602094240987,37.83292978208237,42.90973147541715,19.56852672750975,19.099999999999454,1.2455370741183907,21.746999999998113,23.746799999999933,37.340000000000146,1.0,0.000651890482398957,1.319999999999709,1.8600000000002819,17.5199999999968,21.506800000000453,0.2400000000016007,,,0.0,,,,,,,,,,,,,,,,,,,,,,,,,,
amd-ryzen-5 · firefox|s2|025_r3f-ref+parent-state_i4,amd-ryzen-5 · firefox,s2,r3f-ref+parent-state,-,4,1403.0,30003.78,46.760774809040726,52.30125523012333,12.3979383999575,16.72928197921741,21.385445473984305,19.1200000000008,9.742369749117325,23.956000000000188,67.7928000000029,106.34000000000015,1.0,0.040627227369921595,1.9400000000005093,2.5388000000008843,16.80000000000291,20.419600000000028,0.2600000000002183,,,0.0,,,,,,,,,,,,,,,,,,,,,,,,,,
amd-ryzen-5 · firefox|s2|026_r3f-ref-central_i5,amd-ryzen-5 · firefox,s2,r3f-ref-central,-,5,1572.0,30013.4,52.37660511638135,53.67686527106523,38.06720129936118,43.678881820625456,19.09249363867681,18.63000000000102,1.2649914331198218,21.429000000000446,23.439999999999745,34.47999999999956,1.0,0.0006361323155216285,1.2999999999992724,1.819999999999709,17.020000000000437,21.400000000000162,0.2600000000002183,,,0.0,,,,,,,,,,,,,,,,,,,,,,,,,,
amd-ryzen-5 · firefox|s2|027_r3f-ref_i5,amd-ryzen-5 · firefox,s2,r3f-ref,-,5,1485.0,30017.62,49.47094406551885,50.916496945011694,34.56960837572206,40.47475797188651,20.213885521885516,19.639999999999418,1.4472797423629373,22.960000000000583,24.985599999999117,36.57999999999993,1.0,0.00202020202020202,1.9799999999995634,2.9463999999995973,17.38000000000102,22.118399999998385,0.2600000000002183,,,0.0,,,,,,,,,,,,,,,,,,,,,,,,,,
amd-ryzen-5 · firefox|s2|028_r3f-state_i5,amd-ryzen-5 · firefox,s2,r3f-state,-,5,658.0,30052.92,21.89471106301817,21.15506663846053,9.17711838482711,10.209551034993238,45.673130699088155,47.26999999999862,27.34671861117371,80.63299999999872,106.48600000000019,112.28000000000065,1.0,0.5,1.680000000000291,7.188600000000086,17.639999999999418,22.548999999999744,23.720000000001164,,,0.0,,,,,,,,,,,,,,,,,,,,,,,,,,
amd-ryzen-5 · firefox|s2|029_r3f-ref+parent-state_i5,amd-ryzen-5 · firefox,s2,r3f-ref+parent-state,-,5,1403.0,30006.14,46.75709704747095,51.975051975057475,13.020348945351804,16.868282808810036,21.387127583749084,19.239999999997963,9.545243653679277,23.89399999999968,67.03600000000078,107.71999999999935,1.0,0.042052744119743406,2.0600000000013097,2.9187999999983014,16.68000000000029,20.67840000000026,0.26000000000203727,,,0.0,,,,,,,,,,,,,,,,,,,,,,,,,,
amd-ryzen-5 · firefox|s2|030_threejs_i5,amd-ryzen-5 · firefox,s2,threejs,-,5,1552.0,30002.6,51.728850166318914,52.8541226215592,38.667766549805165,43.82769454942862,19.33157216494844,18.92000000000189,1.1590338591816167,21.399999999999455,23.139999999999418,34.399999999999636,1.0,0.0006443298969072165,1.1599999999998545,1.819999999999709,17.5,21.26000000000111,0.2400000000016007,,,0.0,,,,,,,,,,,,,,,,,,,,,,,,,,
amd-ryzen-5 · firefox|s2|031_r3f-ref-central_i6,amd-ryzen-5 · firefox,s2,r3f-ref-central,-,6,1567.0,30004.0,52.226369817357686,53.821313240038,32.466127007489014,41.58403173181524,19.147415443522632,18.580000000001746,1.6819766986057718,21.47400000000052,24.6275999999991,50.13999999999942,1.0,0.0019144862795149968,1.319999999999709,1.9268000000002194,17.0,22.134000000001063,0.26000000000203727,,,0.0,,,,,,,,,,,,,,,,,,,,,,,,,,
amd-ryzen-5 · firefox|s2|032_threejs_i6,amd-ryzen-5 · firefox,s2,threejs,-,6,1535.0,30012.42,51.145492432799486,52.30125523011836,36.80981595092057,42.39604601086693,19.552065146579785,19.12000000000262,1.3700298708867629,21.771999999999206,24.36519999999955,40.47999999999956,1.0,0.0006514657980456026,1.3400000000001455,1.9663999999998882,17.5,21.86519999999955,0.2400000000016007,,,0.0,,,,,,,,,,,,,,,,,,,,,,,,,,
amd-ryzen-5 · firefox|s2|033_r3f-state_i6,amd-ryzen-5 · firefox,s2,r3f-state,-,6,671.0,30008.28,22.360495169999748,15.620118712902112,9.216306718687669,10.313209033121021,44.721728763040225,64.02000000000044,26.844491816525736,79.37000000000035,106.9080000000007,111.77999999999884,1.0,0.5007451564828614,1.5400000000008731,6.746000000001185,17.31999999999971,22.025999999998355,44.88000000000102,,,0.0,,,,,,,,,,,,,,,,,,,,,,,,,,
amd-ryzen-5 · firefox|s2|034_r3f-ref+parent-state_i6,amd-ryzen-5 · firefox,s2,r3f-ref+parent-state,-,6,1367.0,30011.54,45.54914542872508,51.282051282051285,12.37505949547829,16.061145726554244,21.954308705193856,19.5,9.919253772532468,26.298000000000336,68.89639999999886,107.31999999999971,1.0,0.04535479151426482,1.9200000000000728,3.086800000001893,17.199999999999818,22.368800000000675,0.28000000000065484,,,0.0,,,,,,,,,,,,,,,,,,,,,,,,,,
amd-ryzen-5 · firefox|s2|035_r3f-ref_i6,amd-ryzen-5 · firefox,s2,r3f-ref,-,6,1482.0,30019.48,49.36794374852597,51.38746145940621,35.62703583061963,38.209719726542325,20.25605937921727,19.459999999999127,1.7934129957651046,24.59900000000216,27.20380000000081,29.400000000001455,1.0,0.0,1.9400000000023283,3.143799999999502,17.2400000000016,24.239999999997963,0.2600000000002183,,,0.0,,,,,,,,,,,,,,,,,,,,,,,,,,
amd-ryzen-5 · firefox|s2|036_r3f-state_i7,amd-ryzen-5 · firefox,s2,r3f-state,-,7,663.0,30057.9,22.057429161717884,15.532774153464441,9.12714107517718,10.391017123136688,45.33619909502265,64.37999999999738,26.744654829822547,81.07800000000006,103.5076000000014,113.70000000000437,1.0,0.5007541478129713,1.7999999999992724,7.147599999999584,17.76000000000022,22.330399999999937,44.779999999998836,,,0.0,,,,,,,,,,,,,,,,,,,,,,,,,,
amd-ryzen-5 · firefox|s2|037_r3f-ref+parent-state_i7,amd-ryzen-5 · firefox,s2,r3f-ref+parent-state,-,7,1347.0,30008.6,44.88713235539145,50.05005005004203,12.307342750028406,16.1349362308789,22.278099480326652,19.9800000000032,9.924724852544507,23.96200000000281,68.25759999999971,108.52000000000044,1.0,0.042316258351893093,1.9199999999982538,2.3000000000002547,17.7400000000016,21.021599999999978,0.27999999999974534,,,0.0,,,,,,,,,,,,,,,,,,,,,,,,,,
amd-ryzen-5 · firefox|s2|038_r3f-ref-central_i7,amd-ryzen-5 · firefox,s2,r3f-ref-central,-,7,1593.0,30007.2,53.08725905782612,54.824561403503964,33.40459647247482,42.45987810252744,18.836911487758922,18.2400000000016,1.6145624989886602,21.459999999999855,23.62159999999985,46.07999999999993,1.0,0.0012554927809165098,1.320000000001528,2.019999999997017,16.640000000003056,21.512799999999977,0.2600000000002183,,,0.0,,,,,,,,,,,,,,,,,,,,,,,,,,
amd-ryzen-5 · firefox|s2|039_r3f-ref_i7,amd-ryzen-5 · firefox,s2,r3f-ref,-,7,1497.0,30007.5,49.887528117970504,51.072522982649765,39.76143141153139,42.45748513988026,20.045090180360702,19.57999999999447,1.1054468973215659,22.399999999998546,24.140800000002926,26.8799999999992,1.0,0.0,1.9400000000023283,2.901600000001343,17.360000000000582,21.582399999999904,0.2600000000002183,,,0.0,,,,,,,,,,,,,,,,,,,,,,,,,,
amd-ryzen-5 · firefox|s2|040_threejs_i7,amd-ryzen-5 · firefox,s2,threejs,-,7,1532.0,30017.2,51.03740522100663,52.029136316343845,37.55821523361175,42.48420817261992,19.59347258485636,19.219999999997526,1.280682257614967,21.860000000000582,24.053800000000894,35.23999999999978,1.0,0.0006527415143603133,1.2399999999979627,1.933799999998556,17.659999999999854,21.967599999999294,0.2400000000016007,,,0.0,,,,,,,,,,,,,,,,,,,,,,,,,,
amd-ryzen-5 · firefox|s2|041_r3f-ref+parent-state_i8,amd-ryzen-5 · firefox,s2,r3f-ref+parent-state,-,8,1377.0,30012.84,45.880363204548445,51.81347150258286,11.642903202694022,15.893346297317796,21.79581699346406,19.30000000000291,10.322567957341105,24.823999999999796,70.09440000000119,112.35999999999694,1.0,0.04212055192447349,2.0799999999999272,2.889599999998973,16.820000000001528,21.90480000000043,0.26000000000203727,,,0.0,,,,,,,,,,,,,,,,,,,,,,,,,,
amd-ryzen-5 · firefox|s2|042_r3f-state_i8,amd-ryzen-5 · firefox,s2,r3f-state,-,8,656.0,30055.0,21.826651139577443,21.137180300149,9.39055310357778,10.32564503013791,45.81554878048781,47.30999999999767,26.825688628354115,83.86499999999978,103.22499999999964,110.22000000000025,1.0,0.5,1.7399999999997817,7.414000000000129,17.93999999999869,25.288999999997397,23.5,,,0.0,,,,,,,,,,,,,,,,,,,,,,,,,,
amd-ryzen-5 · firefox|s2|043_threejs_i8,amd-ryzen-5 · firefox,s2,threejs,-,8,1573.0,30012.44,52.411599989870865,53.70569280343486,39.73931012557535,44.348923685736715,19.079745708836604,18.6200000000008,1.131298848855676,21.22799999999988,22.88240000000056,33.659999999999854,1.0,0.0006357279084551812,1.199999999999818,1.5824000000012872,17.159999999999854,21.151199999999662,0.2400000000016007,,,0.0,,,,,,,,,,,,,,,,,,,,,,,,,,
amd-ryzen-5 · firefox|s2|044_r3f-ref_i8,amd-ryzen-5 · firefox,s2,r3f-ref,-,8,1485.0,30019.04,49.4686039260416,50.70993914807003,39.04724716907369,42.04688796208949,20.21484175084175,19.720000000001164,1.1391840153799913,22.73999999999978,24.360000000000582,27.279999999998836,1.0,0.0,2.0199999999967986,3.039999999999345,17.459999999999127,21.723200000000652,0.2600000000002183,,,0.0,,,,,,,,,,,,,,,,,,,,,,,,,,
amd-ryzen-5 · firefox|s2|045_r3f-ref-central_i8,amd-ryzen-5 · firefox,s2,r3f-ref-central,-,8,1531.0,30006.3,51.022618583430805,52.410901467510435,32.10616438356128,40.505249693545686,19.599150881776588,19.07999999999811,1.7325619882800485,22.089999999996508,25.10799999999927,48.339999999999236,1.0,0.001959503592423253,1.360000000000582,1.9799999999995634,17.42000000000189,22.60799999999872,0.2600000000002183,,,0.0,,,,,,,,,,,,,,,,,,,,,,,,,,
amd-ryzen-5 · firefox|s2|046_r3f-ref-central_i9,amd-ryzen-5 · firefox,s2,r3f-ref-central,-,9,1592.0,30002.24,53.062704651386035,54.347826086957596,38.59215807347926,43.46247372996053,18.845628140703504,18.399999999999636,1.229143071941073,21.708999999998284,23.760000000002037,34.100000000000364,1.0,0.000628140703517588,1.2999999999992724,1.841800000000183,16.81999999999971,21.4925999999995,0.2599999999983993,,,0.0,,,,,,,,,,,,,,,,,,,,,,,,,,
amd-ryzen-5 · firefox|s2|047_r3f-ref_i9,amd-ryzen-5 · firefox,s2,r3f-ref,-,9,1530.0,30019.22,50.96734691974009,52.41090146750794,38.32396525293731,42.55223847170235,19.62040522875814,19.079999999999018,1.2217780063902293,22.070999999999547,24.336800000001134,33.07999999999811,1.0,0.0,2.0,3.0541999999975458,16.81999999999971,21.645200000000063,0.2599999999983993,,,0.0,,,,,,,,,,,,,,,,,,,,,,,,,,
amd-ryzen-5 · firefox|s2|048_threejs_i9,amd-ryzen-5 · firefox,s2,threejs,-,9,1544.0,30017.82,51.43611361517925,52.410901467510435,37.259675095632836,43.04176728378469,19.44159326424871,19.07999999999811,1.282904312145662,21.55399999999963,23.76840000000014,37.32000000000153,1.0,0.0006476683937823834,1.2200000000011642,1.900000000000673,17.599999999998545,21.670999999999566,0.2400000000016007,,,0.0,,,,,,,,,,,,,,,,,,,,,,,,,,
amd-ryzen-5 · firefox|s2|049_r3f-ref+parent-state_i9,amd-ryzen-5 · firefox,s2,r3f-ref+parent-state,-,9,1342.0,30014.38,44.7119014285819,50.2008032128558,12.316437707247761,15.779259929158188,22.36540983606555,19.919999999998254,10.101542455169628,26.390999999997902,68.65179999999967,112.22000000000116,1.0,0.046199701937406856,1.8999999999978172,2.9917999999998193,17.600000000000364,23.237999999999396,0.26000000000203727,,,0.0,,,,,,,,,,,,,,,,,,,,,,,,,,
amd-ryzen-5 · firefox|s2|050_r3f-state_i9,amd-ryzen-5 · firefox,s2,r3f-state,-,9,641.0,30048.86,21.33192407299312,15.403573629081498,8.953085830249567,10.059792894013816,46.87809672386896,64.92000000000189,27.895190884754342,86.81999999999971,106.68799999999978,113.81999999999971,1.0,0.500780031201248,1.679999999998472,7.215999999998895,18.080000000001746,23.671999999997933,45.280000000002474,,,0.0,,,,,,,,,,,,,,,,,,,,,,,,,,
amd-ryzen-5 · firefox|s2|051_r3f-ref_i10,amd-ryzen-5 · firefox,s2,r3f-ref,-,10,1488.0,30018.84,49.56887074916953,50.10020040080379,41.42992424242457,43.64391285372149,20.173951612903203,19.959999999999127,0.723890689264746,22.07799999999932,23.304200000002016,24.9399999999996,1.0,0.0,2.0,2.930400000000054,17.659999999999854,20.50520000000011,0.27999999999883585,,,0.0,,,,,,,,,,,,,,,,,,,,,,,,,,
amd-ryzen-5 · firefox|s2|052_r3f-ref-central_i10,amd-ryzen-5 · firefox,s2,r3f-ref-central,-,10,1596.0,30001.6,53.19716281798304,54.52562704471058,38.71567210406831,44.26415052052423,18.797994987468652,18.340000000000146,1.1769014053195441,21.1200000000008,23.19100000000016,32.899999999999636,1.0,0.0,1.2799999999997453,1.899999999997999,16.779999999998836,20.78399999999892,0.2600000000002183,,,0.0,,,,,,,,,,,,,,,,,,,,,,,,,,
amd-ryzen-5 · firefox|s2|053_r3f-ref+parent-state_i10,amd-ryzen-5 · firefox,s2,r3f-ref+parent-state,-,10,1340.0,30010.7,44.650741235625965,50.10020040080379,12.06698102699283,15.887469292130177,22.396044776119393,19.959999999999127,10.046281379563652,25.945999999998815,67.03960000000002,109.52000000000044,1.0,0.04477611940298507,1.9000000000014552,2.912199999999191,17.639999999999418,22.373200000001166,0.26000000000203727,,,0.0,,,,,,,,,,,,,,,,,,,,,,,,,,
amd-ryzen-5 · firefox|s2|054_threejs_i10,amd-ryzen-5 · firefox,s2,threejs,-,10,1528.0,30015.68,50.90672608449984,51.759834368530804,37.827205326070775,42.607106416854414,19.643769633507834,19.31999999999971,1.259951009668853,21.852999999999835,24.227600000000006,35.899999999999636,1.0,0.0006544502617801048,1.3400000000001455,2.0,17.719999999999345,21.860000000000582,0.23999999999978172,,,0.0,,,,,,,,,,,,,,,,,,,,,,,,,,
amd-ryzen-5 · firefox|s2|055_r3f-state_i10,amd-ryzen-5 · firefox,s2,r3f-state,-,10,615.0,30005.26,20.496406296762636,15.183723048891453,8.540195855158263,9.505462472434187,48.78904065040646,65.86000000000058,28.92892454165514,91.62800000000314,110.89559999999948,122.31999999999971,1.0,0.5024390243902439,1.7999999999992724,7.100000000004802,18.540000000000873,27.06600000000144,45.900000000001455,,,0.0,,,,,,,,,,,,,,,,,,,,,,,,,,
amd-ryzen-5 · firefox|s2|056_r3f-ref-central_i11,amd-ryzen-5 · firefox,s2,r3f-ref-central,-,11,1500.0,30011.3,49.981173757884534,51.36106831022018,33.42543898743175,38.33062463585866,20.00753333333332,19.470000000000255,2.1068971005922728,24.1200000000008,27.12079999999898,39.23999999999978,1.0,0.0006666666666666666,1.3800000000010186,2.08020000000175,17.800000000000182,24.52020000000044,0.28000000000065484,,,0.0,,,,,,,,,,,,,,,,,,,,,,,,,,
amd-ryzen-5 · firefox|s2|057_r3f-state_i11,amd-ryzen-5 · firefox,s2,r3f-state,-,11,662.0,30025.2,22.048146223838643,19.252984212552757,8.70069605568445,10.176830133285641,45.355287009063446,51.94000000000051,27.045901691919862,79.6739999999986,108.64780000000101,122.47999999999956,1.0,0.5015105740181269,1.7000000000007276,7.363399999999237,17.700000000000728,22.815599999997392,23.5600000000004,,,0.0,,,,,,,,,,,,,,,,,,,,,,,,,,
amd-ryzen-5 · firefox|s2|058_threejs_i11,amd-ryzen-5 · firefox,s2,threejs,-,11,1575.0,30005.54,52.49030679001278,53.76344086021926,38.80983182406264,44.39082134401769,19.051136507936473,18.599999999998545,1.1110122980123442,21.266000000001075,22.701599999999814,33.44000000000051,1.0,0.0006349206349206349,1.2999999999992724,1.6451999999995313,17.040000000000873,20.83559999999981,0.2400000000016007,,,0.0,,,,,,,,,,,,,,,,,,,,,,,,,,
amd-ryzen-5 · firefox|s2|059_r3f-ref_i11,amd-ryzen-5 · firefox,s2,r3f-ref,-,11,1519.0,30011.54,50.613863867032485,51.59958720330935,39.84063745019978,43.100971208551925,19.757432521395643,19.37999999999738,1.0139114007703913,22.022000000000478,23.82919999999916,28.520000000000437,1.0,0.0,1.9200000000018917,2.49639999999992,17.18000000000029,21.492800000000166,0.2600000000002183,,,0.0,,,,,,,,,,,,,,,,,,,,,,,,,,
amd-ryzen-5 · firefox|s2|060_r3f-ref+parent-state_i11,amd-ryzen-5 · firefox,s2,r3f-ref+parent-state,-,11,1380.0,30002.24,45.9965655897693,51.334702258724455,12.323676626725335,16.471003871879436,21.74075362318838,19.480000000000928,9.809594008013471,24.687000000000257,69.96079999999907,104.69999999999982,1.0,0.042028985507246375,1.9600000000009459,2.6526000000018053,17.06000000000313,21.384200000001112,0.26000000000203727,,,0.0,,,,,,,,,,,,,,,,,,,,,,,,,,
amd-ryzen-5 · firefox|s2|061_r3f-ref+parent-state_i12,amd-ryzen-5 · firefox,s2,r3f-ref+parent-state,-,12,1344.0,30008.12,44.78787741451315,50.30181086518857,12.312938056450031,15.917211494602359,22.327470238095252,19.88000000000102,10.014752104578818,25.88199999999796,68.46759999999927,108.56000000000131,1.0,0.04389880952380952,1.8800000000010186,2.442800000000568,17.659999999999854,22.419799999997732,0.26000000000203727,,,0.0,,,,,,,,,,,,,,,,,,,,,,,,,,
amd-ryzen-5 · firefox|s2|062_r3f-state_i12,amd-ryzen-5 · firefox,s2,r3f-state,-,12,642.0,30060.02,21.35727121938043,21.11040743086468,9.09090909090904,10.060425430240324,46.82246105919003,47.36999999999716,27.82528031885705,87.7749999999989,105.89260000000085,114.20000000000073,1.0,0.5,1.5499999999992724,6.751799999999339,18.36999999999898,23.37180000000084,23.280000000002474,,,0.0,,,,,,,,,,,,,,,,,,,,,,,,,,
amd-ryzen-5 · firefox|s2|063_r3f-ref_i12,amd-ryzen-5 · firefox,s2,r3f-ref,-,12,1513.0,30006.3,50.42274455697636,51.12474437627945,41.66203755138329,43.32205034599893,19.832319894249817,19.55999999999949,0.8691438792197207,22.39600000000136,23.17040000000029,25.0,1.0,0.0,2.0,2.5656000000002535,17.279999999998836,20.617600000002565,0.26000000000203727,,,0.0,,,,,,,,,,,,,,,,,,,,,,,,,,
amd-ryzen-5 · firefox|s2|064_threejs_i12,amd-ryzen-5 · firefox,s2,threejs,-,12,1556.0,30017.88,51.835772546229116,52.966101694912396,37.82338998436556,43.053319019502496,19.29169665809769,18.88000000000102,1.2454145659351936,21.32000000000062,24.248999999999544,33.3799999999992,1.0,0.0006426735218508997,1.2200000000011642,1.8579999999989032,17.340000000000146,22.323000000000782,0.2400000000016007,,,0.0,,,,,,,,,,,,,,,,,,,,,,,,,,
amd-ryzen-5 · firefox|s2|065_r3f-ref-central_i12,amd-ryzen-5 · firefox,s2,r3f-ref-central,-,12,1524.0,30003.26,50.79448033313713,53.475935828877525,29.83056240553687,35.9280304820975,19.687178477690264,18.699999999999818,2.597674634084485,24.78499999999948,29.178600000000674,43.7599999999984,1.0,0.003937007874015748,1.319999999999709,2.1953999999978255,17.11999999999989,26.152400000000522,0.27999999999883585,,,0.0,,,,,,,,,,,,,,,,,,,,,,,,,,
amd-ryzen-5 · firefox|s2|066_r3f-state_i13,amd-ryzen-5 · firefox,s2,r3f-state,-,13,652.0,30022.1,21.717334896626152,21.199915200339984,8.972901836453868,10.044825031703967,46.04616564417178,47.169999999998254,27.03946023597192,85.36299999999808,105.22320000000072,122.19999999999982,1.0,0.5,1.9599999999991269,7.249799999999104,18.0,25.45160000000095,23.450000000000273,,,0.0,,,,,,,,,,,,,,,,,,,,,,,,,,
amd-ryzen-5 · firefox|s2|067_r3f-ref-central_i13,amd-ryzen-5 · firefox,s2,r3f-ref-central,-,13,1560.0,30002.84,51.99507779930167,54.112554112555394,33.227006911217536,37.382819239690996,19.2325897435897,18.479999999999563,2.1229900032358984,23.88200000000088,28.560000000000237,34.94000000000051,1.0,0.000641025641025641,1.319999999999709,1.9882000000002806,16.860000000000582,26.149199999999627,0.2600000000002183,,,0.0,,,,,,,,,,,,,,,,,,,,,,,,,,
amd-ryzen-5 · firefox|s2|068_r3f-ref_i13,amd-ryzen-5 · firefox,s2,r3f-ref,-,13,1472.0,30016.78,49.03923738655512,50.15045135406548,38.02694480660565,41.453248685420895,20.39183423913042,19.93999999999869,1.1442755724444136,22.959999999999127,24.537400000000815,30.639999999999418,1.0,0.0,1.9599999999991269,3.1258000000003987,17.700000000000728,21.98579999999969,0.2600000000002183,,,0.0,,,,,,,,,,,,,,,,,,,,,,,,,,
amd-ryzen-5 · firefox|s2|069_threejs_i13,amd-ryzen-5 · firefox,s2,threejs,-,13,1536.0,30011.62,51.18017621174731,52.966101694912396,29.307178304873034,38.6493083807973,19.538815104166616,18.88000000000102,2.1328413010120113,22.49500000000012,27.099000000000984,57.81999999999971,1.0,0.0032552083333333335,1.180000000000291,1.892999999998303,17.38000000000102,24.754000000000847,0.2400000000052387,,,0.0,,,,,,,,,,,,,,,,,,,,,,,,,,
amd-ryzen-5 · firefox|s2|070_r3f-ref+parent-state_i13,amd-ryzen-5 · firefox,s2,r3f-ref+parent-state,-,13,1348.0,30016.66,44.90839420508477,50.251256281407954,12.367995433355453,16.158439528848785,22.26755192878336,19.899999999999636,9.904301298069681,24.666000000001254,67.55000000000041,107.90000000000146,1.0,0.04228486646884273,2.0600000000013097,2.590600000000049,17.480000000001382,21.561399999999182,0.26000000000203727,,,0.0,,,,,,,,,,,,,,,,,,,,,,,,,,
amd-ryzen-5 · firefox|s2|071_r3f-state_i14,amd-ryzen-5 · firefox,s2,r3f-state,-,14,672.0,30046.94,22.365006220267357,22.011886418665497,9.055510278004192,10.138311141696724,44.71270833333331,45.4300000000012,27.061818877158526,79.71899999999901,107.19279999999844,113.84000000000015,1.0,0.5,1.7999999999992724,7.323199999999776,17.0,22.292800000000103,22.890000000000782,,,0.0,,,,,,,,,,,,,,,,,,,,,,,,,,
amd-ryzen-5 · firefox|s2|072_r3f-ref_i14,amd-ryzen-5 · firefox,s2,r3f-ref,-,14,1520.0,30008.5,50.65231517736641,51.38746145940621,41.848008034816736,43.99319263229806,19.742434210526287,19.459999999999127,0.856808918598269,22.19999999999709,23.27440000000008,24.979999999999563,1.0,0.0,1.9000000000014552,2.532400000000705,17.279999999998836,20.4600000000006,0.27999999999883585,,,0.0,,,,,,,,,,,,,,,,,,,,,,,,,,
amd-ryzen-5 · firefox|s2|073_r3f-ref-central_i14,amd-ryzen-5 · firefox,s2,r3f-ref-central,-,14,1603.0,30009.82,53.41584854557608,55.37098560353973,33.99626041135479,42.30431609784975,18.721035558328133,18.06000000000131,1.686138886680657,21.258000000000354,23.619199999999,45.2599999999984,1.0,0.002495321272613849,1.3000000000010914,2.058799999999502,16.479999999999563,21.299199999999292,0.26000000000203727,,,0.0,,,,,,,,,,,,,,,,,,,,,,,,,,
amd-ryzen-5 · firefox|s2|074_r3f-ref+parent-state_i14,amd-ryzen-5 · firefox,s2,r3f-ref+parent-state,-,14,1355.0,30012.52,45.14782497437736,50.60728744938749,12.084030488938483,16.0146091479272,22.149461254612532,19.760000000002037,10.000839222788027,24.965999999998804,68.83240000000082,104.86000000000058,1.0,0.042804428044280446,1.9000000000014552,2.9600000000008,17.5199999999968,22.096800000000442,0.2600000000002183,,,0.0,,,,,,,,,,,,,,,,,,,,,,,,,,
amd-ryzen-5 · firefox|s2|075_threejs_i14,amd-ryzen-5 · firefox,s2,threejs,-,14,1499.0,30027.08,49.921604098700236,53.191489361704186,18.327006152637747,27.27426857045969,20.031407605070022,18.799999999999272,4.767605678448641,22.700000000000728,44.44519999999523,86.0,1.0,0.02935290193462308,1.3399999999965075,3.120400000002555,17.18000000000029,40.749999999998096,0.2400000000016007,,,0.0,,,,,,,,,,,,,,,,,,,,,,,,,,
amd-ryzen-5 · firefox|s2|076_r3f-state_i15,amd-ryzen-5 · firefox,s2,r3f-state,-,15,448.0,30030.12,14.918355304607507,15.413070283600467,5.160224985809431,5.697120364615708,67.03151785714287,64.88000000000011,46.56159740546088,150.81200000000018,187.36380000000034,200.0199999999968,1.0,0.7053571428571429,2.2600000000002183,13.23060000000043,18.479999999999563,56.41720000000053,25.34999999999718,,,0.0,,,,,,,,,,,,,,,,,,,,,,,,,,
amd-ryzen-5 · firefox|s2|077_threejs_i15,amd-ryzen-5 · firefox,s2,threejs,-,15,1572.0,30018.2,52.368229940502765,53.76344086021926,37.26152623211468,44.34136025649765,19.09554707379129,18.599999999998545,1.3047021725593875,20.90900000000001,22.579999999998634,46.780000000000655,1.0,0.001272264631043257,1.1999999999989086,1.7999999999995362,17.140000000003056,20.85159999999987,0.2400000000016007,,,0.0,,,,,,,,,,,,,,,,,,,,,,,,,,
amd-ryzen-5 · firefox|s2|078_r3f-ref-central_i15,amd-ryzen-5 · firefox,s2,r3f-ref-central,-,15,1626.0,30011.84,54.17861750562444,55.37098560353973,40.59471253869171,45.50766326576485,18.45746617466174,18.06000000000131,1.076435130959054,20.56000000000131,22.515000000000327,35.18000000000029,1.0,0.0006150061500615006,1.319999999999709,1.8999999999991815,16.459999999999127,20.460000000001855,0.2600000000002183,,,0.0,,,,,,,,,,,,,,,,,,,,,,,,,,
amd-ryzen-5 · firefox|s2|079_r3f-ref+parent-state_i15,amd-ryzen-5 · firefox,s2,r3f-ref+parent-state,-,15,1431.0,30004.98,47.69208311420305,53.41880341880269,12.31873856117132,16.790188854152376,20.967840670859527,18.720000000000255,9.802788458281318,22.669999999998254,67.6000000000004,100.91999999999916,1.0,0.039832285115303984,1.9000000000014552,2.4940000000001428,16.479999999999563,20.015999999997806,0.2600000000002183,,,0.0,,,,,,,,,,,,,,,,,,,,,,,,,,
amd-ryzen-5 · firefox|s2|080_r3f-ref_i15,amd-ryzen-5 · firefox,s2,r3f-ref,-,15,1511.0,30003.62,50.360589822161465,50.81300813008055,42.03093476798933,44.40076724525779,19.856796823295813,19.68000000000029,0.6837030534628464,21.039999999999964,22.979999999999563,24.579999999999927,1.0,0.0,1.9599999999991269,2.418000000000031,17.42000000000189,20.512000000000633,0.27999999999883585,,,0.0,,,,,,,,,,,,,,,,,,,,,,,,,,
amd-ryzen-5 · firefox|s3|003_threejs_i1,amd-ryzen-5 · firefox,s3,threejs,-,1,,,,,,,,,,,,,,,,,,,,,,,,,,442.9,813.44,370.5400000000001,266.0200000000001,,,,,,,,,,,,,,,,,,,
amd-ryzen-5 · firefox|s3|004_r3f_i1,amd-ryzen-5 · firefox,s3,r3f,-,1,,,,,,,,,,,,,,,,,,,,,,,,,,531.34,903.18,371.8399999999999,132.5,,,,,,,,,,,,,,,,,,,
amd-ryzen-5 · firefox|s3|005_threejs_i2,amd-ryzen-5 · firefox,s3,threejs,-,2,,,,,,,,,,,,,,,,,,,,,,,,,,386.56,692.48,305.92,193.34000000000003,,,,,,,,,,,,,,,,,,,
amd-ryzen-5 · firefox|s3|006_r3f_i2,amd-ryzen-5 · firefox,s3,r3f,-,2,,,,,,,,,,,,,,,,,,,,,,,,,,524.82,841.34,316.52,133.98000000000002,,,,,,,,,,,,,,,,,,,
amd-ryzen-5 · firefox|s3|007_threejs_i3,amd-ryzen-5 · firefox,s3,threejs,-,3,,,,,,,,,,,,,,,,,,,,,,,,,,393.82,688.4,294.58,190.95999999999998,,,,,,,,,,,,,,,,,,,
amd-ryzen-5 · firefox|s3|008_r3f_i3,amd-ryzen-5 · firefox,s3,r3f,-,3,,,,,,,,,,,,,,,,,,,,,,,,,,637.66,948.52,310.86,132.46000000000004,,,,,,,,,,,,,,,,,,,
amd-ryzen-5 · firefox|s3|009_threejs_i4,amd-ryzen-5 · firefox,s3,threejs,-,4,,,,,,,,,,,,,,,,,,,,,,,,,,410.84,715.94,305.1000000000001,196.80000000000007,,,,,,,,,,,,,,,,,,,
amd-ryzen-5 · firefox|s3|010_r3f_i4,amd-ryzen-5 · firefox,s3,r3f,-,4,,,,,,,,,,,,,,,,,,,,,,,,,,558.7,950.14,391.43999999999994,142.27999999999997,,,,,,,,,,,,,,,,,,,
amd-ryzen-5 · firefox|s3|011_threejs_i5,amd-ryzen-5 · firefox,s3,threejs,-,5,,,,,,,,,,,,,,,,,,,,,,,,,,382.74,691.64,308.9,212.47999999999996,,,,,,,,,,,,,,,,,,,
amd-ryzen-5 · firefox|s3|012_r3f_i5,amd-ryzen-5 · firefox,s3,r3f,-,5,,,,,,,,,,,,,,,,,,,,,,,,,,536.46,916.32,379.86,206.0200000000001,,,,,,,,,,,,,,,,,,,
amd-ryzen-5 · firefox|s3|013_r3f_i6,amd-ryzen-5 · firefox,s3,r3f,-,6,,,,,,,,,,,,,,,,,,,,,,,,,,503.78,925.68,421.9,164.55999999999995,,,,,,,,,,,,,,,,,,,
amd-ryzen-5 · firefox|s3|014_threejs_i6,amd-ryzen-5 · firefox,s3,threejs,-,6,,,,,,,,,,,,,,,,,,,,,,,,,,455.16,755.16,299.99999999999994,166.74,,,,,,,,,,,,,,,,,,,
amd-ryzen-5 · firefox|s3|015_r3f_i7,amd-ryzen-5 · firefox,s3,r3f,-,7,,,,,,,,,,,,,,,,,,,,,,,,,,497.22,937.46,440.24,152.10000000000002,,,,,,,,,,,,,,,,,,,
amd-ryzen-5 · firefox|s3|016_threejs_i7,amd-ryzen-5 · firefox,s3,threejs,-,7,,,,,,,,,,,,,,,,,,,,,,,,,,907.64,1270.5,362.86,206.74,,,,,,,,,,,,,,,,,,,
amd-ryzen-5 · firefox|s3|017_threejs_i8,amd-ryzen-5 · firefox,s3,threejs,-,8,,,,,,,,,,,,,,,,,,,,,,,,,,451.1,717.0,265.9,152.84000000000003,,,,,,,,,,,,,,,,,,,
amd-ryzen-5 · firefox|s3|018_r3f_i8,amd-ryzen-5 · firefox,s3,r3f,-,8,,,,,,,,,,,,,,,,,,,,,,,,,,545.34,880.98,335.64,136.51999999999998,,,,,,,,,,,,,,,,,,,
amd-ryzen-5 · firefox|s3|019_r3f_i9,amd-ryzen-5 · firefox,s3,r3f,-,9,,,,,,,,,,,,,,,,,,,,,,,,,,479.56,911.94,432.38000000000005,149.2600000000001,,,,,,,,,,,,,,,,,,,
amd-ryzen-5 · firefox|s3|020_threejs_i9,amd-ryzen-5 · firefox,s3,threejs,-,9,,,,,,,,,,,,,,,,,,,,,,,,,,409.5,704.82,295.32000000000005,197.50000000000006,,,,,,,,,,,,,,,,,,,
amd-ryzen-5 · firefox|s3|021_r3f_i10,amd-ryzen-5 · firefox,s3,r3f,-,10,,,,,,,,,,,,,,,,,,,,,,,,,,538.06,875.52,337.46000000000004,136.31999999999994,,,,,,,,,,,,,,,,,,,
amd-ryzen-5 · firefox|s3|022_threejs_i10,amd-ryzen-5 · firefox,s3,threejs,-,10,,,,,,,,,,,,,,,,,,,,,,,,,,443.34,704.52,261.18,141.31999999999994,,,,,,,,,,,,,,,,,,,
amd-ryzen-5 · firefox|s3|023_threejs_i11,amd-ryzen-5 · firefox,s3,threejs,-,11,,,,,,,,,,,,,,,,,,,,,,,,,,370.24,641.32,271.08000000000004,174.92000000000007,,,,,,,,,,,,,,,,,,,
amd-ryzen-5 · firefox|s3|024_r3f_i11,amd-ryzen-5 · firefox,s3,r3f,-,11,,,,,,,,,,,,,,,,,,,,,,,,,,484.2,799.98,315.78000000000003,140.92000000000007,,,,,,,,,,,,,,,,,,,
amd-ryzen-5 · firefox|s3|025_r3f_i12,amd-ryzen-5 · firefox,s3,r3f,-,12,,,,,,,,,,,,,,,,,,,,,,,,,,475.12,913.92,438.79999999999995,200.41999999999996,,,,,,,,,,,,,,,,,,,
amd-ryzen-5 · firefox|s3|026_threejs_i12,amd-ryzen-5 · firefox,s3,threejs,-,12,,,,,,,,,,,,,,,,,,,,,,,,,,400.82,654.02,253.2,154.71999999999997,,,,,,,,,,,,,,,,,,,
amd-ryzen-5 · firefox|s3|027_r3f_i13,amd-ryzen-5 · firefox,s3,r3f,-,13,,,,,,,,,,,,,,,,,,,,,,,,,,501.16,939.74,438.58,181.20000000000005,,,,,,,,,,,,,,,,,,,
amd-ryzen-5 · firefox|s3|028_threejs_i13,amd-ryzen-5 · firefox,s3,threejs,-,13,,,,,,,,,,,,,,,,,,,,,,,,,,381.1,730.76,349.65999999999997,154.53999999999996,,,,,,,,,,,,,,,,,,,
amd-ryzen-5 · firefox|s3|029_threejs_i14,amd-ryzen-5 · firefox,s3,threejs,-,14,,,,,,,,,,,,,,,,,,,,,,,,,,391.2,703.82,312.62000000000006,203.30000000000007,,,,,,,,,,,,,,,,,,,
amd-ryzen-5 · firefox|s3|030_r3f_i14,amd-ryzen-5 · firefox,s3,r3f,-,14,,,,,,,,,,,,,,,,,,,,,,,,,,507.48,921.9,414.41999999999996,150.67999999999995,,,,,,,,,,,,,,,,,,,
amd-ryzen-5 · firefox|s3|031_threejs_i15,amd-ryzen-5 · firefox,s3,threejs,-,15,,,,,,,,,,,,,,,,,,,,,,,,,,481.82,755.16,273.34,159.53999999999996,,,,,,,,,,,,,,,,,,,
amd-ryzen-5 · firefox|s3|032_r3f_i15,amd-ryzen-5 · firefox,s3,r3f,-,15,,,,,,,,,,,,,,,,,,,,,,,,,,473.2,893.48,420.28000000000003,217.65999999999997,,,,,,,,,,,,,,,,,,,
amd-ryzen-5 · firefox|s3|033_threejs_i16,amd-ryzen-5 · firefox,s3,threejs,-,16,,,,,,,,,,,,,,,,,,,,,,,,,,401.26,649.68,248.41999999999996,152.79999999999995,,,,,,,,,,,,,,,,,,,
amd-ryzen-5 · firefox|s3|034_r3f_i16,amd-ryzen-5 · firefox,s3,r3f,-,16,,,,,,,,,,,,,,,,,,,,,,,,,,522.16,915.2,393.0400000000001,146.74,,,,,,,,,,,,,,,,,,,
amd-ryzen-5 · firefox|s3|035_r3f_i17,amd-ryzen-5 · firefox,s3,r3f,-,17,,,,,,,,,,,,,,,,,,,,,,,,,,578.9,886.86,307.96000000000004,130.62,,,,,,,,,,,,,,,,,,,
amd-ryzen-5 · firefox|s3|036_threejs_i17,amd-ryzen-5 · firefox,s3,threejs,-,17,,,,,,,,,,,,,,,,,,,,,,,,,,487.74,736.96,249.22000000000003,140.9000000000001,,,,,,,,,,,,,,,,,,,
amd-ryzen-5 · firefox|s3|037_r3f_i18,amd-ryzen-5 · firefox,s3,r3f,-,18,,,,,,,,,,,,,,,,,,,,,,,,,,526.08,841.22,315.14,140.26,,,,,,,,,,,,,,,,,,,
amd-ryzen-5 · firefox|s3|038_threejs_i18,amd-ryzen-5 · firefox,s3,threejs,-,18,,,,,,,,,,,,,,,,,,,,,,,,,,415.9,796.44,380.5400000000001,279.62,,,,,,,,,,,,,,,,,,,
amd-ryzen-5 · firefox|s3|039_threejs_i19,amd-ryzen-5 · firefox,s3,threejs,-,19,,,,,,,,,,,,,,,,,,,,,,,,,,387.04,708.94,321.90000000000003,226.92000000000007,,,,,,,,,,,,,,,,,,,
amd-ryzen-5 · firefox|s3|040_r3f_i19,amd-ryzen-5 · firefox,s3,r3f,-,19,,,,,,,,,,,,,,,,,,,,,,,,,,534.96,948.68,413.7199999999999,154.0999999999999,,,,,,,,,,,,,,,,,,,
amd-ryzen-5 · firefox|s3|041_threejs_i20,amd-ryzen-5 · firefox,s3,threejs,-,20,,,,,,,,,,,,,,,,,,,,,,,,,,380.44,650.7,270.26000000000005,163.88000000000005,,,,,,,,,,,,,,,,,,,
amd-ryzen-5 · firefox|s3|042_r3f_i20,amd-ryzen-5 · firefox,s3,r3f,-,20,,,,,,,,,,,,,,,,,,,,,,,,,,523.58,838.68,315.0999999999999,129.12,,,,,,,,,,,,,,,,,,,
amd-ryzen-5 · firefox|s3|043_threejs_i21,amd-ryzen-5 · firefox,s3,threejs,-,21,,,,,,,,,,,,,,,,,,,,,,,,,,357.84,654.22,296.38000000000005,187.16000000000003,,,,,,,,,,,,,,,,,,,
amd-ryzen-5 · firefox|s3|044_r3f_i21,amd-ryzen-5 · firefox,s3,r3f,-,21,,,,,,,,,,,,,,,,,,,,,,,,,,552.4,872.9,320.5,135.41999999999996,,,,,,,,,,,,,,,,,,,
amd-ryzen-5 · firefox|s3|045_threejs_i22,amd-ryzen-5 · firefox,s3,threejs,-,22,,,,,,,,,,,,,,,,,,,,,,,,,,388.3,687.92,299.61999999999995,193.09999999999997,,,,,,,,,,,,,,,,,,,
amd-ryzen-5 · firefox|s3|046_r3f_i22,amd-ryzen-5 · firefox,s3,r3f,-,22,,,,,,,,,,,,,,,,,,,,,,,,,,510.7,838.64,327.94,136.5,,,,,,,,,,,,,,,,,,,
amd-ryzen-5 · firefox|s3|047_threejs_i23,amd-ryzen-5 · firefox,s3,threejs,-,23,,,,,,,,,,,,,,,,,,,,,,,,,,467.24,759.08,291.84000000000003,146.82000000000005,,,,,,,,,,,,,,,,,,,
amd-ryzen-5 · firefox|s3|048_r3f_i23,amd-ryzen-5 · firefox,s3,r3f,-,23,,,,,,,,,,,,,,,,,,,,,,,,,,576.14,898.46,322.32000000000005,135.01999999999998,,,,,,,,,,,,,,,,,,,
amd-ryzen-5 · firefox|s3|049_r3f_i24,amd-ryzen-5 · firefox,s3,r3f,-,24,,,,,,,,,,,,,,,,,,,,,,,,,,510.04,936.5,426.46,146.12,,,,,,,,,,,,,,,,,,,
amd-ryzen-5 · firefox|s3|050_threejs_i24,amd-ryzen-5 · firefox,s3,threejs,-,24,,,,,,,,,,,,,,,,,,,,,,,,,,392.82,719.02,326.2,171.62,,,,,,,,,,,,,,,,,,,
amd-ryzen-5 · firefox|s3|051_threejs_i25,amd-ryzen-5 · firefox,s3,threejs,-,25,,,,,,,,,,,,,,,,,,,,,,,,,,368.68,619.86,251.18,156.14,,,,,,,,,,,,,,,,,,,
amd-ryzen-5 · firefox|s3|052_r3f_i25,amd-ryzen-5 · firefox,s3,r3f,-,25,,,,,,,,,,,,,,,,,,,,,,,,,,558.04,877.58,319.5400000000001,135.84000000000003,,,,,,,,,,,,,,,,,,,
amd-ryzen-5 · firefox|s3|053_r3f_i26,amd-ryzen-5 · firefox,s3,r3f,-,26,,,,,,,,,,,,,,,,,,,,,,,,,,466.3,889.04,422.73999999999995,180.83999999999992,,,,,,,,,,,,,,,,,,,
amd-ryzen-5 · firefox|s3|054_threejs_i26,amd-ryzen-5 · firefox,s3,threejs,-,26,,,,,,,,,,,,,,,,,,,,,,,,,,480.72,720.44,239.72000000000003,137.6400000000001,,,,,,,,,,,,,,,,,,,
amd-ryzen-5 · firefox|s3|055_r3f_i27,amd-ryzen-5 · firefox,s3,r3f,-,27,,,,,,,,,,,,,,,,,,,,,,,,,,481.02,910.92,429.9,193.24,,,,,,,,,,,,,,,,,,,
amd-ryzen-5 · firefox|s3|056_threejs_i27,amd-ryzen-5 · firefox,s3,threejs,-,27,,,,,,,,,,,,,,,,,,,,,,,,,,421.22,769.74,348.52,211.46000000000004,,,,,,,,,,,,,,,,,,,
amd-ryzen-5 · firefox|s3|057_r3f_i28,amd-ryzen-5 · firefox,s3,r3f,-,28,,,,,,,,,,,,,,,,,,,,,,,,,,563.64,882.52,318.88,139.65999999999997,,,,,,,,,,,,,,,,,,,
amd-ryzen-5 · firefox|s3|058_threejs_i28,amd-ryzen-5 · firefox,s3,threejs,-,28,,,,,,,,,,,,,,,,,,,,,,,,,,444.26,833.76,389.5,288.24,,,,,,,,,,,,,,,,,,,
amd-ryzen-5 · firefox|s3|059_r3f_i29,amd-ryzen-5 · firefox,s3,r3f,-,29,,,,,,,,,,,,,,,,,,,,,,,,,,507.84,917.54,409.7,128.33999999999992,,,,,,,,,,,,,,,,,,,
amd-ryzen-5 · firefox|s3|060_threejs_i29,amd-ryzen-5 · firefox,s3,threejs,-,29,,,,,,,,,,,,,,,,,,,,,,,,,,415.24,728.16,312.91999999999996,183.07999999999993,,,,,,,,,,,,,,,,,,,
amd-ryzen-5 · firefox|s3|061_threejs_i30,amd-ryzen-5 · firefox,s3,threejs,-,30,,,,,,,,,,,,,,,,,,,,,,,,,,375.5,702.36,326.86,215.60000000000002,,,,,,,,,,,,,,,,,,,
amd-ryzen-5 · firefox|s3|062_r3f_i30,amd-ryzen-5 · firefox,s3,r3f,-,30,,,,,,,,,,,,,,,,,,,,,,,,,,545.88,841.48,295.6,121.24000000000001,,,,,,,,,,,,,,,,,,,
amd-ryzen-5 · firefox|s4|005_r3f-events_i1,amd-ryzen-5 · firefox,s4,r3f-events,-,1,,,,,,,,,,,,,,,,,14.920000000001892,,,,,,,,,,,,,,,79.0,43.0,36.0,0.0,0.0,28.020000000000437,36.229999999999016,28.383720930232474,31.900000000001455,7.400000000001455,4.260000000000218,1.4400000000023283,0.0,0.4599999999991269,0.45569620253164556,,
amd-ryzen-5 · firefox|s4|006_r3f-state_i1,amd-ryzen-5 · firefox,s4,r3f-state,-,1,,,,,,,,,,,,,,,,,13.919999999998254,,,,,,,,,,,,,,,78.0,42.0,36.0,0.0,0.0,53.030000000000655,64.2530000000037,53.98047619047615,54.10999999999967,9.44000000000051,28.659999999999854,27.100000000000364,0.0,0.36999999999898137,0.46153846153846156,,
amd-ryzen-5 · firefox|s4|007_threejs_i1,amd-ryzen-5 · firefox,s4,threejs,-,1,,,,,,,,,,,,,,,,,14.769999999998618,,,,,,,,,,,,,,,81.0,44.0,37.0,0.0,0.0,25.11999999999989,31.936999999997717,25.225454545454507,25.699999999999818,7.210000000000946,1.3099999999994907,0.0,0.0,0.4000000000014552,0.4567901234567901,,
amd-ryzen-5 · firefox|s4|008_r3f-ref_i1,amd-ryzen-5 · firefox,s4,r3f-ref,-,1,,,,,,,,,,,,,,,,,15.400000000001455,,,,,,,,,,,,,,,81.0,44.0,37.0,0.0,0.0,26.67999999999938,33.277000000001316,25.815454545454546,27.25,8.650000000000546,1.3400000000001455,0.0,0.0,0.4000000000014552,0.4567901234567901,,
amd-ryzen-5 · firefox|s4|009_r3f-state_i2,amd-ryzen-5 · firefox,s4,r3f-state,-,2,,,,,,,,,,,,,,,,,13.900000000001455,,,,,,,,,,,,,,,80.0,43.0,37.0,0.0,0.0,54.45999999999913,66.63399999999983,54.47441860465101,55.54000000000087,10.200000000000728,28.920000000000073,27.26000000000022,0.0,0.38000000000101863,0.4625,,
amd-ryzen-5 · firefox|s4|010_r3f-events_i2,amd-ryzen-5 · firefox,s4,r3f-events,-,2,,,,,,,,,,,,,,,,,14.739999999997963,,,,,,,,,,,,,,,82.0,45.0,37.0,0.0,0.0,29.279999999998836,40.39999999999999,29.99644444444451,33.42000000000007,8.799999999999272,4.379999999997381,1.5799999999981083,0.0,0.4599999999991269,0.45121951219512196,,
amd-ryzen-5 · firefox|s4|011_threejs_i2,amd-ryzen-5 · firefox,s4,threejs,-,2,,,,,,,,,,,,,,,,,15.359999999996944,,,,,,,,,,,,,,,85.0,47.0,38.0,0.0,0.0,26.380000000004657,35.4899999999996,26.76765957446791,27.18000000000029,9.059999999997672,1.2200000000011642,0.0,0.0,0.38000000000101863,0.4470588235294118,,
amd-ryzen-5 · firefox|s4|012_r3f-ref_i2,amd-ryzen-5 · firefox,s4,r3f-ref,-,2,,,,,,,,,,,,,,,,,15.819999999999709,,,,,,,,,,,,,,,85.0,47.0,38.0,0.0,0.0,26.68000000000029,35.01400000000031,27.143404255319087,27.69999999999709,8.56000000000131,1.360000000000582,0.0,0.0,0.4000000000014552,0.4470588235294118,,
amd-ryzen-5 · firefox|s4|013_r3f-state_i3,amd-ryzen-5 · firefox,s4,r3f-state,-,3,,,,,,,,,,,,,,,,,13.860000000000582,,,,,,,,,,,,,,,79.0,43.0,36.0,0.0,0.0,51.23999999999978,61.39200000000128,51.797674418604785,51.68000000000029,7.779999999998836,27.820000000003347,26.38000000000102,0.0,0.3600000000005821,0.45569620253164556,,
amd-ryzen-5 · firefox|s4|014_threejs_i3,amd-ryzen-5 · firefox,s4,threejs,-,3,,,,,,,,,,,,,,,,,15.799999999999272,,,,,,,,,,,,,,,84.0,47.0,37.0,0.0,0.0,25.24000000000069,39.183999999998555,26.477446808510475,26.020000000000437,6.900000000001455,1.2999999999992724,0.0,0.0,0.4000000000014552,0.44047619047619047,,
amd-ryzen-5 · firefox|s4|015_r3f-ref_i3,amd-ryzen-5 · firefox,s4,r3f-ref,-,3,,,,,,,,,,,,,,,,,15.700000000000728,,,,,,,,,,,,,,,83.0,46.0,37.0,0.0,0.0,26.80999999999949,34.66000000000167,27.27826086956595,27.510000000002037,9.780000000000655,1.319999999999709,0.0,0.0,0.41999999999916326,0.4457831325301205,,
amd-ryzen-5 · firefox|s4|016_r3f-events_i3,amd-ryzen-5 · firefox,s4,r3f-events,-,3,,,,,,,,,,,,,,,,,15.480000000000473,,,,,,,,,,,,,,,82.0,45.0,37.0,0.0,0.0,29.12000000000262,39.01200000000026,28.767111111111202,33.7599999999984,8.839999999998327,4.200000000004366,1.360000000000582,0.0,0.42000000000189175,0.45121951219512196,,
amd-ryzen-5 · firefox|s4|017_r3f-state_i4,amd-ryzen-5 · firefox,s4,r3f-state,-,4,,,,,,,,,,,,,,,,,13.920000000000982,,,,,,,,,,,,,,,80.0,42.0,38.0,0.0,0.0,52.04999999999745,63.17900000000281,52.22380952380984,52.919999999998254,9.450000000000728,27.680000000000746,26.209999999999127,0.0,0.37999999999829015,0.475,,
amd-ryzen-5 · firefox|s4|018_threejs_i4,amd-ryzen-5 · firefox,s4,threejs,-,4,,,,,,,,,,,,,,,,,15.139999999999418,,,,,,,,,,,,,,,83.0,43.0,40.0,0.0,0.0,24.799999999999272,39.0459999999999,25.97348837209308,25.099999999998545,8.920000000001892,1.2599999999983993,0.0,0.0,0.38000000000101863,0.4819277108433735,,
amd-ryzen-5 · firefox|s4|019_r3f-ref_i4,amd-ryzen-5 · firefox,s4,r3f-ref,-,4,,,,,,,,,,,,,,,,,15.979999999999563,,,,,,,,,,,,,,,84.0,43.0,41.0,0.0,0.0,25.099999999998545,36.25999999999949,26.568372093023353,26.139999999999418,8.100000000000364,1.319999999999709,0.0,0.0,0.42000000000007276,0.4880952380952381,,
amd-ryzen-5 · firefox|s4|020_r3f-events_i4,amd-ryzen-5 · firefox,s4,r3f-events,-,4,,,,,,,,,,,,,,,,,15.159999999999854,,,,,,,,,,,,,,,82.0,43.0,39.0,0.0,0.0,28.07999999999811,38.853999999999,28.601395348837265,32.29999999999927,6.880000000001019,4.479999999999563,1.5999999999985448,0.0,0.4599999999991269,0.47560975609756095,,
amd-ryzen-5 · firefox|s4|021_threejs_i5,amd-ryzen-5 · firefox,s4,threejs,-,5,,,,,,,,,,,,,,,,,15.639999999999418,,,,,,,,,,,,,,,83.0,48.0,35.0,0.0,0.0,24.649999999999636,35.72699999999913,25.498333333333544,25.280000000000655,6.780000000000655,1.2099999999991269,0.0,0.0,0.3999999999996362,0.42168674698795183,,
amd-ryzen-5 · firefox|s4|022_r3f-ref_i5,amd-ryzen-5 · firefox,s4,r3f-ref,-,5,,,,,,,,,,,,,,,,,15.639999999999418,,,,,,,,,,,,,,,83.0,49.0,34.0,0.0,0.0,24.81999999999971,36.09599999999991,26.243265306122172,25.979999999999563,7.299999999999272,1.3400000000001455,0.0,0.0,0.4000000000014552,0.40963855421686746,,
amd-ryzen-5 · firefox|s4|023_r3f-events_i5,amd-ryzen-5 · firefox,s4,r3f-events,-,5,,,,,,,,,,,,,,,,,15.510000000000218,,,,,,,,,,,,,,,80.0,48.0,32.0,0.0,0.0,31.980000000000018,38.838000000000555,30.364166666666694,34.44999999999891,11.589999999999236,4.520000000000437,1.4600000000000364,0.0,0.42000000000189175,0.4,,
amd-ryzen-5 · firefox|s4|024_r3f-state_i5,amd-ryzen-5 · firefox,s4,r3f-state,-,5,,,,,,,,,,,,,,,,,13.989999999999782,,,,,,,,,,,,,,,79.0,48.0,31.0,0.0,0.0,53.88999999999942,63.62499999999909,54.25041666666679,54.94000000000051,9.099999999999454,29.519999999999527,27.710000000000946,0.0,0.36999999999898137,0.3924050632911392,,
amd-ryzen-5 · firefox|s4|025_r3f-ref_i6,amd-ryzen-5 · firefox,s4,r3f-ref,-,6,,,,,,,,,,,,,,,,,15.609999999999673,,,,,,,,,,,,,,,82.0,42.0,40.0,0.0,0.0,26.590000000000146,35.29900000000289,27.25952380952406,27.96000000000049,9.43000000000211,1.4099999999998545,0.0,0.0,0.41999999999825377,0.4878048780487805,,
amd-ryzen-5 · firefox|s4|026_threejs_i6,amd-ryzen-5 · firefox,s4,threejs,-,6,,,,,,,,,,,,,,,,,15.819999999999709,,,,,,,,,,,,,,,82.0,42.0,40.0,0.0,0.0,24.659999999998035,33.631999999999785,25.250952380952207,25.50999999999931,6.7499999999990905,1.2399999999997817,0.0,0.0,0.40000000000009095,0.4878048780487805,,
amd-ryzen-5 · firefox|s4|027_r3f-state_i6,amd-ryzen-5 · firefox,s4,r3f-state,-,6,,,,,,,,,,,,,,,,,14.220000000001164,,,,,,,,,,,,,,,79.0,40.0,39.0,0.0,0.0,55.04999999999927,63.683999999999074,54.29900000000028,56.04000000000087,9.5600000000004,29.01000000000022,27.539999999999054,0.0,0.3800000000005639,0.4936708860759494,,
amd-ryzen-5 · firefox|s4|028_r3f-events_i6,amd-ryzen-5 · firefox,s4,r3f-events,-,6,,,,,,,,,,,,,,,,,15.38000000000011,,,,,,,,,,,,,,,80.0,41.0,39.0,0.0,0.0,29.860000000000582,38.039999999997235,29.44243902439083,32.31999999999971,10.30000000000291,4.3400000000001455,1.5200000000004366,0.0,0.4599999999991269,0.4875,,
amd-ryzen-5 · firefox|s4|029_threejs_i7,amd-ryzen-5 · firefox,s4,threejs,-,7,,,,,,,,,,,,,,,,,15.799999999999272,,,,,,,,,,,,,,,88.0,57.0,31.0,0.0,0.0,27.360000000000582,36.38000000000102,27.75403508771953,27.959999999999127,10.37999999999738,1.2600000000020373,0.0,0.0,0.41999999999825377,0.3522727272727273,,
amd-ryzen-5 · firefox|s4|030_r3f-ref_i7,amd-ryzen-5 · firefox,s4,r3f-ref,-,7,,,,,,,,,,,,,,,,,15.459999999999127,,,,,,,,,,,,,,,88.0,57.0,31.0,0.0,0.0,25.279999999998836,33.099999999999994,25.670877192982246,26.18000000000029,7.639999999999418,1.319999999999709,0.0,0.0,0.4000000000014552,0.3522727272727273,,
amd-ryzen-5 · firefox|s4|031_r3f-events_i7,amd-ryzen-5 · firefox,s4,r3f-events,-,7,,,,,,,,,,,,,,,,,15.180000000000291,,,,,,,,,,,,,,,85.0,55.0,30.0,0.0,0.0,28.599999999998545,38.61000000000022,28.831999999999724,32.19999999999709,8.540000000000873,4.180000000000291,1.3999999999996362,0.0,0.4399999999986903,0.35294117647058826,,
amd-ryzen-5 · firefox|s4|032_r3f-state_i7,amd-ryzen-5 · firefox,s4,r3f-state,-,7,,,,,,,,,,,,,,,,,13.720000000000255,,,,,,,,,,,,,,,83.0,52.0,31.0,0.0,0.0,51.3700000000008,67.61799999999874,53.183846153846176,52.13000000000102,7.809999999997672,28.610000000000582,26.98999999999978,0.0,0.3799999999996544,0.37349397590361444,,
amd-ryzen-5 · firefox|s4|033_r3f-ref_i8,amd-ryzen-5 · firefox,s4,r3f-ref,-,8,,,,,,,,,,,,,,,,,15.850000000004002,,,,,,,,,,,,,,,82.0,36.0,46.0,0.0,0.0,28.530000000000655,34.724999999999454,27.769999999999882,29.320000000001528,10.200000000000728,1.3800000000010186,0.0,0.0,0.41999999999825377,0.5609756097560976,,
amd-ryzen-5 · firefox|s4|034_threejs_i8,amd-ryzen-5 · firefox,s4,threejs,-,8,,,,,,,,,,,,,,,,,15.840000000000146,,,,,,,,,,,,,,,83.0,37.0,46.0,0.0,0.0,25.639999999999418,33.843999999999504,26.144864864865077,26.639999999999418,7.0600000000004,1.2799999999988358,0.0,0.0,0.41999999999825377,0.5542168674698795,,
amd-ryzen-5 · firefox|s4|035_r3f-events_i8,amd-ryzen-5 · firefox,s4,r3f-events,-,8,,,,,,,,,,,,,,,,,15.300000000000182,,,,,,,,,,,,,,,81.0,35.0,46.0,0.0,0.0,27.579999999999927,37.0200000000028,27.97428571428531,31.479999999999563,6.079999999998108,4.620000000002619,1.4400000000005093,0.0,0.4599999999991269,0.5679012345679012,,
amd-ryzen-5 · firefox|s4|036_r3f-state_i8,amd-ryzen-5 · firefox,s4,r3f-state,-,8,,,,,,,,,,,,,,,,,14.039999999999964,,,,,,,,,,,,,,,78.0,34.0,44.0,0.0,0.0,56.75999999999931,69.61099999999941,56.99705882352919,57.76000000000022,11.790000000000873,28.900000000000546,27.350000000000364,0.0,0.3800000000005639,0.5641025641025641,,
amd-ryzen-5 · firefox|s4|037_threejs_i9,amd-ryzen-5 · firefox,s4,threejs,-,9,,,,,,,,,,,,,,,,,15.280000000002474,,,,,,,,,,,,,,,82.0,47.0,35.0,0.0,0.0,28.279999999998836,35.199999999999996,27.33148936170222,28.639999999999418,10.319999999999709,1.2799999999988358,0.0,0.0,0.4000000000014552,0.4268292682926829,,
amd-ryzen-5 · firefox|s4|038_r3f-state_i9,amd-ryzen-5 · firefox,s4,r3f-state,-,9,,,,,,,,,,,,,,,,,13.720000000000255,,,,,,,,,,,,,,,79.0,46.0,33.0,0.0,0.0,53.189999999999145,61.54999999999973,53.820000000000285,54.279999999998836,9.170000000000528,29.50000000000182,28.0,0.0,0.37999999999919964,0.4177215189873418,,
amd-ryzen-5 · firefox|s4|039_r3f-events_i9,amd-ryzen-5 · firefox,s4,r3f-events,-,9,,,,,,,,,,,,,,,,,14.69999999999709,,,,,,,,,,,,,,,80.0,47.0,33.0,0.0,0.0,28.94000000000233,38.23799999999956,29.01999999999997,31.81999999999971,9.540000000000873,4.239999999999782,1.3999999999996362,0.0,0.4599999999991269,0.4125,,
amd-ryzen-5 · firefox|s4|040_r3f-ref_i9,amd-ryzen-5 · firefox,s4,r3f-ref,-,9,,,,,,,,,,,,,,,,,15.779999999998836,,,,,,,,,,,,,,,82.0,49.0,33.0,0.0,0.0,24.859999999998763,33.48399999999965,26.141632653061404,26.0,7.539999999999054,1.3800000000010186,0.0,0.0,0.41999999999825377,0.4024390243902439,,
amd-ryzen-5 · firefox|s4|041_r3f-events_i10,amd-ryzen-5 · firefox,s4,r3f-events,-,10,,,,,,,,,,,,,,,,,14.859999999998763,,,,,,,,,,,,,,,82.0,47.0,35.0,0.0,0.0,28.639999999999418,37.67400000000089,29.150638297871875,32.719999999997526,8.979999999999563,4.440000000002328,1.4599999999991269,0.0,0.4599999999991269,0.4268292682926829,,
amd-ryzen-5 · firefox|s4|042_r3f-state_i10,amd-ryzen-5 · firefox,s4,r3f-state,-,10,,,,,,,,,,,,,,,,,13.700000000004366,,,,,,,,,,,,,,,80.0,45.0,35.0,0.0,0.0,52.04000000000087,64.95599999999976,52.24799999999988,53.04000000000087,7.860000000000582,28.160000000001673,26.459999999999127,0.0,0.38000000000101863,0.4375,,
amd-ryzen-5 · firefox|s4|043_threejs_i10,amd-ryzen-5 · firefox,s4,threejs,-,10,,,,,,,,,,,,,,,,,15.5,,,,,,,,,,,,,,,83.0,48.0,35.0,0.0,0.0,27.089999999998327,33.20999999999981,27.259583333333353,27.979999999999563,9.279999999998836,1.2399999999988722,0.0,0.0,0.3999999999996362,0.42168674698795183,,
amd-ryzen-5 · firefox|s4|044_r3f-ref_i10,amd-ryzen-5 · firefox,s4,r3f-ref,-,10,,,,,,,,,,,,,,,,,15.819999999999709,,,,,,,,,,,,,,,84.0,49.0,35.0,0.0,0.0,25.700000000000728,35.659999999998384,26.691020408163205,26.720000000001164,7.6200000000008,1.4400000000005093,0.0,0.0,0.4000000000014552,0.4166666666666667,,
amd-ryzen-5 · firefox|s4|045_r3f-events_i11,amd-ryzen-5 · firefox,s4,r3f-events,-,11,,,,,,,,,,,,,,,,,15.05999999999949,,,,,,,,,,,,,,,82.0,42.0,40.0,0.0,0.0,26.920000000000528,39.039000000000854,28.782380952381224,32.30999999999949,7.300000000001091,4.459999999999127,1.4799999999977445,0.0,0.4399999999986903,0.4878048780487805,,
amd-ryzen-5 · firefox|s4|046_r3f-state_i11,amd-ryzen-5 · firefox,s4,r3f-state,-,11,,,,,,,,,,,,,,,,,14.040000000000873,,,,,,,,,,,,,,,79.0,41.0,38.0,0.0,0.0,51.23999999999796,62.79999999999927,53.26780487804886,52.220000000001164,8.5,27.979999999999563,26.55999999999949,0.0,0.38000000000101863,0.4810126582278481,,
amd-ryzen-5 · firefox|s4|047_r3f-ref_i11,amd-ryzen-5 · firefox,s4,r3f-ref,-,11,,,,,,,,,,,,,,,,,16.049999999997453,,,,,,,,,,,,,,,82.0,42.0,40.0,0.0,0.0,26.07999999999811,36.358000000001084,27.163809523809483,27.07999999999811,8.590000000001055,1.4399999999995998,0.0,0.0,0.41999999999825377,0.4878048780487805,,
amd-ryzen-5 · firefox|s4|048_threejs_i11,amd-ryzen-5 · firefox,s4,threejs,-,11,,,,,,,,,,,,,,,,,15.3700000000008,,,,,,,,,,,,,,,83.0,42.0,41.0,0.0,0.0,23.329999999996744,33.81200000000135,24.868571428571137,24.409999999998035,6.630000000001019,1.2200000000011642,0.0,0.0,0.3999999999987267,0.4939759036144578,,
amd-ryzen-5 · firefox|s4|049_r3f-ref_i12,amd-ryzen-5 · firefox,s4,r3f-ref,-,12,,,,,,,,,,,,,,,,,15.700000000000728,,,,,,,,,,,,,,,87.0,49.0,38.0,0.0,0.0,23.959999999999127,33.78400000000183,25.20612244897908,24.780000000000655,6.5,1.3400000000037835,0.0,0.0,0.38000000000101863,0.4367816091954023,,
amd-ryzen-5 · firefox|s4|050_r3f-events_i12,amd-ryzen-5 · firefox,s4,r3f-events,-,12,,,,,,,,,,,,,,,,,15.100000000000364,,,,,,,,,,,,,,,85.0,48.0,37.0,0.0,0.0,27.919999999998254,36.090999999999624,29.008333333333308,33.030000000000655,7.760000000002037,4.12000000000171,1.4000000000014552,0.0,0.43999999999687134,0.43529411764705883,,
amd-ryzen-5 · firefox|s4|051_r3f-state_i12,amd-ryzen-5 · firefox,s4,r3f-state,-,12,,,,,,,,,,,,,,,,,13.940000000002328,,,,,,,,,,,,,,,83.0,47.0,36.0,0.0,0.0,51.97999999999956,62.27999999999928,52.67574468085103,53.0,8.139999999999418,28.459999999999127,27.020000000004075,0.0,0.3600000000005821,0.43373493975903615,,
amd-ryzen-5 · firefox|s4|052_threejs_i12,amd-ryzen-5 · firefox,s4,threejs,-,12,,,,,,,,,,,,,,,,,15.729999999998654,,,,,,,,,,,,,,,87.0,50.0,37.0,0.0,0.0,27.18000000000211,34.430000000000106,27.133999999999798,27.50000000000182,9.69000000000051,1.3000000000010914,0.0,0.0,0.410000000000764,0.42528735632183906,,
amd-ryzen-5 · firefox|s4|053_r3f-state_i13,amd-ryzen-5 · firefox,s4,r3f-state,-,13,,,,,,,,,,,,,,,,,13.979999999999563,,,,,,,,,,,,,,,81.0,43.0,38.0,0.0,0.0,53.47999999999956,63.74399999999932,53.444186046511575,54.11999999999989,9.859999999996944,28.12000000000262,26.579999999999927,0.0,0.37999999999919964,0.4691358024691358,,
amd-ryzen-5 · firefox|s4|054_r3f-ref_i13,amd-ryzen-5 · firefox,s4,r3f-ref,-,13,,,,,,,,,,,,,,,,,15.900000000000546,,,,,,,,,,,,,,,84.0,46.0,38.0,0.0,0.0,24.600000000000364,35.39499999999771,26.232173913043287,25.670000000000073,7.800000000001091,1.4199999999991633,0.0,0.0,0.4099999999998545,0.4523809523809524,,
amd-ryzen-5 · firefox|s4|055_threejs_i13,amd-ryzen-5 · firefox,s4,threejs,-,13,,,,,,,,,,,,,,,,,15.960000000000036,,,,,,,,,,,,,,,84.0,45.0,39.0,0.0,0.0,28.94000000000233,35.67999999999956,27.462666666666884,29.5,10.760000000002037,1.180000000000291,0.0,0.0,0.4000000000014552,0.4642857142857143,,
amd-ryzen-5 · firefox|s4|056_r3f-events_i13,amd-ryzen-5 · firefox,s4,r3f-events,-,13,,,,,,,,,,,,,,,,,15.119999999998981,,,,,,,,,,,,,,,82.0,44.0,38.0,0.0,0.0,27.770000000000437,38.31399999999958,28.849545454545765,31.94999999999891,8.130000000001019,4.5899999999983265,1.6100000000010368,0.0,0.4400000000014188,0.4634146341463415,,
amd-ryzen-5 · firefox|s4|057_r3f-ref_i14,amd-ryzen-5 · firefox,s4,r3f-ref,-,14,,,,,,,,,,,,,,,,,15.600000000001273,,,,,,,,,,,,,,,79.0,44.0,35.0,0.0,0.0,25.729999999999563,35.17600000000021,26.619999999999973,26.830000000000382,8.480000000001382,1.3900000000003274,0.0,0.0,0.41999999999825377,0.4430379746835443,,
amd-ryzen-5 · firefox|s4|058_r3f-events_i14,amd-ryzen-5 · firefox,s4,r3f-events,-,14,,,,,,,,,,,,,,,,,15.090000000000146,,,,,,,,,,,,,,,79.0,44.0,35.0,0.0,0.0,28.999999999999545,38.03299999999927,28.95318181818212,32.05000000000109,8.99999999999909,4.399999999997817,1.4600000000027649,0.0,0.4399999999986903,0.4430379746835443,,
amd-ryzen-5 · firefox|s4|059_threejs_i14,amd-ryzen-5 · firefox,s4,threejs,-,14,,,,,,,,,,,,,,,,,15.360000000000582,,,,,,,,,,,,,,,80.0,45.0,35.0,0.0,0.0,27.07999999999811,36.684000000001106,26.4417777777778,27.840000000000146,8.700000000000728,1.2399999999979627,0.0,0.0,0.4000000000014552,0.4375,,
amd-ryzen-5 · firefox|s4|060_r3f-state_i14,amd-ryzen-5 · firefox,s4,r3f-state,-,14,,,,,,,,,,,,,,,,,13.700000000000728,,,,,,,,,,,,,,,77.0,43.0,34.0,0.0,0.0,49.36000000000058,58.60000000000054,50.90372093023249,50.30000000000109,7.0,27.760000000002037,26.139999999999418,0.0,0.38000000000010914,0.44155844155844154,,
amd-ryzen-5 · firefox|s4|061_r3f-state_i15,amd-ryzen-5 · firefox,s4,r3f-state,-,15,,,,,,,,,,,,,,,,,13.799999999999272,,,,,,,,,,,,,,,81.0,57.0,24.0,0.0,0.0,52.63999999999942,64.33599999999932,53.153684210526016,53.419999999998254,8.480000000003201,29.07999999999811,27.44000000000233,0.0,0.38000000000101863,0.2962962962962963,,
amd-ryzen-5 · firefox|s4|062_threejs_i15,amd-ryzen-5 · firefox,s4,threejs,-,15,,,,,,,,,,,,,,,,,15.43000000000211,,,,,,,,,,,,,,,85.0,60.0,25.0,0.0,0.0,26.589999999999236,34.57900000000081,26.756333333333213,27.460000000000946,9.670000000000528,1.2600000000002183,0.0,0.0,0.4000000000014552,0.29411764705882354,,
amd-ryzen-5 · firefox|s4|063_r3f-events_i15,amd-ryzen-5 · firefox,s4,r3f-events,-,15,,,,,,,,,,,,,,,,,14.56000000000131,,,,,,,,,,,,,,,83.0,58.0,25.0,0.0,0.0,27.650000000001455,36.97800000000002,28.615517241379354,31.650000000003274,8.529999999998836,4.299999999999272,1.360000000000582,0.0,0.4400000000014188,0.30120481927710846,,
amd-ryzen-5 · firefox|s4|064_r3f-ref_i15,amd-ryzen-5 · firefox,s4,r3f-ref,-,15,,,,,,,,,,,,,,,,,15.819999999999709,,,,,,,,,,,,,,,85.0,59.0,26.0,0.0,0.0,25.94000000000051,35.29800000000214,27.093220338983283,26.839999999999236,8.779999999999745,1.3000000000010914,0.0,0.0,0.4000000000014552,0.3058823529411765,,
amd-ryzen-5 · firefox|s4|065_r3f-events_i16,amd-ryzen-5 · firefox,s4,r3f-events,-,16,,,,,,,,,,,,,,,,,15.319999999999709,,,,,,,,,,,,,,,83.0,45.0,38.0,0.0,0.0,29.139999999999418,37.671999999999024,29.484888888888943,33.94000000000233,7.779999999998836,4.459999999999127,1.5199999999967986,0.0,0.4599999999991269,0.4578313253012048,,
amd-ryzen-5 · firefox|s4|066_r3f-ref_i16,amd-ryzen-5 · firefox,s4,r3f-ref,-,16,,,,,,,,,,,,,,,,,15.820000000000164,,,,,,,,,,,,,,,84.0,46.0,38.0,0.0,0.0,25.909999999999854,32.930000000001655,26.322608695652356,26.679999999998927,8.889999999999418,1.3500000000021828,0.0,0.0,0.4199999999987085,0.4523809523809524,,
amd-ryzen-5 · firefox|s4|067_r3f-state_i16,amd-ryzen-5 · firefox,s4,r3f-state,-,16,,,,,,,,,,,,,,,,,13.980000000001382,,,,,,,,,,,,,,,80.0,43.0,37.0,0.0,0.0,52.18000000000029,63.740000000001785,52.705116279069806,53.29999999999927,7.420000000001892,27.860000000000582,26.459999999999127,0.0,0.37999999999919964,0.4625,,
amd-ryzen-5 · firefox|s4|068_threejs_i16,amd-ryzen-5 · firefox,s4,threejs,-,16,,,,,,,,,,,,,,,,,15.760000000000218,,,,,,,,,,,,,,,84.0,46.0,38.0,0.0,0.0,26.24999999999818,33.71999999999889,25.873913043478197,26.8899999999976,8.559999999999945,1.1999999999989086,0.0,0.0,0.3999999999987267,0.4523809523809524,,
amd-ryzen-5 · firefox|s4|069_r3f-events_i17,amd-ryzen-5 · firefox,s4,r3f-events,-,17,,,,,,,,,,,,,,,,,14.920000000000073,,,,,,,,,,,,,,,82.0,48.0,34.0,0.0,0.0,28.909999999999854,38.18199999999879,29.152499999999577,33.37000000000171,8.399999999999181,4.5,1.5800000000017462,0.0,0.4600000000000364,0.4146341463414634,,
amd-ryzen-5 · firefox|s4|070_r3f-ref_i17,amd-ryzen-5 · firefox,s4,r3f-ref,-,17,,,,,,,,,,,,,,,,,15.599999999998545,,,,,,,,,,,,,,,83.0,49.0,34.0,0.0,0.0,26.099999999998545,34.584000000001105,26.442857142857175,27.019999999999527,9.44000000000051,1.3400000000001455,0.0,0.0,0.4000000000014552,0.40963855421686746,,
amd-ryzen-5 · firefox|s4|071_r3f-state_i17,amd-ryzen-5 · firefox,s4,r3f-state,-,17,,,,,,,,,,,,,,,,,14.109999999999673,,,,,,,,,,,,,,,80.0,46.0,34.0,0.0,0.0,52.81999999999971,62.98999999999978,52.30695652173909,53.51999999999862,7.829999999998108,28.24000000000069,26.61999999999898,0.0,0.38000000000010914,0.425,,
amd-ryzen-5 · firefox|s4|072_threejs_i17,amd-ryzen-5 · firefox,s4,threejs,-,17,,,,,,,,,,,,,,,,,15.919999999998254,,,,,,,,,,,,,,,84.0,49.0,35.0,0.0,0.0,27.44000000000051,36.65999999999985,27.30530612244872,27.7599999999984,8.599999999998545,1.2800000000024738,0.0,0.0,0.3999999999996362,0.4166666666666667,,
amd-ryzen-5 · firefox|s4|073_r3f-state_i18,amd-ryzen-5 · firefox,s4,r3f-state,-,18,,,,,,,,,,,,,,,,,14.100000000002183,,,,,,,,,,,,,,,78.0,45.0,33.0,0.0,0.0,53.1200000000008,61.784000000000006,51.79955555555585,53.48000000000138,7.440000000002328,27.479999999999563,25.979999999999563,0.0,0.37999999999919964,0.4230769230769231,,
amd-ryzen-5 · firefox|s4|074_r3f-ref_i18,amd-ryzen-5 · firefox,s4,r3f-ref,-,18,,,,,,,,,,,,,,,,,15.819999999999709,,,,,,,,,,,,,,,83.0,47.0,36.0,0.0,0.0,25.60000000000582,34.09400000000132,26.703829787234543,26.5,7.400000000001455,1.3999999999978172,0.0,0.0,0.4000000000014552,0.43373493975903615,,
amd-ryzen-5 · firefox|s4|075_r3f-events_i18,amd-ryzen-5 · firefox,s4,r3f-events,-,18,,,,,,,,,,,,,,,,,14.7599999999984,,,,,,,,,,,,,,,80.0,45.0,35.0,0.0,0.0,29.76000000000022,37.572000000000116,29.73466666666627,33.54000000000087,9.400000000000546,4.200000000000728,1.4199999999982538,0.0,0.42000000000189175,0.4375,,
amd-ryzen-5 · firefox|s4|076_threejs_i18,amd-ryzen-5 · firefox,s4,threejs,-,18,,,,,,,,,,,,,,,,,15.720000000000255,,,,,,,,,,,,,,,81.0,46.0,35.0,0.0,0.0,24.659999999999854,34.64499999999862,26.316521739130483,25.56999999999971,6.569999999999709,1.2400000000016007,0.0,0.0,0.4000000000014552,0.43209876543209874,,
amd-ryzen-5 · firefox|s4|077_r3f-ref_i19,amd-ryzen-5 · firefox,s4,r3f-ref,-,19,,,,,,,,,,,,,,,,,15.319999999999709,,,,,,,,,,,,,,,87.0,53.0,34.0,0.0,0.0,25.219999999999345,33.46799999999985,26.346792452830037,26.31999999999971,8.139999999999418,1.3400000000001455,0.0,0.0,0.41999999999825377,0.39080459770114945,,
amd-ryzen-5 · firefox|s4|078_r3f-state_i19,amd-ryzen-5 · firefox,s4,r3f-state,-,19,,,,,,,,,,,,,,,,,13.819999999999709,,,,,,,,,,,,,,,82.0,49.0,33.0,0.0,0.0,52.52000000000044,61.05599999999976,52.445306122448955,53.5,9.539999999997235,27.659999999999854,26.0600000000004,0.0,0.38000000000101863,0.4024390243902439,,
amd-ryzen-5 · firefox|s4|079_threejs_i19,amd-ryzen-5 · firefox,s4,threejs,-,19,,,,,,,,,,,,,,,,,15.520000000000437,,,,,,,,,,,,,,,87.0,53.0,34.0,0.0,0.0,26.4800000000032,35.5320000000007,27.030566037735795,27.5,9.400000000001455,1.2800000000006548,0.0,0.0,0.4000000000014552,0.39080459770114945,,
amd-ryzen-5 · firefox|s4|080_r3f-events_i19,amd-ryzen-5 · firefox,s4,r3f-events,-,19,,,,,,,,,,,,,,,,,15.479999999999563,,,,,,,,,,,,,,,85.0,51.0,34.0,0.0,0.0,28.599999999998545,40.18000000000029,29.779607843136954,33.840000000000146,8.219999999997526,4.599999999998545,1.5,0.0,0.4599999999991269,0.4,,
amd-ryzen-5 · firefox|s4|081_r3f-ref_i20,amd-ryzen-5 · firefox,s4,r3f-ref,-,20,,,,,,,,,,,,,,,,,15.80999999999949,,,,,,,,,,,,,,,85.0,48.0,37.0,0.0,0.0,27.42000000000189,35.383000000003626,27.277500000000202,28.25999999999931,9.380000000001019,1.4700000000002547,0.0,0.0,0.42000000000007276,0.43529411764705883,,
amd-ryzen-5 · firefox|s4|082_threejs_i20,amd-ryzen-5 · firefox,s4,threejs,-,20,,,,,,,,,,,,,,,,,15.739999999997963,,,,,,,,,,,,,,,85.0,49.0,36.0,0.0,0.0,27.73999999999978,36.043999999998775,27.466530612244725,28.639999999999418,9.780000000002474,1.2800000000006548,0.0,0.0,0.42000000000007276,0.4235294117647059,,
amd-ryzen-5 · firefox|s4|083_r3f-events_i20,amd-ryzen-5 · firefox,s4,r3f-events,-,20,,,,,,,,,,,,,,,,,15.030000000000655,,,,,,,,,,,,,,,83.0,48.0,35.0,0.0,0.0,27.860000000000582,37.90900000000056,28.9070833333336,33.35999999999967,7.709999999999127,4.289999999999054,1.430000000000291,0.0,0.42999999999938154,0.42168674698795183,,
amd-ryzen-5 · firefox|s4|084_r3f-state_i20,amd-ryzen-5 · firefox,s4,r3f-state,-,20,,,,,,,,,,,,,,,,,13.980000000001382,,,,,,,,,,,,,,,81.0,46.0,35.0,0.0,0.0,50.73999999999887,70.54500000000007,58.61304347826055,51.72999999999956,6.799999999997453,28.960000000000036,27.299999999999272,0.0,0.38000000000101863,0.43209876543209874,,
amd-ryzen-5 · firefox|s5|005_r3f-ref_i1,amd-ryzen-5 · firefox,s5,r3f-ref,-,1,,,,,,,,,,,,,,,,,,,,,,,,,,,,,,,,,,,,,,,,,,,,,,,2397.0,4781.0
amd-ryzen-5 · firefox|s5|006_r3f-ref-central_i1,amd-ryzen-5 · firefox,s5,r3f-ref-central,-,1,,,,,,,,,,,,,,,,,,,,,,,,,,,,,,,,,,,,,,,,,,,,,,,2436.0,4825.0
amd-ryzen-5 · firefox|s5|007_r3f-state_i1,amd-ryzen-5 · firefox,s5,r3f-state,-,1,,,,,,,,,,,,,,,,,,,,,,,,,,,,,,,,,,,,,,,,,,,,,,,664.0,1249.0
amd-ryzen-5 · firefox|s5|008_threejs_i1,amd-ryzen-5 · firefox,s5,threejs,-,1,,,,,,,,,,,,,,,,,,,,,,,,,,,,,,,,,,,,,,,,,,,,,,,2717.0,5139.0
amd-ryzen-5 · firefox|s5|009_r3f-ref_i2,amd-ryzen-5 · firefox,s5,r3f-ref,-,2,,,,,,,,,,,,,,,,,,,,,,,,,,,,,,,,,,,,,,,,,,,,,,,2356.0,4616.0
amd-ryzen-5 · firefox|s5|010_threejs_i2,amd-ryzen-5 · firefox,s5,threejs,-,2,,,,,,,,,,,,,,,,,,,,,,,,,,,,,,,,,,,,,,,,,,,,,,,2563.0,5045.0
amd-ryzen-5 · firefox|s5|011_r3f-ref-central_i2,amd-ryzen-5 · firefox,s5,r3f-ref-central,-,2,,,,,,,,,,,,,,,,,,,,,,,,,,,,,,,,,,,,,,,,,,,,,,,2462.0,4852.0
amd-ryzen-5 · firefox|s5|012_r3f-state_i2,amd-ryzen-5 · firefox,s5,r3f-state,-,2,,,,,,,,,,,,,,,,,,,,,,,,,,,,,,,,,,,,,,,,,,,,,,,672.0,1276.0
amd-ryzen-5 · firefox|s5|013_threejs_i3,amd-ryzen-5 · firefox,s5,threejs,-,3,,,,,,,,,,,,,,,,,,,,,,,,,,,,,,,,,,,,,,,,,,,,,,,2540.0,5036.0
amd-ryzen-5 · firefox|s5|014_r3f-state_i3,amd-ryzen-5 · firefox,s5,r3f-state,-,3,,,,,,,,,,,,,,,,,,,,,,,,,,,,,,,,,,,,,,,,,,,,,,,685.0,1251.0
amd-ryzen-5 · firefox|s5|015_r3f-ref-central_i3,amd-ryzen-5 · firefox,s5,r3f-ref-central,-,3,,,,,,,,,,,,,,,,,,,,,,,,,,,,,,,,,,,,,,,,,,,,,,,2436.0,4815.0
amd-ryzen-5 · firefox|s5|016_r3f-ref_i3,amd-ryzen-5 · firefox,s5,r3f-ref,-,3,,,,,,,,,,,,,,,,,,,,,,,,,,,,,,,,,,,,,,,,,,,,,,,2360.0,4756.0
amd-ryzen-5 · firefox|s5|017_threejs_i4,amd-ryzen-5 · firefox,s5,threejs,-,4,,,,,,,,,,,,,,,,,,,,,,,,,,,,,,,,,,,,,,,,,,,,,,,2712.0,5165.0
amd-ryzen-5 · firefox|s5|018_r3f-ref_i4,amd-ryzen-5 · firefox,s5,r3f-ref,-,4,,,,,,,,,,,,,,,,,,,,,,,,,,,,,,,,,,,,,,,,,,,,,,,2364.0,4703.0
amd-ryzen-5 · firefox|s5|019_r3f-state_i4,amd-ryzen-5 · firefox,s5,r3f-state,-,4,,,,,,,,,,,,,,,,,,,,,,,,,,,,,,,,,,,,,,,,,,,,,,,664.0,1274.0
amd-ryzen-5 · firefox|s5|020_r3f-ref-central_i4,amd-ryzen-5 · firefox,s5,r3f-ref-central,-,4,,,,,,,,,,,,,,,,,,,,,,,,,,,,,,,,,,,,,,,,,,,,,,,2478.0,4880.0
amd-ryzen-5 · firefox|s5|021_r3f-state_i5,amd-ryzen-5 · firefox,s5,r3f-state,-,5,,,,,,,,,,,,,,,,,,,,,,,,,,,,,,,,,,,,,,,,,,,,,,,695.0,1274.0
amd-ryzen-5 · firefox|s5|022_r3f-ref_i5,amd-ryzen-5 · firefox,s5,r3f-ref,-,5,,,,,,,,,,,,,,,,,,,,,,,,,,,,,,,,,,,,,,,,,,,,,,,2366.0,4669.0
amd-ryzen-5 · firefox|s5|023_r3f-ref-central_i5,amd-ryzen-5 · firefox,s5,r3f-ref-central,-,5,,,,,,,,,,,,,,,,,,,,,,,,,,,,,,,,,,,,,,,,,,,,,,,2445.0,4836.0
amd-ryzen-5 · firefox|s5|024_threejs_i5,amd-ryzen-5 · firefox,s5,threejs,-,5,,,,,,,,,,,,,,,,,,,,,,,,,,,,,,,,,,,,,,,,,,,,,,,2570.0,5023.0
amd-ryzen-5 · firefox|s5|025_r3f-ref_i6,amd-ryzen-5 · firefox,s5,r3f-ref,-,6,,,,,,,,,,,,,,,,,,,,,,,,,,,,,,,,,,,,,,,,,,,,,,,2337.0,4751.0
amd-ryzen-5 · firefox|s5|026_r3f-ref-central_i6,amd-ryzen-5 · firefox,s5,r3f-ref-central,-,6,,,,,,,,,,,,,,,,,,,,,,,,,,,,,,,,,,,,,,,,,,,,,,,2492.0,4903.0
amd-ryzen-5 · firefox|s5|027_threejs_i6,amd-ryzen-5 · firefox,s5,threejs,-,6,,,,,,,,,,,,,,,,,,,,,,,,,,,,,,,,,,,,,,,,,,,,,,,2701.0,5174.0
amd-ryzen-5 · firefox|s5|028_r3f-state_i6,amd-ryzen-5 · firefox,s5,r3f-state,-,6,,,,,,,,,,,,,,,,,,,,,,,,,,,,,,,,,,,,,,,,,,,,,,,655.0,1213.0
amd-ryzen-5 · firefox|s5|029_threejs_i7,amd-ryzen-5 · firefox,s5,threejs,-,7,,,,,,,,,,,,,,,,,,,,,,,,,,,,,,,,,,,,,,,,,,,,,,,2585.0,5032.0
amd-ryzen-5 · firefox|s5|030_r3f-state_i7,amd-ryzen-5 · firefox,s5,r3f-state,-,7,,,,,,,,,,,,,,,,,,,,,,,,,,,,,,,,,,,,,,,,,,,,,,,678.0,1215.0
amd-ryzen-5 · firefox|s5|031_r3f-ref-central_i7,amd-ryzen-5 · firefox,s5,r3f-ref-central,-,7,,,,,,,,,,,,,,,,,,,,,,,,,,,,,,,,,,,,,,,,,,,,,,,2540.0,4912.0
amd-ryzen-5 · firefox|s5|032_r3f-ref_i7,amd-ryzen-5 · firefox,s5,r3f-ref,-,7,,,,,,,,,,,,,,,,,,,,,,,,,,,,,,,,,,,,,,,,,,,,,,,2366.0,4721.0
amd-ryzen-5 · firefox|s5|033_threejs_i8,amd-ryzen-5 · firefox,s5,threejs,-,8,,,,,,,,,,,,,,,,,,,,,,,,,,,,,,,,,,,,,,,,,,,,,,,2572.0,5035.0
amd-ryzen-5 · firefox|s5|034_r3f-ref-central_i8,amd-ryzen-5 · firefox,s5,r3f-ref-central,-,8,,,,,,,,,,,,,,,,,,,,,,,,,,,,,,,,,,,,,,,,,,,,,,,2503.0,4924.0
amd-ryzen-5 · firefox|s5|035_r3f-ref_i8,amd-ryzen-5 · firefox,s5,r3f-ref,-,8,,,,,,,,,,,,,,,,,,,,,,,,,,,,,,,,,,,,,,,,,,,,,,,2371.0,4634.0
amd-ryzen-5 · firefox|s5|036_r3f-state_i8,amd-ryzen-5 · firefox,s5,r3f-state,-,8,,,,,,,,,,,,,,,,,,,,,,,,,,,,,,,,,,,,,,,,,,,,,,,667.0,1261.0
apple-m4 · chrome|s1|009_r3f-ref_A_i1,apple-m4 · chrome,s1,r3f-ref,A,1,5539.0,30000.92,184.62767141806552,182.98261703060507,129.17165740588626,145.85078302097511,5.416306192453835,5.4649999886751175,0.6659358478066508,6.385000005364418,7.064999997615814,11.615000009536743,0.0,0.0,0.004999995231628418,0.04500000178813934,5.38000001013279,6.923099993169307,0.06499999761581421,8.103749,9.540391480000002,5529.0,76.7366,100.9173,100.9173,,,,,,,,,,,,,,,,,,,,,,,
apple-m4 · chrome|s1|010_threejs_C_i1,apple-m4 · chrome,s1,threejs,C,1,3159.0,30008.79,105.26915613722879,105.26315789473684,95.37434429805988,99.95670664984245,9.499458689460765,9.5,0.20092887088994166,9.715000003576279,10.332100002467632,10.725000008940697,0.0,0.0,0.005000010132789612,0.034999996423721313,9.379999995231628,10.212100000083447,0.10999999940395355,5.92975,7.46810152,3157.0,126.4184,258.453,258.453,,,,,,,,,,,,,,,,,,,,,,,
apple-m4 · chrome|s1|011_threejs_D_i1,apple-m4 · chrome,s1,threejs,D,1,1558.0,30010.045,51.915950142716575,51.975051989543445,42.96332364022319,46.762316858551735,19.261903080864496,19.239999994635582,0.9315202533222059,20.734999999403954,21.790199998021134,25.87000000476837,0.9974326059050064,0.0,0.015000000596046448,0.06000000238418579,19.012500002980232,21.45085000440479,0.20499999821186066,25.291625000000003,28.475300000000015,1556.0,611.9496,628.8469,605.0461,,,,,,,,,,,,,,,,,,,,,,,
apple-m4 · chrome|s1|012_r3f-ref_B_i1,apple-m4 · chrome,s1,r3f-ref,B,1,1650.0,30012.975,54.97622278365699,55.355660123552624,47.66657233199272,48.95902368745889,18.189681818178205,18.064999997615814,0.887865216864754,19.636000005900858,20.72285000398755,21.87999999523163,0.9636363636363636,0.0,0.01000000536441803,0.040000006556510925,17.90999999642372,20.55264999449253,0.13999998569488525,21.095582999999998,21.85908223,1648.0,608.915,630.9403,619.5264,,,,,,,,,,,,,,,,,,,,,,,
apple-m4 · chrome|s1|013_threejs_A_i1,apple-m4 · chrome,s1,threejs,A,1,5484.0,30004.935,182.7699343457856,182.98261703060507,123.25390304311354,143.74826216749594,5.471359409190807,5.4649999886751175,0.6042639602262013,6.409249997138974,7.189999997615814,10.375,0.0,0.0,0.004999995231628418,0.04500000178813934,5.375,6.895849995017052,0.07500000298023224,8.026561999999998,9.58777859,5474.0,77.6078,86.7468,71.2123,,,,,,,,,,,,,,,,,,,,,,,
apple-m4 · chrome|s1|014_threejs_B_i1,apple-m4 · chrome,s1,threejs,B,1,1653.0,30013.795,55.07467482868799,55.57099192748079,47.75192872846251,49.48254533367834,18.157165759226732,17.99500000476837,0.8965278719920218,19.78499999642372,20.391600005626678,22.20499999821186,0.9425287356321839,0.0,0.01000000536441803,0.04500000178813934,17.820000007748604,20.19379999279976,0.1300000101327896,21.075374,21.834479,1651.0,594.0101,641.7118,603.0451,,,,,,,,,,,,,,,,,,,,,,,
apple-m4 · chrome|s1|015_r3f-ref_D_i1,apple-m4 · chrome,s1,r3f-ref,D,1,1560.0,30015.865,51.972515201527735,51.49330586549551,47.273128379213375,48.52481452860129,19.240939102570216,19.42000000178814,0.7558152145241542,20.254999995976686,20.948200002014637,21.65999999642372,0.9987179487179487,0.0,0.015000000596046448,0.05500000715255737,19.185000002384186,20.632300005257132,0.2150000035762787,25.320937,26.10216456,1558.0,627.0448,656.3973,610.0785,,,,,,,,,,,,,,,,,,,,,,,
apple-m4 · chrome|s1|016_r3f-ref_C_i1,apple-m4 · chrome,s1,r3f-ref,C,1,3170.0,30006.895,105.64238652484507,105.9883412556761,92.56632676028671,97.28375145434508,9.465897476339379,9.435000002384186,0.2511356797299309,9.844999998807907,10.626549998521805,11.57999999821186,0.0,0.0,0.005000010132789612,0.03154999971389743,9.314999997615814,10.511550003886223,0.10999999940395355,5.9214994999999995,7.489120279999999,3168.0,131.5914,271.1433,271.1433,,,,,,,,,,,,,,,,,,,,,,,
apple-m4 · chrome|s1|017_threejs_A_i2,apple-m4 · chrome,s1,threejs,A,2,5556.0,30002.79,185.18277800169736,184.8428836711737,132.46628129975292,149.36398979185748,5.400070194382947,5.409999996423721,0.5547812022296374,6.241249993443489,6.7772500038146966,10.394999995827675,0.0,0.0,0.004999995231628418,0.035000003129243853,5.329999998211861,6.6522500038146966,0.06499999761581421,7.9402075,9.24547225,5546.0,81.2473,86.5693,74.6685,,,,,,,,,,,,,,,,,,,,,,,
apple-m4 · chrome|s1|018_threejs_C_i2,apple-m4 · chrome,s1,threejs,C,2,3163.0,30008.335,105.4040485751939,105.59662075526597,93.78876351339025,98.55996407426275,9.487301612391224,9.470000013709068,0.23587630774539622,9.784999996423721,10.503799996376038,11.144999995827675,0.0,0.0,0.005000010132789612,0.034999996423721313,9.350000008940697,10.386899997889996,0.10999999940395355,5.921874,7.5057740000000015,3161.0,125.3828,258.2973,258.2973,,,,,,,,,,,,,,,,,,,,,,,
apple-m4 · chrome|s1|019_r3f-ref_B_i2,apple-m4 · chrome,s1,r3f-ref,B,2,1650.0,30002.73,54.994995455405906,54.652274902723065,47.38775026019831,48.90369252522325,18.183472727275255,18.297499999403954,0.9732521618579105,19.90999999642372,20.747650002539157,23.435000002384186,0.9309090909090909,0.0,0.01000000536441803,0.04500000178813934,18.140000000596046,20.59255000114441,0.13999998569488525,21.097811999999998,21.86790302,1648.0,623.6707,666.8785,619.4523,,,,,,,,,,,,,,,,,,,,,,,
apple-m4 · chrome|s1|020_r3f-ref_D_i2,apple-m4 · chrome,s1,r3f-ref,D,2,1561.0,30008.805,52.01806603094085,51.93456246417259,46.462644035826365,48.19068684195362,19.224090326718226,19.25499999523163,0.7991724317229555,20.319999992847443,21.030000001192093,24.32499998807907,0.9967969250480462,0.0,0.015000000596046448,0.056999999284744716,19.010000005364418,20.75200000107289,0.21000000834465027,25.312125,26.06727664,1559.0,627.0882,657.2266,615.2531,,,,,,,,,,,,,,,,,,,,,,,
apple-m4 · chrome|s1|021_threejs_B_i2,apple-m4 · chrome,s1,threejs,B,2,1651.0,30013.76,55.00810295010372,54.77951247664799,47.002144475392846,49.258124588688176,18.179139915206157,18.25499999523163,0.9126189349385636,19.67500000447035,20.837499998509884,23.484999999403954,0.9630526953361599,0.0,0.01000000536441803,0.040000006556510925,18.109999999403954,20.679999999701977,0.1300000101327896,21.09775,21.881529,1649.0,606.8486,637.4165,584.1832,,,,,,,,,,,,,,,,,,,,,,,
apple-m4 · chrome|s1|022_threejs_D_i2,apple-m4 · chrome,s1,threejs,D,2,1560.0,30004.35,51.992461093151825,52.13764335907625,45.28438594853431,47.51230446967992,19.233557692303872,19.180000007152557,0.8582468499729444,20.635250004380943,21.180250004231933,23.974999994039536,0.9974358974358974,0.0,0.015000000596046448,0.06000000238418579,18.95499999821186,20.88574999660254,0.20500001311302185,25.295395499999998,26.032410119999998,1558.0,600.0673,637.6826,592.6078,,,,,,,,,,,,,,,,,,,,,,,
apple-m4 · chrome|s1|023_r3f-ref_A_i2,apple-m4 · chrome,s1,r3f-ref,A,2,5490.0,30005.43,182.96688299413444,182.64840152821844,128.11843837424166,143.86600509441732,5.465469945356494,5.475000008940697,0.6754277386924847,6.495000004768372,7.106650002598758,11.0,0.0,0.0,0.004999995231628418,0.04499998852610588,5.394999995827675,6.979999989271164,0.07499998807907104,8.155729000000001,9.47090914,5480.0,76.5022,96.111,87.0117,,,,,,,,,,,,,,,,,,,,,,,
apple-m4 · chrome|s1|024_r3f-ref_C_i2,apple-m4 · chrome,s1,r3f-ref,C,2,3160.0,30000.715,105.33082294875949,105.82010578673349,88.38329840271862,95.50607642650502,9.493897151895151,9.450000002980232,0.37154970996156783,9.915250006318091,10.727050000876188,23.700000002980232,0.00031645569620253165,0.0,0.005000010132789612,0.030000001192092896,9.32999999821186,10.604099996238945,0.10999999940395355,5.9224575,7.488878189999999,3158.0,122.598,274.0174,256.7736,,,,,,,,,,,,,,,,,,,,,,,
apple-m4 · chrome|s1|025_threejs_D_i3,apple-m4 · chrome,s1,threejs,D,3,1562.0,30010.23,52.04891798562633,51.71967935552628,45.42219934297417,47.42477397335963,19.212695262486665,19.33499999344349,0.8815394427823985,20.669750002026557,21.183900003433227,24.04000000655651,0.9955185659411011,0.0,0.015000000596046448,0.05500000715255737,19.109999999403954,20.93365000620484,0.20499999821186066,25.240729,26.02460475,1560.0,607.9474,627.9954,596.808,,,,,,,,,,,,,,,,,,,,,,,
apple-m4 · chrome|s1|026_r3f-ref_A_i3,apple-m4 · chrome,s1,r3f-ref,A,3,5502.0,30003.27,183.38001157876343,183.31805688868894,129.86859661702985,144.38689388701098,5.45315703380513,5.454999998211861,0.6561302054065936,6.489750009030103,7.0798999983072255,10.745000004768372,0.0,0.0,0.004999995231628418,0.04500000178813934,5.365000009536743,6.945000007599592,0.06999999284744263,8.1146665,9.51303653,5492.0,81.2267,98.8677,97.4922,,,,,,,,,,,,,,,,,,,,,,,
apple-m4 · chrome|s1|027_r3f-ref_D_i3,apple-m4 · chrome,s1,r3f-ref,D,3,1551.0,30015.8,51.672785666220925,52.015604697531195,45.311744799276575,47.43204742769359,19.352546744034186,19.224999994039536,0.8347842451974796,20.719999998807907,21.075000002980232,25.309999987483025,0.9974210186976145,0.0,0.015000000596046448,0.05500000715255737,18.989999994635582,20.80749999731779,0.2150000035762787,25.492041,26.320048,1549.0,607.6015,646.1103,602.1574,,,,,,,,,,,,,,,,,,,,,,,
apple-m4 · chrome|s1|028_threejs_C_i3,apple-m4 · chrome,s1,threejs,C,3,3138.0,30009.07,104.56838549147801,104.71204191749385,93.53831299361991,97.23745886241176,9.563119821540104,9.549999997019768,0.24390475689607843,9.820000007748604,10.578149999976159,11.515000000596046,0.0,0.0,0.005000010132789612,0.030000001192092896,9.429999999701977,10.468150000572205,0.10999999940395355,5.922458,7.4785477,3136.0,120.1114,256.0672,242.8614,,,,,,,,,,,,,,,,,,,,,,,
apple-m4 · chrome|s1|029_threejs_B_i3,apple-m4 · chrome,s1,threejs,B,3,1650.0,30007.705,54.985877793723255,55.18763799995611,47.697834225469656,49.07064977064419,18.186487878786796,18.11999998986721,0.88827729347463,19.677750001102687,20.68265000462532,22.700000002980232,0.9593939393939394,0.0,0.01000000536441803,0.040000006556510925,17.96000000834465,20.515100000500677,0.13499999046325684,21.097666,21.86120578,1648.0,613.1914,637.1908,592.4167,,,,,,,,,,,,,,,,,,,,,,,
apple-m4 · chrome|s1|030_threejs_A_i3,apple-m4 · chrome,s1,threejs,A,3,5543.0,30001.56,184.7570592995684,185.87360611269784,130.97109110899714,146.46591494861295,5.412513079560235,5.379999995231628,0.6525010447278181,6.399499991536139,7.00999999910593,10.804999992251396,0.0,0.0,0.004999995231628418,0.04999999701976776,5.2850000113248825,6.875,0.06999999284744263,8.044999,9.389474320000001,5533.0,73.6868,86.1696,81.4667,,,,,,,,,,,,,,,,,,,,,,,
apple-m4 · chrome|s1|031_r3f-ref_C_i3,apple-m4 · chrome,s1,r3f-ref,C,3,3156.0,30003.88,105.18639589276235,105.48523202108453,92.58014902450496,97.45862663147597,9.506932826365695,9.480000004172325,0.24039904083712485,9.855000004172325,10.627249997854232,11.395000010728836,0.0,0.0,0.005000010132789612,0.034999996423721313,9.364999994635582,10.506750000268218,0.10500000417232513,5.934791,7.460960779999999,3154.0,130.2186,273.1829,260.7315,,,,,,,,,,,,,,,,,,,,,,,
apple-m4 · chrome|s1|032_r3f-ref_B_i3,apple-m4 · chrome,s1,r3f-ref,B,3,1651.0,30004.875,55.024391869654515,55.370985641920115,47.045678411488105,49.03719650881832,18.17375832828589,18.059999987483025,0.9079101225614498,19.552499994635582,20.68249999731779,24.234999999403954,0.9636583888552392,0.0,0.01000000536441803,0.040000006556510925,17.905000001192093,20.524999998509884,0.14000000059604645,21.084999,21.802176,1649.0,618.2209,662.9433,616.2515,,,,,,,,,,,,,,,,,,,,,,,
apple-m4 · chrome|s1|033_r3f-ref_C_i4,apple-m4 · chrome,s1,r3f-ref,C,4,3166.0,30004.725,105.51671445082829,105.93220324936962,88.80358651691985,96.68516739021291,9.477171509789653,9.440000012516975,0.37935702491722795,9.849999994039536,10.616750007867813,25.83500000834465,0.0003158559696778269,0.0,0.005000010132789612,0.034999996423721313,9.325000002980232,10.489999994635582,0.10999999940395355,5.915333,7.547964629999999,3164.0,132.772,269.6074,266.9465,,,,,,,,,,,,,,,,,,,,,,,
apple-m4 · chrome|s1|034_threejs_B_i4,apple-m4 · chrome,s1,threejs,B,4,1652.0,30003.585,55.06008698625649,54.80202766786364,47.32327713777601,49.281511620767105,18.161976392256868,18.247500002384186,0.9408929003075953,19.685000002384186,20.81744999527931,21.75500001013279,0.9515738498789347,0.0,0.01000000536441803,0.040000006556510925,18.100000008940697,20.634699998050927,0.1300000101327896,21.080061999999998,21.811122010000002,1650.0,613.6316,647.0745,587.1845,,,,,,,,,,,,,,,,,,,,,,,
apple-m4 · chrome|s1|035_threejs_D_i4,apple-m4 · chrome,s1,threejs,D,4,1555.0,30013.23,51.81048490948105,51.599587176323645,45.08227515497931,46.86934106322716,19.30111254019561,19.38000001013279,0.9467589075475944,20.921499989926815,21.464199996292592,25.359999999403954,0.9967845659163987,0.0,0.015000000596046448,0.05500000715255737,19.150000005960464,21.222299996614456,0.20499999821186066,25.288291,26.601557839999998,1553.0,609.7014,631.5611,605.9945,,,,,,,,,,,,,,,,,,,,,,,
apple-m4 · chrome|s1|036_r3f-ref_A_i4,apple-m4 · chrome,s1,r3f-ref,A,4,5509.0,30004.285,183.60710811807903,182.4817516858808,128.84937508826746,144.057874599819,5.446412234524673,5.480000004172325,0.6715822405075101,6.468000000715253,7.125,10.600000008940697,0.0,0.0,0.004999995231628418,0.040000006556510925,5.394999995827675,7.004999995231628,0.06499999761581421,8.123125,9.545532479999997,5499.0,77.9103,100.0912,76.4193,,,,,,,,,,,,,,,,,,,,,,,
apple-m4 · chrome|s1|037_threejs_A_i4,apple-m4 · chrome,s1,threejs,A,4,5488.0,30006.03,182.89657112253045,181.8181818181818,127.69278061485393,142.96895382207148,5.4675710641401585,5.5,0.7000260899991588,6.538249993324278,7.0999999940395355,10.935000002384186,0.0,0.0,0.004999995231628418,0.04500000178813934,5.415000006556511,6.990649995952845,0.06499999761581421,8.1961245,9.454015819999999,5478.0,69.6368,85.3765,70.8801,,,,,,,,,,,,,,,,,,,,,,,
apple-m4 · chrome|s1|038_r3f-ref_B_i4,apple-m4 · chrome,s1,r3f-ref,B,4,1651.0,30014.03,55.00760810860569,55.21811154240268,47.68788280270738,48.87672930892475,18.17930345245378,18.109999999403954,0.9260626655479154,19.700000002980232,20.75,22.575000002980232,0.9503331314354937,0.0,0.01000000536441803,0.040000006556510925,17.955000013113022,20.589999988675117,0.14000000059604645,21.096749,21.88053784,1649.0,617.5485,647.4433,608.1818,,,,,,,,,,,,,,,,,,,,,,,
apple-m4 · chrome|s1|039_threejs_C_i4,apple-m4 · chrome,s1,threejs,C,4,3124.0,30009.305,104.10104465934171,104.2752867181525,93.09449091527057,96.72349171633525,9.606051536489197,9.590000003576279,0.2500954162476122,9.889250001311302,10.60000000551343,11.875,0.0,0.0,0.005000010132789612,0.030000001192092896,9.474999994039536,10.488849995732307,0.10999999940395355,5.9276035,7.46538229,3122.0,102.7163,256.2018,247.5539,,,,,,,,,,,,,,,,,,,,,,,
apple-m4 · chrome|s1|040_r3f-ref_D_i4,apple-m4 · chrome,s1,r3f-ref,D,4,1560.0,30009.0,51.98440467859642,52.287581699346404,45.360388284596674,47.576495993128596,19.236538461538462,19.125,0.8802803682944489,20.655000001192093,21.011400007456544,25.79500000178814,0.9948717948717949,0.0,0.015000000596046448,0.05500000715255737,18.885000005364418,20.75320000305772,0.2149999886751175,25.3162915,26.056489560000003,1558.0,629.3356,642.4967,601.7311,,,,,,,,,,,,,,,,,,,,,,,
apple-m4 · chrome|s1|041_r3f-ref_D_i5,apple-m4 · chrome,s1,r3f-ref,D,5,1561.0,30014.485,52.00822203013082,52.08333332524894,45.497285326914714,47.61323403727146,19.227729019858682,19.200000002980232,0.8234253719115948,20.615000009536743,21.074000000953678,23.060000002384186,0.9961563100576554,0.0,0.015000000596046448,0.05500000715255737,18.95999999344349,20.83199999928475,0.21000000834465027,25.332375,26.11848378,1559.0,621.2486,647.5472,599.9787,,,,,,,,,,,,,,,,,,,,,,,
apple-m4 · chrome|s1|042_threejs_B_i5,apple-m4 · chrome,s1,threejs,B,5,1651.0,30005.215,55.02376836825876,54.92996430091856,47.26945063835563,49.13401302223317,18.17396426408454,18.20499999821186,0.933178335176573,19.660000003874302,20.819999992847443,23.225000008940697,0.9557843731072078,0.0,0.01000000536441803,0.040000006556510925,18.04000000655651,20.66999999433756,0.13499999046325684,21.08725,22.20804452,1649.0,605.4344,635.964,603.452,,,,,,,,,,,,,,,,,,,,,,,
apple-m4 · chrome|s1|043_r3f-ref_C_i5,apple-m4 · chrome,s1,r3f-ref,C,5,3097.0,30001.48,103.2282407401604,103.41261632007071,88.43036109452531,95.87011467396158,9.687271553112454,9.67000000178814,0.3405411812190139,9.970999997854232,10.664999992251396,23.625,0.00032289312237649337,0.0,0.005000010132789612,0.030000001192092896,9.549999997019768,10.53999999165535,0.10999999940395355,5.957416,7.56269802,3095.0,112.9718,266.4418,249.3381,,,,,,,,,,,,,,,,,,,,,,,
apple-m4 · chrome|s1|044_threejs_C_i5,apple-m4 · chrome,s1,threejs,C,5,3151.0,30000.345,105.03212546389467,105.15247102375585,94.24784142843329,98.72785697270423,9.520896540780326,9.510000005364418,0.21375939023704685,9.765000000596046,10.495000004768372,10.819999992847443,0.0,0.0,0.005000010132789612,0.034999996423721313,9.390000000596046,10.385000005364418,0.10999999940395355,5.927833,7.469875,3149.0,121.4207,257.9719,249.3525,,,,,,,,,,,,,,,,,,,,,,,
apple-m4 · chrome|s1|045_threejs_D_i5,apple-m4 · chrome,s1,threejs,D,5,1561.0,30010.49,52.01514537084463,51.706308160035356,44.86316734241339,47.36487348180462,19.225169762969017,19.34000000357628,0.9096905575887339,20.660000011324883,21.113999995589257,26.825000002980232,0.9935938500960922,0.0,0.015000000596046448,0.05500000715255737,19.109999999403954,20.861999994516374,0.20499999821186066,25.258874,26.03243736,1559.0,623.6824,646.4134,602.7948,,,,,,,,,,,,,,,,,,,,,,,
apple-m4 · chrome|s1|046_r3f-ref_A_i5,apple-m4 · chrome,s1,r3f-ref,A,5,5443.0,30000.33,181.43133758854054,182.14936216081753,120.38254899892708,137.11266931072097,5.511726988795354,5.490000009536743,0.7384555852443353,6.734499999880789,7.5878999993205065,11.340000003576279,0.0,0.0,0.004999995231628418,0.04500000178813934,5.394999995827675,7.362899996638298,0.07500000298023224,8.135875,10.294927880000001,5433.0,81.6054,97.7532,92.1641,,,,,,,,,,,,,,,,,,,,,,,
apple-m4 · chrome|s1|047_r3f-ref_B_i5,apple-m4 · chrome,s1,r3f-ref,B,5,1649.0,30002.015,54.96297498684562,55.309734518744555,47.50523299731363,49.225154052470906,18.19406610066743,18.07999999821186,0.86854159915193,19.540000000596045,20.6426000058651,22.810000002384186,0.9636143117040631,0.0,0.01000000536441803,0.04259999632835379,17.92000000178814,20.485600006580352,0.14000000059604645,21.109249,21.882009999999998,1647.0,620.9343,654.4021,602.8059,,,,,,,,,,,,,,,,,,,,,,,
apple-m4 · chrome|s1|048_threejs_A_i5,apple-m4 · chrome,s1,threejs,A,5,5542.0,30002.885,184.71556985275788,185.52875693681193,130.63667567119623,146.63649236878334,5.413728798266052,5.3900000005960464,0.6476817068238356,6.36999998986721,7.024999991059303,11.015000000596046,0.0,0.0,0.004999995231628418,0.04500000178813934,5.290000006556511,6.899999999850988,0.06999999284744263,8.0327705,9.35357374999999,5532.0,69.2495,87.2684,73.2674,,,,,,,,,,,,,,,,,,,,,,,
apple-m4 · chrome|s1|049_threejs_B_i6,apple-m4 · chrome,s1,threejs,B,6,1651.0,30014.965,55.00589455959064,55.03577324719804,47.89917223866898,49.724393451004744,18.179869775895565,18.17000000178814,0.8795236995608338,19.60750000178814,20.72750000655651,21.044999986886978,0.9624470018170805,0.0,0.01000000536441803,0.04500000178813934,18.019999995827675,20.509999997913837,0.13499999046325684,21.105666,21.888583999999998,1649.0,614.42,637.0231,616.2406,,,,,,,,,,,,,,,,,,,,,,,
apple-m4 · chrome|s1|050_r3f-ref_B_i6,apple-m4 · chrome,s1,r3f-ref,B,6,1650.0,30003.005,54.99449138512166,55.21811154240268,47.39196113658379,49.016677625941924,18.183639393936502,18.109999999403954,0.8912294915025752,19.646000003069638,20.770000003427267,23.21500000357628,0.9624242424242424,0.0,0.01000000536441803,0.040000006556510925,17.95499999821186,20.612550004571677,0.13500000536441803,21.0942495,21.85548824,1648.0,612.5429,636.1403,616.6138,,,,,,,,,,,,,,,,,,,,,,,
apple-m4 · chrome|s1|051_threejs_D_i6,apple-m4 · chrome,s1,threejs,D,6,1532.0,30000.23,51.06627515855001,51.34129125547042,42.338197522801366,44.060014376671454,19.582395561360425,19.47749999165535,1.1682384028549204,21.864999994635582,22.95190000116825,24.805000007152557,0.9954308093994778,0.0,0.015000000596046448,0.05500000715255737,19.25,22.77725000947714,0.20000000298023224,25.393562,29.81311493,1530.0,609.5903,638.2225,604.0804,,,,,,,,,,,,,,,,,,,,,,,
apple-m4 · chrome|s1|052_r3f-ref_C_i6,apple-m4 · chrome,s1,r3f-ref,C,6,3108.0,30005.965,103.57940496168588,103.68066360109792,91.81784523845036,96.6909849655274,9.654428893175249,9.644999995827675,0.24426486433516226,9.965000003576279,10.700000002980232,12.03999999165535,0.0,0.0,0.005000010132789612,0.034649996757506504,9.519999995827675,10.584649993777274,0.10999999940395355,5.9410205000000005,7.483493699999998,3106.0,117.017,271.6028,259.2839,,,,,,,,,,,,,,,,,,,,,,,
apple-m4 · chrome|s1|053_threejs_A_i6,apple-m4 · chrome,s1,threejs,A,6,5592.0,30002.43,186.38490282291949,186.21973938537806,130.83711967879754,146.5524713028023,5.365241416307628,5.369999997317791,0.6566118290551508,6.3599999994039536,7.019999997168779,10.254999995231628,0.0,0.0,0.004999995231628418,0.04500000178813934,5.279999986290932,6.890900001078846,0.06499999761581421,7.9837285,9.25075704,5582.0,69.2748,83.8679,78.2557,,,,,,,,,,,,,,,,,,,,,,,
apple-m4 · chrome|s1|054_threejs_C_i6,apple-m4 · chrome,s1,threejs,C,6,3153.0,30007.27,105.07453693717798,105.20778542889741,94.65215334492905,96.02593311159202,9.517053599749676,9.504999995231628,0.4041675064166725,10.325000002980232,10.462400006055832,10.944999992847443,0.0,0.0,0.005000010132789612,0.034999996423721313,9.379999995231628,10.347400003671646,0.10999999940395355,5.943625,7.484353499999999,3151.0,114.8383,252.0793,242.8288,,,,,,,,,,,,,,,,,,,,,,,
apple-m4 · chrome|s1|055_r3f-ref_D_i6,apple-m4 · chrome,s1,r3f-ref,D,6,1562.0,30010.62,52.048241589161684,51.988562517857424,45.84071878263751,47.55198712345195,19.212944942375074,19.234999999403954,0.8551454477386023,20.680000007152557,21.098900009989737,23.96500000357628,0.9974391805377721,0.0,0.015000000596046448,0.05499999225139618,18.99500000476837,20.84999999985099,0.21000000834465027,25.2749995,26.05162584,1560.0,609.9228,645.2048,601.4136,,,,,,,,,,,,,,,,,,,,,,,
apple-m4 · chrome|s1|056_r3f-ref_A_i6,apple-m4 · chrome,s1,r3f-ref,A,6,5559.0,30001.14,185.29295886755935,186.04651162790697,130.29007309762744,145.976169514599,5.3968591473287635,5.375,0.6582473239910543,6.4000000059604645,6.997100002765656,10.909999996423721,0.0,0.0,0.004999995231628418,0.04500000178813934,5.274999991059303,6.8599999994039536,0.07000000774860382,8.021833,9.351574679999999,5549.0,81.9536,94.8802,74.3845,,,,,,,,,,,,,,,,,,,,,,,
apple-m4 · chrome|s1|057_threejs_C_i7,apple-m4 · chrome,s1,threejs,C,7,3148.0,30008.15,104.90483418669177,105.09721491722094,92.89224500858008,97.00309853160717,9.532449174080673,9.515000000596046,0.2502570760202455,9.813249999284743,10.57264999821782,11.404999986290932,0.0,0.0,0.005000010132789612,0.034999996423721313,9.390000000596046,10.442650002986191,0.10999999940395355,5.9252705,7.4699677499999995,3146.0,120.3743,259.1139,245.8802,,,,,,,,,,,,,,,,,,,,,,,
apple-m4 · chrome|s1|058_r3f-ref_C_i7,apple-m4 · chrome,s1,r3f-ref,C,7,3117.0,30005.535,103.88083398614194,104.00416006324899,92.71859904807584,97.04482844870067,9.62641482194303,9.615000009536743,0.23510957382937678,9.930000007152557,10.598399995565416,11.480000004172325,0.0,0.0,0.005000010132789612,0.034999996423721313,9.49499998986721,10.484200000166894,0.10999999940395355,5.940833,7.457889380000001,3115.0,117.8754,267.2321,264.5694,,,,,,,,,,,,,,,,,,,,,,,
apple-m4 · chrome|s1|059_threejs_B_i7,apple-m4 · chrome,s1,threejs,B,7,1651.0,30015.81,55.00434604296432,55.29444292853407,47.52639942951492,49.33874053738536,18.180381586918465,18.08499999344349,0.8859972669173368,19.519999995827675,20.695000007748604,22.924999997019768,0.9594185342216839,0.0,0.01000000536441803,0.040000006556510925,17.935000002384186,20.547499999403954,0.13499999046325684,21.090249,21.88886784,1649.0,596.5481,639.835,583.3477,,,,,,,,,,,,,,,,,,,,,,,
apple-m4 · chrome|s1|060_r3f-ref_D_i7,apple-m4 · chrome,s1,r3f-ref,D,7,1563.0,30016.74,52.070944413026844,52.42463957241218,46.087196978958715,47.86068858106967,19.204568138192347,19.075000002980232,0.8371718913587602,20.56500001102686,20.875699999332426,25.680000007152557,0.9980806142034548,0.0,0.015000000596046448,0.06000000238418579,18.849999994039536,20.640700005590915,0.21000000834465027,25.293,26.0297248,1561.0,615.6507,649.3349,603.1943,,,,,,,,,,,,,,,,,,,,,,,
apple-m4 · chrome|s1|061_r3f-ref_A_i7,apple-m4 · chrome,s1,r3f-ref,A,7,5559.0,30002.295,185.28582563432792,185.52875693681193,130.71584752161428,146.7230959140445,5.397066918510845,5.3900000005960464,0.6551650877335061,6.380500008165834,6.977100000679493,11.54500000178814,0.0,0.0,0.004999995231628418,0.04500000178813934,5.295000001788139,6.86500000089407,0.06999999284744263,8.042375,9.302508999999997,5549.0,78.2955,94.9361,92.2277,,,,,,,,,,,,,,,,,,,,,,,
apple-m4 · chrome|s1|062_threejs_A_i7,apple-m4 · chrome,s1,threejs,A,7,5522.0,30005.045,184.03571799350453,183.31805688868894,129.97294197629964,145.4407486985639,5.433727816006318,5.454999998211861,0.668504873624993,6.430000007152557,6.98894999563694,10.379999995231628,0.0,0.0,0.004999995231628418,0.04500000178813934,5.355000004172325,6.877899997234344,0.06999999284744263,8.1236665,9.332067740000001,5512.0,70.4547,86.402,73.0764,,,,,,,,,,,,,,,,,,,,,,,
apple-m4 · chrome|s1|063_r3f-ref_B_i7,apple-m4 · chrome,s1,r3f-ref,B,7,1651.0,30008.28,55.018148324393614,55.32503456902454,47.17120197944975,48.69459875937199,18.175820714719073,18.075000002980232,0.950030051404584,19.74499999731779,20.707500003278255,24.299999997019768,0.9509388249545729,0.0,0.01000000536441803,0.044999994337558746,17.91499999165535,20.549999997019768,0.14000000059604645,21.082624,21.86219816,1649.0,617.0504,645.853,608.9744,,,,,,,,,,,,,,,,,,,,,,,
apple-m4 · chrome|s1|064_threejs_D_i7,apple-m4 · chrome,s1,threejs,D,7,1561.0,30001.7,52.03038494484796,51.49330586549551,45.789642385892336,47.71751232688482,19.219538757208827,19.42000000178814,0.8208641741237583,20.474999994039536,21.055000004172328,24.62999999523163,0.9980781550288277,0.0,0.015000000596046448,0.056999999284744716,19.189999997615814,20.778999993205073,0.20499999821186066,25.247624,26.09123678,1559.0,595.9312,619.5331,592.4548,,,,,,,,,,,,,,,,,,,,,,,
apple-m4 · chrome|s1|065_threejs_A_i8,apple-m4 · chrome,s1,threejs,A,8,5494.0,30002.51,183.1180124596824,184.2468907628984,117.31097182751714,137.7690959715275,5.460959228247263,5.427500002086163,0.7371715291137945,6.659999996423721,7.538150010406958,11.415000006556511,0.0,0.0,0.004999995231628418,0.04999999701976776,5.342500001192093,7.285349996089934,0.06999999284744263,8.0793535,10.29173497,5484.0,77.2062,86.5655,74.3798,,,,,,,,,,,,,,,,,,,,,,,
apple-m4 · chrome|s1|066_threejs_C_i8,apple-m4 · chrome,s1,threejs,C,8,3143.0,30008.79,104.73597902478951,104.71204191749385,95.24541055991082,100.48450170713309,9.547817371939725,9.549999997019768,0.1732237095744568,9.745000004768372,10.04500000178814,11.254999995231628,0.0,0.0,0.009999990463256836,0.030000001192092896,9.429999992251396,9.909999996423721,0.10999999940395355,5.935374,7.4733832,3141.0,103.7597,257.491,257.491,,,,,,,,,,,,,,,,,,,,,,,
apple-m4 · chrome|s1|067_threejs_B_i8,apple-m4 · chrome,s1,threejs,B,8,1653.0,30012.865,55.07638141175375,54.809536889853305,47.82257823790138,50.02669107220455,18.15660314580129,18.24499998986721,0.8145939404020106,19.490000009536743,20.18740000009537,22.15999999642372,0.9661222020568663,0.0,0.01000000536441803,0.04500000178813934,18.094999998807907,20.022200000882147,0.1300000101327896,21.071625,21.846228500000002,1651.0,602.8624,636.9779,595.9064,,,,,,,,,,,,,,,,,,,,,,,
apple-m4 · chrome|s1|068_r3f-ref_C_i8,apple-m4 · chrome,s1,r3f-ref,C,8,3105.0,30001.325,103.49542895187767,103.51966877538459,93.10427678350466,98.47115588896611,9.662262479872135,9.659999996423721,0.18823492667587677,9.894999995827675,10.440599993467336,11.230000004172325,0.0,0.0,0.005000010132789612,0.030000001192092896,9.534999996423721,10.175000011324883,0.10999999940395355,5.943374,7.511513819999999,3103.0,117.6374,268.9806,261.4504,,,,,,,,,,,,,,,,,,,,,,,
apple-m4 · chrome|s1|069_r3f-ref_D_i8,apple-m4 · chrome,s1,r3f-ref,D,8,1561.0,30000.3,52.03281300520845,52.04267498380853,45.23590524398696,47.52793789767364,19.21864189621846,19.21500000357628,0.8612695871809922,20.640000000596046,20.997000002861025,27.734999999403954,0.9967969250480462,0.0,0.015000000596046448,0.05500000715255737,18.969999998807907,20.75400000214577,0.21000000834465027,25.289208,26.0366775,1559.0,629.2084,647.8855,606.1161,,,,,,,,,,,,,,,,,,,,,,,
apple-m4 · chrome|s1|070_r3f-ref_A_i8,apple-m4 · chrome,s1,r3f-ref,A,8,5585.0,30002.395,186.15180554745723,186.56716419985125,131.16317891756776,146.85253952526327,5.3719597135202735,5.3599999994039536,0.6465907016460106,6.3599999994039536,6.980800003409385,10.304999992251396,0.0,0.0,0.004999995231628418,0.04500000178813934,5.259999990463257,6.87579999923706,0.06999999284744263,7.979374,9.344804420000004,5575.0,73.5207,97.0413,89.9016,,,,,,,,,,,,,,,,,,,,,,,
apple-m4 · chrome|s1|071_threejs_D_i8,apple-m4 · chrome,s1,threejs,D,8,1562.0,30006.625,52.05517114970444,51.7866390407318,46.64541709166175,47.81550571389136,19.21038732394366,19.310000002384186,0.8100605752712213,20.59924999475479,21.01499999150634,23.064999997615814,0.998719590268886,0.0,0.015000000596046448,0.05500000715255737,19.08500000089407,20.756700005233284,0.20499999821186066,25.247062,26.079236,1560.0,622.4571,627.9955,588.1523,,,,,,,,,,,,,,,,,,,,,,,
apple-m4 · chrome|s1|072_r3f-ref_B_i8,apple-m4 · chrome,s1,r3f-ref,B,8,1651.0,30013.035,55.009431735223615,55.401662059008856,46.94284708728766,48.554612095796934,18.178700787408435,18.049999997019768,0.9635387078822925,19.77750000357628,20.77250000834465,22.90999999642372,0.9442761962447002,0.0,0.01000000536441803,0.04500000178813934,17.894999995827675,20.609999999403954,0.13500000536441803,21.0925,21.83412116,1649.0,618.5668,640.7644,609.6066,,,,,,,,,,,,,,,,,,,,,,,
apple-m4 · chrome|s1|073_r3f-ref_A_i9,apple-m4 · chrome,s1,r3f-ref,A,9,5579.0,30002.875,185.9488465688705,187.09073905014586,129.80269992391203,146.22266869335135,5.377823086574655,5.344999998807907,0.6592126848126167,6.370000004768372,7.0,10.819999992847443,0.0,0.0,0.004999995231628418,0.04999998211860657,5.240000009536743,6.865000009536743,0.06999999284744263,8.002999,9.314684439999999,5569.0,72.7313,89.3363,80.6857,,,,,,,,,,,,,,,,,,,,,,,
apple-m4 · chrome|s1|074_r3f-ref_B_i9,apple-m4 · chrome,s1,r3f-ref,B,9,1650.0,30015.96,54.970755558082416,55.18002482375172,47.65450483991065,49.063456402376275,18.191490909077903,18.122500002384186,0.915817171754689,19.60774998664856,20.75,21.825000017881393,0.953939393939394,0.0,0.010000020265579224,0.04000002145767212,17.96500000357628,20.594999998807907,0.13500002026557922,21.1180625,21.87052598,1648.0,597.8967,639.5267,595.2557,,,,,,,,,,,,,,,,,,,,,,,
apple-m4 · chrome|s1|075_threejs_B_i9,apple-m4 · chrome,s1,threejs,B,9,1652.0,30016.01,55.03729509681282,54.89980783989366,46.52379983183502,49.14284686852951,18.16949757870476,18.21500000357628,0.9345761966619625,19.639500002562997,20.71725000143051,24.724999994039536,0.9570217917675545,0.0,0.009999990463256836,0.0400000062584877,18.069999992847443,20.58224999576807,0.12999999523162842,21.086979,21.84472833,1650.0,612.489,633.4129,582.295,,,,,,,,,,,,,,,,,,,,,,,
apple-m4 · chrome|s1|076_threejs_D_i9,apple-m4 · chrome,s1,threejs,D,9,1562.0,30012.24,52.045432130392626,51.98856255813244,47.13868200121506,47.908752254312496,19.21398207425079,19.234999984502792,0.8220918815138687,20.664749991893768,20.948900000751017,22.450000017881393,1.0,0.0,0.015000015497207642,0.05695000529289182,19.00499999523163,20.731949999034406,0.20499998331069946,25.272603500000002,26.052262940000006,1560.0,603.6816,640.6369,597.5565,,,,,,,,,,,,,,,,,,,,,,,
apple-m4 · chrome|s1|077_r3f-ref_C_i9,apple-m4 · chrome,s1,r3f-ref,C,9,3170.0,30005.52,105.64722757675476,105.93220341658497,93.54960393987474,98.2214458618728,9.46546372240086,9.439999997615814,0.24024986209452187,9.844999998807907,10.474649994373321,11.640000015497208,0.0,0.0,0.005000025033950806,0.030000001192092896,9.319999992847443,10.361549992263317,0.11000001430511475,5.924104,7.46377592,3168.0,129.2913,271.6678,268.8735,,,,,,,,,,,,,,,,,,,,,,,
apple-m4 · chrome|s1|078_threejs_C_i9,apple-m4 · chrome,s1,threejs,C,9,3147.0,30003.915,104.88631233626928,104.93179432055734,93.00511529032148,99.37149113406495,9.534132507147016,9.530000001192093,0.2150423394540471,9.75,10.452700015306473,14.509999990463257,0.0,0.0,0.005000025033950806,0.03269999861717206,9.409999996423721,10.33540000796318,0.10999998450279236,5.928666,7.49443604,3145.0,123.0928,259.1587,250.4489,,,,,,,,,,,,,,,,,,,,,,,
apple-m4 · chrome|s1|079_threejs_A_i9,apple-m4 · chrome,s1,threejs,A,9,5597.0,30002.24,186.5527373955485,186.91588805871132,128.71067007038715,145.93118741530128,5.360414507773725,5.3499999940395355,0.654629031484823,6.310000002384186,7.075199989080429,10.435000002384186,0.0,0.0,0.004999995231628418,0.04499998688697815,5.255000025033951,6.970399998426437,0.06499999761581421,7.946625,9.508720760000001,5587.0,75.3133,84.6424,73.9076,,,,,,,,,,,,,,,,,,,,,,,
apple-m4 · chrome|s1|080_r3f-ref_D_i9,apple-m4 · chrome,s1,r3f-ref,D,9,1562.0,30010.41,52.04860580046011,52.21932113257173,45.56639022677072,47.67667877150103,19.212810499357506,19.150000005960464,0.8164400467076665,20.61474997997284,20.98974999159574,23.899999976158142,0.9961587708066582,0.0,0.015000015497207642,0.06000000238418579,18.919999986886978,20.73195001721382,0.21000000834465027,25.285687,26.077556500000004,1560.0,611.9604,648.1911,591.767,,,,,,,,,,,,,,,,,,,,,,,
apple-m4 · chrome|s1|081_threejs_A_i10,apple-m4 · chrome,s1,threejs,A,10,5566.0,30002.62,185.51713150381917,185.5287574497236,129.59472196769505,144.73625980939022,5.390337765002653,5.389999985694885,0.6694387916713808,6.408749997615814,7.1167500078678145,10.900000005960464,0.0,0.0,0.004999995231628418,0.04499998688697815,5.300000011920929,7.001749998331071,0.06499999761581421,8.0421455,9.625937499999997,5556.0,75.776,85.8833,76.463,,,,,,,,,,,,,,,,,,,,,,,
apple-m4 · chrome|s1|082_r3f-ref_B_i10,apple-m4 · chrome,s1,r3f-ref,B,10,1650.0,30000.535,54.999019184109805,55.23336098274453,47.53204700017309,48.93769396489853,18.18214242425832,18.104999989271164,0.9094053563650443,19.722749996185303,20.707549996078015,23.830000013113022,0.9581818181818181,0.0,0.009999990463256836,0.04000002145767212,17.944999992847443,20.540000006854534,0.13999998569488525,21.0942285,21.86390124,1648.0,608.9173,634.6073,619.1472,,,,,,,,,,,,,,,,,,,,,,,
apple-m4 · chrome|s1|083_threejs_C_i10,apple-m4 · chrome,s1,threejs,C,10,3115.0,30008.32,103.80454487291333,103.95010389857872,92.45038250148703,95.17902869192726,9.633489566610866,9.620000004768372,0.282011491013933,9.959999987483025,10.63859998703003,11.965000003576279,0.0,0.0,0.005000025033950806,0.030000001192092896,9.5,10.520000010728836,0.10999998450279236,5.919875,7.489448040000001,3113.0,102.8289,255.7805,247.1537,,,,,,,,,,,,,,,,,,,,,,,
apple-m4 · chrome|s1|084_threejs_B_i10,apple-m4 · chrome,s1,threejs,B,10,1653.0,30018.035,55.06689561792425,54.73453746101599,47.09137197967315,49.29380611024243,18.159730792496322,18.270000010728836,0.9321768909327147,19.741999995708465,20.824200003147126,22.655000001192093,0.9594676346037507,0.0,0.009999990463256836,0.03999999165534973,18.125,20.63699998855591,0.12999999523162842,21.070166,21.835853999999998,1651.0,596.8386,633.5569,610.6054,,,,,,,,,,,,,,,,,,,,,,,
apple-m4 · chrome|s1|085_threejs_D_i10,apple-m4 · chrome,s1,threejs,D,10,1562.0,30016.38,52.038253780111,51.59958721599825,45.304901989906,47.3288047348283,19.21663252240412,19.37999999523163,0.8822966602156636,20.67424998283386,21.281949999332426,23.0,0.9955185659411011,0.0,0.015000015497207642,0.054999988973140713,19.150000005960464,20.93974999785423,0.20499998331069946,25.23425,26.10767844,1560.0,603.5033,644.3937,630.1273,,,,,,,,,,,,,,,,,,,,,,,
apple-m4 · chrome|s1|086_r3f-ref_D_i10,apple-m4 · chrome,s1,r3f-ref,D,10,1562.0,30003.01,52.06144316850026,52.44526027271947,47.48262928023799,48.34945498847683,19.208072983367646,19.06749999523163,0.7365182903020165,20.499750000238418,20.750849999189374,22.34000000357628,0.9993597951344431,0.0,0.015000015497207642,0.05500000715255737,18.844999998807907,20.501949998140333,0.21000000834465027,25.2912705,25.99597691,1560.0,603.0951,687.9286,682.3569,,,,,,,,,,,,,,,,,,,,,,,
apple-m4 · chrome|s1|087_r3f-ref_C_i10,apple-m4 · chrome,s1,r3f-ref,C,10,3163.0,30000.815,105.4304691389301,105.65240355226176,93.31166097301171,98.03374097467183,9.484924122667598,9.465000003576279,0.234578316646001,9.824999988079071,10.560000002384186,11.03999999165535,0.0,0.0,0.004999995231628418,0.030000001192092896,9.340000003576279,10.441899995803833,0.11000001430511475,5.930916,7.4999748,3161.0,129.894,272.4477,264.8053,,,,,,,,,,,,,,,,,,,,,,,
apple-m4 · chrome|s1|088_r3f-ref_A_i10,apple-m4 · chrome,s1,r3f-ref,A,10,5596.0,30004.26,186.50684936059815,187.52930160008125,129.49860494575628,146.52861115349657,5.3617333809900405,5.332499995827675,0.6565252364649633,6.330000013113022,6.995500004291536,11.264999985694885,0.0,0.0,0.004999995231628418,0.04499998688697815,5.255000025033951,6.880499994754793,0.06000000238418579,7.981854,9.4686661,5586.0,73.8053,88.2852,81.103,,,,,,,,,,,,,,,,,,,,,,,
apple-m4 · chrome|s2|006_r3f-ref+parent-state_i1,apple-m4 · chrome,s2,r3f-ref+parent-state,-,1,6191.0,30003.61,206.34183686553212,210.3049410589351,73.31730768705523,147.42260909073732,4.84632692618548,4.755000025033951,0.9013301448062556,4.935000002384186,8.507999992370708,20.844999998807907,0.00048457438216766274,0.0,0.6599999964237213,0.7504999995231647,4.009999990463257,4.21000000834465,0.07500001788139343,1.198041,3.4655082399999997,6190.0,82.2124,122.1975,85.6725,,,,,,,,,,,,,,,,,,,,,,,
apple-m4 · chrome|s2|007_r3f-ref-central_i1,apple-m4 · chrome,s2,r3f-ref-central,-,1,6659.0,30000.665,221.96174651468067,221.48394165395734,200.59266014674418,209.97242529660372,4.505280822945135,4.515000015497208,0.14230245514783957,4.685000002384186,4.75,8.75,0.0,0.0,0.4449999928474426,0.5600000023841858,3.9800000190734863,4.145000010728836,0.07500001788139343,1.2067285,3.46713731,6658.0,77.7729,160.9953,51.0899,,,,,,,,,,,,,,,,,,,,,,,
apple-m4 · chrome|s2|008_r3f-state_i1,apple-m4 · chrome,s2,r3f-state,-,1,2217.0,30009.13,73.8775166091237,76.30675321012458,49.738870930713176,59.28576818514298,13.53591790707949,13.104999989271164,1.1752126038221329,15.681000006198882,17.838400013446883,23.109999984502792,0.014884979702300407,0.0,0.824999988079071,0.9900000047683716,4.009999990463257,4.353800010681162,8.264999985694885,0.896208,1.8802053999999975,2216.0,168.9539,307.8229,198.0673,,,,,,,,,,,,,,,,,,,,,,,
apple-m4 · chrome|s2|009_threejs_i1,apple-m4 · chrome,s2,threejs,-,1,6201.0,30000.47,206.6967617507408,206.18556726370346,183.63297107119152,193.30539757032176,4.838005160457798,4.8499999940395355,0.1807995563782736,5.075000017881393,5.169999986886978,7.305000007152557,0.0,0.0,0.4699999988079071,0.5400000214576721,4.2750000059604645,4.580000013113022,0.09999999403953552,1.131666,3.516875,6197.0,64.7946,96.5219,64.0668,,,,,,,,,,,,,,,,,,,,,,,
apple-m4 · chrome|s2|010_r3f-ref_i1,apple-m4 · chrome,s2,r3f-ref,-,1,6182.0,30003.405,206.04328075429288,206.6115700952685,177.22769399209955,193.62418735080072,4.853349239728436,4.840000003576279,0.1321435899295726,5.004999995231628,5.155000001192093,7.465000003576279,0.0,0.0,0.7100000083446503,0.7750000059604645,4.044999986886978,4.294999992549419,0.07500001788139343,1.182291,3.4659328,6181.0,72.2881,91.0105,44.0824,,,,,,,,,,,,,,,,,,,,,,,
apple-m4 · chrome|s2|011_threejs_i2,apple-m4 · chrome,s2,threejs,-,2,6235.0,30001.075,207.82588623915902,207.25388524228222,187.9642262517181,194.82370334568722,4.811720128306027,4.825000017881393,0.16996460040509928,5.054999977350235,5.153300002813339,6.840000003576279,0.0,0.0,0.4699999988079071,0.5399999916553497,4.254999995231628,4.560000002384186,0.09999999403953552,1.133375,3.5180161,6231.0,64.3786,151.5588,141.6543,,,,,,,,,,,,,,,,,,,,,,,
apple-m4 · chrome|s2|012_r3f-ref_i2,apple-m4 · chrome,s2,r3f-ref,-,2,6191.0,30004.47,206.33592261420534,206.82523359627467,177.77518720296496,194.51150232074025,4.846465837505865,4.834999978542328,0.13072274692037855,4.990000009536743,5.1055000156164185,7.715000003576279,0.0,0.0,0.7199999988079071,0.7899999916553497,4.030000001192093,4.240000009536743,0.07500001788139343,1.188124,3.46538408,6189.0,70.5215,85.3808,49.089,,,,,,,,,,,,,,,,,,,,,,,
apple-m4 · chrome|s2|013_r3f-ref-central_i2,apple-m4 · chrome,s2,r3f-ref-central,-,2,6791.0,30003.83,226.337770877819,225.73363546564644,192.46513369252182,210.82679553208993,4.4181755264339735,4.429999977350235,0.15509802340692178,4.5999999940395355,4.700500017404558,6.859999984502792,0.0,0.0,0.375,0.4699999988079071,3.9600000083446503,4.175500008463861,0.07500001788139343,1.208625,3.4697765,6790.0,81.5228,86.05,39.0815,,,,,,,,,,,,,,,,,,,,,,,
apple-m4 · chrome|s2|014_r3f-state_i2,apple-m4 · chrome,s2,r3f-state,-,2,2187.0,30010.42,72.87468819166662,75.13148007669967,48.8105337865719,58.7870452766225,13.72218564242656,13.310000002384186,1.1951684914174425,15.839999994635582,17.599499993324226,23.12999999523163,0.01600365797896662,0.0,0.9399999976158142,1.104999989271164,3.979999989271164,4.2028000152111025,8.375,0.891875,1.6802999000000012,2186.0,316.0416,316.0416,134.7821,,,,,,,,,,,,,,,,,,,,,,,
apple-m4 · chrome|s2|015_r3f-ref+parent-state_i2,apple-m4 · chrome,s2,r3f-ref+parent-state,-,2,6191.0,30002.615,206.34867993999964,210.0840340343524,74.54979865671807,147.62298331866822,4.846166209014624,4.759999990463257,0.8730990871717749,4.925000011920929,7.913000017404658,16.770000010728836,0.00016152479405588758,0.0,0.6049999892711639,0.6900000274181366,4.059999972581863,4.260000020265579,0.07500001788139343,1.206791,3.46827988,6189.0,62.1406,221.987,69.5218,,,,,,,,,,,,,,,,,,,,,,,
apple-m4 · chrome|s2|016_r3f-ref-central_i3,apple-m4 · chrome,s2,r3f-ref-central,-,3,6205.0,30004.21,206.80431179485393,206.398348863993,183.29908801738281,193.0315606657561,4.835489121677412,4.844999998807907,0.17524848360284498,5.080000013113022,5.180000007152557,7.524999976158142,0.0,0.0,0.45000001788139343,0.5050000250339508,4.284999996423721,4.60979998588562,0.09999999403953552,1.141374,3.463208,6201.0,74.6121,105.6103,76.8094,,,,,,,,,,,,,,,,,,,,,,,
apple-m4 · chrome|s2|017_r3f-state_i3,apple-m4 · chrome,s2,r3f-state,-,3,2179.0,30010.235,72.60856171239996,74.79431560533679,47.10896753413072,58.13374529263364,13.77248049563309,13.370000004768372,1.2288141868725395,15.865500006079673,17.9031999939678,23.8299999833107,0.015603487838458009,0.0,0.9000000059604645,1.0511000043153753,3.9650000035762787,4.2777000099420475,8.475000023841858,0.8925205,1.5807044099999998,2178.0,301.9389,313.3863,97.909,,,,,,,,,,,,,,,,,,,,,,,
apple-m4 · chrome|s2|018_threejs_i3,apple-m4 · chrome,s2,threejs,-,3,6212.0,30001.87,207.0537603155741,206.398348863993,185.36512440251715,194.25993225196498,4.829663554411585,4.844999998807907,0.16938631564128495,5.060000002384186,5.130000025033951,7.485000014305115,0.0,0.0,0.5049999952316284,0.5900000035762787,4.235000014305115,4.515000012218952,0.09999999403953552,1.1235620000000002,3.51824993,6208.0,63.079,93.8535,88.4147,,,,,,,,,,,,,,,,,,,,,,,
apple-m4 · chrome|s2|019_r3f-ref_i3,apple-m4 · chrome,s2,r3f-ref,-,3,6127.0,30004.045,204.2057995847786,204.91803173567462,176.3642934890123,191.93135630142808,4.897020564711423,4.880000025033951,0.13095070726805869,5.050000011920929,5.189999997615814,7.395000010728836,0.0,0.0,0.7349999845027924,0.800000011920929,4.064999997615814,4.328699992299079,0.07500001788139343,1.174833,3.46457292,6125.0,69.0826,91.4692,59.3135,,,,,,,,,,,,,,,,,,,,,,,
apple-m4 · chrome|s2|020_r3f-ref+parent-state_i3,apple-m4 · chrome,s2,r3f-ref+parent-state,-,3,6161.0,30002.335,205.35068353861146,209.4240835082168,73.93222476881107,146.13050688362407,4.869718389868291,4.7750000059604645,0.8871589735981358,4.96000000834465,7.959999996423558,17.330000013113022,0.00016231131309852296,0.0,0.6649999916553497,0.75,4.020000010728836,4.25,0.07500001788139343,1.190666,3.46837442,6159.0,60.7319,98.7117,93.7935,,,,,,,,,,,,,,,,,,,,,,,
apple-m4 · chrome|s2|021_r3f-ref+parent-state_i4,apple-m4 · chrome,s2,r3f-ref+parent-state,-,4,6193.0,30002.575,206.4156159928376,209.86358929740246,76.54373659133638,149.41069809179544,4.8445947037006105,4.764999985694885,0.8389962175886951,4.935000002384186,7.436399978399271,15.730000019073486,0.0,0.0,0.6599999964237213,0.7400000095367432,4.015000015497208,4.215000003576279,0.07500001788139343,1.1927915,3.46771547,6192.0,84.9272,200.8059,87.3866,,,,,,,,,,,,,,,,,,,,,,,
apple-m4 · chrome|s2|022_threejs_i4,apple-m4 · chrome,s2,threejs,-,4,6223.0,30002.0,207.41950536630893,207.03933818951174,185.00559496017067,193.67414173667513,4.821147356580427,4.8299999833106995,0.17271593756423798,5.064999997615814,5.2000000113248825,6.930000007152557,0.0,0.0,0.4749999940395355,0.550000011920929,4.25,4.602799991369245,0.09999999403953552,1.130624,3.51910168,6219.0,62.1132,153.9551,142.6724,,,,,,,,,,,,,,,,,,,,,,,
apple-m4 · chrome|s2|023_r3f-ref-central_i4,apple-m4 · chrome,s2,r3f-ref-central,-,4,6686.0,30000.805,222.86068657174525,222.469410220063,191.30434782608694,208.28136692519422,4.48710813640104,4.495000004768372,0.15340457469873284,4.668749995529652,4.75,7.165000021457672,0.0,0.0,0.4349999725818634,0.5449999868869781,3.969999998807907,4.169999986886978,0.07500001788139343,1.211374,3.467916,6685.0,79.3216,87.0372,68.8541,,,,,,,,,,,,,,,,,,,,,,,
apple-m4 · chrome|s2|024_r3f-ref_i4,apple-m4 · chrome,s2,r3f-ref,-,4,6192.0,30001.605,206.3889581908106,207.25388652241634,175.64065653213274,189.7241938421999,4.845220445734701,4.824999988079071,0.1453069336729864,5.0450000166893005,5.319999992847443,7.259999990463257,0.0,0.0,0.7100000083446503,0.7900000214576721,4.030000001192093,4.449999988079071,0.07500001788139343,1.175999,3.46780013,6190.0,72.0225,86.9612,71.3181,,,,,,,,,,,,,,,,,,,,,,,
apple-m4 · chrome|s2|025_r3f-state_i4,apple-m4 · chrome,s2,r3f-state,-,4,2221.0,30002.635,74.0268313100068,76.48183545945685,49.86061690292378,59.25831017906229,13.50861548851439,13.075000017881393,1.1798729635657883,15.650000005960464,18.30099999904634,23.34000000357628,0.016659162539396668,0.0,0.8300000131130219,1.018000006675722,3.9700000286102295,4.409000021219259,8.265000015497208,0.896958,1.9186464799999996,2220.0,166.3171,327.1903,51.5447,,,,,,,,,,,,,,,,,,,,,,,
apple-m4 · chrome|s2|026_r3f-ref-central_i5,apple-m4 · chrome,s2,r3f-ref-central,-,5,6844.0,30002.13,228.1171370166414,227.27272696485204,193.1488949589431,212.0279355197342,4.383712741086387,4.4000000059604645,0.16674872734918336,4.570000022649765,4.680000007152557,7.110000014305115,0.0,0.0,0.36500000953674316,0.45500001311302185,3.939999997615814,4.15784999847412,0.07500001788139343,1.200708,3.46842314,6843.0,58.2297,83.1319,43.0457,,,,,,,,,,,,,,,,,,,,,,,
apple-m4 · chrome|s2|027_r3f-state_i5,apple-m4 · chrome,s2,r3f-state,-,5,2193.0,30006.46,73.08426252211657,75.18796985742027,50.916496952662825,59.57700328069469,13.682836297313427,13.300000011920929,1.1091644526803115,15.719999998807907,17.28019999504087,20.694999992847443,0.015047879616963064,0.0,0.8900000154972076,1.1154000091552732,3.9849999845027924,4.265199990272517,8.409999996423721,0.8943325,1.6189647800000018,2192.0,78.1982,319.3602,140.5181,,,,,,,,,,,,,,,,,,,,,,,
apple-m4 · chrome|s2|028_r3f-ref_i5,apple-m4 · chrome,s2,r3f-ref,-,5,6169.0,30001.09,205.62586226051764,206.18556726370346,176.76292044746634,193.44485721335363,4.8632014913233546,4.8499999940395355,0.13081107994907815,5.014999985694885,5.139999985694885,7.504999995231628,0.0,0.0,0.7299999892711639,0.804999977350235,4.034999996423721,4.270000010728836,0.07500001788139343,1.18575,3.46537434,6167.0,74.1674,90.3402,47.7566,,,,,,,,,,,,,,,,,,,,,,,
apple-m4 · chrome|s2|029_r3f-ref+parent-state_i5,apple-m4 · chrome,s2,r3f-ref+parent-state,-,5,6281.0,30000.88,209.36052542462082,213.21961631308213,75.58348622767734,149.96835858847084,4.776449609933964,4.689999997615814,0.8637153143922394,4.859999984502792,7.639999991655318,15.889999985694885,0.0,0.0,0.5750000178813934,0.6550000011920929,4.019999980926514,4.285000002384185,0.07500001788139343,1.2066865,3.46864243,6280.0,86.8259,198.9805,83.2203,,,,,,,,,,,,,,,,,,,,,,,
apple-m4 · chrome|s2|030_threejs_i5,apple-m4 · chrome,s2,threejs,-,5,6282.0,30001.165,209.391868615827,209.20502086832806,186.5447105133365,195.8283570477215,4.775734638648783,4.780000001192093,0.173450258073559,5.015000015497208,5.104999994933605,7.334999978542328,0.0,0.0,0.4000000059604645,0.4699999988079071,4.280000001192093,4.5909500026702865,0.09999999403953552,1.131583,3.51856009,6278.0,65.1373,96.4029,66.3098,,,,,,,,,,,,,,,,,,,,,,,
apple-m4 · chrome|s2|031_r3f-ref+parent-state_i6,apple-m4 · chrome,s2,r3f-ref+parent-state,-,6,6240.0,30001.37,207.9905017670529,212.08907725164588,74.17998215901525,147.93916474382596,4.807911858975123,4.715000003576279,0.8927395649488895,4.889999985694885,7.776600010991077,16.230000019073486,0.0,0.0,0.5699999928474426,0.675000011920929,4.050000011920929,4.280000001192093,0.07500001788139343,1.1927075,3.4661508299999997,6238.0,62.5149,105.6315,84.3971,,,,,,,,,,,,,,,,,,,,,,,
apple-m4 · chrome|s2|032_r3f-ref_i6,apple-m4 · chrome,s2,r3f-ref,-,6,6233.0,30000.065,207.7662165065474,208.11654495555348,193.15243463161335,199.2848811995286,4.813102037541732,4.805000007152557,0.09298212240631387,4.9549999833106995,5.020000010728836,7.319999992847443,0.0,0.0,0.7149999737739563,0.7849999964237213,4.005000025033951,4.194999992847443,0.07500001788139343,1.196625,3.4662703,6231.0,74.2497,162.7172,151.8212,,,,,,,,,,,,,,,,,,,,,,,
apple-m4 · chrome|s2|033_threejs_i6,apple-m4 · chrome,s2,threejs,-,6,6232.0,30000.75,207.72814012983008,207.03933818951174,188.12106501476927,194.86642876735277,4.813984274711168,4.8299999833106995,0.1743179019538435,5.060000002384186,5.145000010728836,6.479999989271164,0.0,0.0,0.4399999976158142,0.5150000154972076,4.284999996423721,4.5999999940395355,0.09999999403953552,1.1278955,3.5181549299999997,6228.0,62.4746,153.5379,142.198,,,,,,,,,,,,,,,,,,,,,,,
apple-m4 · chrome|s2|034_r3f-state_i6,apple-m4 · chrome,s2,r3f-state,-,6,2155.0,30015.065,71.79727913300108,74.12898438050784,47.88671372416233,57.53368678380774,13.928104408351562,13.490000009536743,1.2033846532431565,16.110000014305115,19.08259998917582,23.96500000357628,0.016705336426914155,0.0,0.8449999988079071,1.0049999952316284,4.0250000059604645,4.384900004267695,8.590000003576279,0.893208,1.4078097299999996,2154.0,148.0942,316.4557,208.2305,,,,,,,,,,,,,,,,,,,,,,,
apple-m4 · chrome|s2|035_r3f-ref-central_i6,apple-m4 · chrome,s2,r3f-ref-central,-,6,6140.0,30004.655,204.6349141491464,204.08163364605824,184.59396899755205,192.0070048401472,4.8867516286646895,4.899999976158142,0.164074100538055,5.129999995231628,5.21000000834465,7.074999988079071,0.0,0.0,0.5249999761581421,0.574999988079071,4.265000015497208,4.570000022649765,0.09999999403953552,1.1491864999999999,3.4625263,6136.0,72.7786,162.5655,147.3558,,,,,,,,,,,,,,,,,,,,,,,
apple-m4 · chrome|s2|036_r3f-ref-central_i7,apple-m4 · chrome,s2,r3f-ref-central,-,7,6716.0,30001.655,223.85431737014952,223.21428624884587,191.08189425024008,208.861982753927,4.467191036331327,4.479999989271164,0.15706306449794824,4.649999983608723,4.749250000715257,7.359999984502792,0.0,0.0,0.4099999964237213,0.5150000154972076,3.9749999940395355,4.1792500078678145,0.07500001788139343,1.2074785000000001,3.4675,6714.0,80.4391,83.296,72.543,,,,,,,,,,,,,,,,,,,,,,,
apple-m4 · chrome|s2|037_r3f-ref_i7,apple-m4 · chrome,s2,r3f-ref,-,7,6146.0,30000.375,204.86410586534336,205.54984543468117,176.104623412348,192.6939492498555,4.8812845753335505,4.865000009536743,0.13355116121967844,5.034999996423721,5.159999996423721,7.359999984502792,0.0,0.0,0.7300000190734863,0.800000011920929,4.049999982118607,4.280000001192093,0.07500001788139343,1.188416,3.46412948,6145.0,76.2925,88.5604,52.0376,,,,,,,,,,,,,,,,,,,,,,,
apple-m4 · chrome|s2|038_threejs_i7,apple-m4 · chrome,s2,threejs,-,7,6237.0,30003.11,207.8784499339244,207.46887869312835,185.6843366409915,194.22629549323656,4.810503447172407,4.820000022649765,0.1802684547787927,5.060000002384186,5.140000015497208,7.71000000834465,0.0,0.0,0.4749999940395355,0.5449999868869781,4.240000009536743,4.544999986886978,0.09999999403953552,1.134958,3.5197358800000003,6233.0,62.6962,97.1196,66.4301,,,,,,,,,,,,,,,,,,,,,,,
apple-m4 · chrome|s2|039_r3f-state_i7,apple-m4 · chrome,s2,r3f-state,-,7,2203.0,30003.545,73.42465698632527,75.8150113859558,48.39578956224655,58.50752619745548,13.61940308670753,13.189999997615814,1.2030752280334527,15.784499996900559,18.15249999165536,23.375,0.018157058556513846,0.0,0.8449999988079071,0.9900000095367432,3.9800000190734863,4.3095000022649765,8.360000014305115,0.893374,1.7782290099999967,2202.0,164.2149,303.0416,193.6698,,,,,,,,,,,,,,,,,,,,,,,
apple-m4 · chrome|s2|040_r3f-ref+parent-state_i7,apple-m4 · chrome,s2,r3f-ref+parent-state,-,7,6166.0,30001.58,205.52250914776172,209.4240835082168,73.55113312627414,145.87650226284782,4.865647096985584,4.7750000059604645,0.8946503088782775,4.949999988079071,7.780999991297744,16.419999986886978,0.0,0.0,0.5900000035762787,0.6800000071525574,4.08500000834465,4.324999988079071,0.07500001788139343,1.191875,3.46602924,6165.0,86.7987,105.6403,84.7096,,,,,,,,,,,,,,,,,,,,,,,
apple-m4 · chrome|s2|041_r3f-state_i8,apple-m4 · chrome,s2,r3f-state,-,8,2193.0,30001.705,73.0958457194756,75.52870085194125,48.83777718291404,58.37508400949338,13.680668034648113,13.240000009536743,1.1958254154705992,15.862000000476838,18.56159999251364,23.07499998807907,0.01823985408116735,0.0,0.8349999785423279,1.0600000023841858,4.009999990463257,4.336200016736974,8.399999976158142,0.892937,1.7248172500000012,2192.0,173.2896,312.1611,174.02,,,,,,,,,,,,,,,,,,,,,,,
apple-m4 · chrome|s2|042_threejs_i8,apple-m4 · chrome,s2,threejs,-,8,6253.0,30004.465,208.40231612192568,207.46887997591972,184.39758505772917,194.8794183768673,4.798411162642504,4.819999992847443,0.18283458432599226,5.034999996423721,5.125,8.129999995231628,0.0,0.0,0.4150000214576721,0.4699999988079071,4.2950000166893005,4.594999998807907,0.09999999403953552,1.111583,3.5174394799999997,6249.0,61.6382,107.6182,71.2556,,,,,,,,,,,,,,,,,,,,,,,
apple-m4 · chrome|s2|043_r3f-ref+parent-state_i8,apple-m4 · chrome,s2,r3f-ref+parent-state,-,8,6249.0,30002.39,208.28340675536114,212.314224676924,75.40423358974381,148.71766763009083,4.8011505840911655,4.71000000834465,0.8681116113592028,4.877999997138974,7.569200010299642,16.21000000834465,0.0,0.0,0.5800000131130219,0.6599999964237213,4.034999996423721,4.284999996423721,0.07500001788139343,1.2037915,3.4687495299999997,6248.0,87.0076,197.614,68.9492,,,,,,,,,,,,,,,,,,,,,,,
apple-m4 · chrome|s2|044_r3f-ref-central_i8,apple-m4 · chrome,s2,r3f-ref-central,-,8,6815.0,30001.945,227.15193964930023,226.5005666795171,204.84087170288583,214.101074562802,4.40233969185515,4.41499999165535,0.14476427353921184,4.590000003576279,4.669999986886978,8.634999990463257,0.0,0.0,0.3699999749660492,0.4699999988079071,3.9549999833106995,4.1492999809980375,0.07500001788139343,1.197083,3.468708,6814.0,58.953,166.78,61.732,,,,,,,,,,,,,,,,,,,,,,,
apple-m4 · chrome|s2|045_r3f-ref_i8,apple-m4 · chrome,s2,r3f-ref,-,8,6198.0,30000.985,206.59321685594804,207.03933818951174,180.2493942825699,195.04497395510458,4.840429977414376,4.8299999833106995,0.12253671249401525,4.984999984502792,5.120000004768372,7.269999980926514,0.0,0.0,0.7150000035762787,0.7800000011920929,4.029999986290932,4.264999986588955,0.07999998331069946,1.1886035,3.4631785,6196.0,73.1377,87.9723,72.1823,,,,,,,,,,,,,,,,,,,,,,,
apple-m4 · chrome|s2|046_threejs_i9,apple-m4 · chrome,s2,threejs,-,9,6247.0,30001.895,208.22018075871446,207.6843199366891,189.50971998221692,195.54998436015214,4.802608452053934,4.814999997615814,0.16968219129885406,5.049999982118607,5.119999991059303,6.734999984502792,0.0,0.0,0.5149999856948853,0.6000000101327896,4.195000022649765,4.48769999563694,0.09999999403953552,1.137791,3.5183397199999997,6243.0,65.1708,149.6736,142.4882,,,,,,,,,,,,,,,,,,,,,,,
apple-m4 · chrome|s2|047_r3f-ref_i9,apple-m4 · chrome,s2,r3f-ref,-,9,6199.0,30001.505,206.62296774761225,207.25388652241634,177.58369721894496,194.18451928566728,4.839733021459112,4.824999988079071,0.132489342270314,4.995000004768372,5.135099990963933,7.505000025033951,0.0,0.0,0.7199999988079071,0.7950000166893005,4.015000015497208,4.265099986195562,0.07500001788139343,1.1907285,3.46587526,6198.0,75.2053,83.2649,47.0623,,,,,,,,,,,,,,,,,,,,,,,
apple-m4 · chrome|s2|048_r3f-ref-central_i9,apple-m4 · chrome,s2,r3f-ref-central,-,9,6702.0,30003.575,223.37338133881255,222.96544112716649,201.03216514570437,211.13001824282307,4.476809161442566,4.484999984502792,0.14268772872299818,4.654999999701976,4.719999998807907,9.805000007152557,0.0,0.0,0.42500001192092896,0.5400000214576721,3.9650000035762787,4.145000010728836,0.07500001788139343,1.201729,3.46599942,6700.0,82.525,166.3012,57.6341,,,,,,,,,,,,,,,,,,,,,,,
apple-m4 · chrome|s2|049_r3f-state_i9,apple-m4 · chrome,s2,r3f-state,-,9,2207.0,30001.525,73.56292721785181,75.98784196593873,50.26675652480138,58.901802656768346,13.593803806074291,13.159999996423721,1.1724191180478598,15.776999995112417,19.070799988508227,22.615000009536743,0.0158586316266425,0.0,0.8250000178813934,0.9749999940395355,3.9850000143051147,4.316999993920329,8.340000003576279,0.896,1.8057412999999978,2206.0,173.4474,305.0067,183.9393,,,,,,,,,,,,,,,,,,,,,,,
apple-m4 · chrome|s2|050_r3f-ref+parent-state_i9,apple-m4 · chrome,s2,r3f-ref+parent-state,-,9,6190.0,30004.675,206.30118473216888,210.30494237703724,73.95642632292956,146.94448210394515,4.847281906297596,4.754999995231628,0.8844213075632866,4.930000007152557,7.660950008630705,16.234999984502792,0.0,0.0,0.5849999785423279,0.6699999868869781,4.070000022649765,4.320550022125243,0.07500001788139343,1.194458,3.46513912,6189.0,61.9809,195.6939,104.2915,,,,,,,,,,,,,,,,,,,,,,,
apple-m4 · chrome|s2|051_r3f-ref_i10,apple-m4 · chrome,s2,r3f-ref,-,10,6145.0,30003.72,204.80793714913497,205.54984543468117,176.0309352719538,192.45597647338678,4.882623270951799,4.865000009536743,0.13246244469152557,5.034999996423721,5.1756000113487195,7.300000011920929,0.0,0.0,0.7199999988079071,0.7899999916553497,4.060000002384186,4.317800008058545,0.07500001788139343,1.1884160000000001,3.46523137,6144.0,74.6195,90.7629,44.2578,,,,,,,,,,,,,,,,,,,,,,,
apple-m4 · chrome|s2|052_threejs_i10,apple-m4 · chrome,s2,threejs,-,10,6254.0,30001.89,208.45353409391106,207.6843199366891,188.63045162976297,195.85871805427365,4.797232171412776,4.814999997615814,0.1715338182743732,5.03174999952316,5.110000014305115,6.875,0.0,0.0,0.4050000011920929,0.4699999988079071,4.305000007152557,4.590000003576279,0.09500002861022949,1.1151035,3.519125,6250.0,63.1528,153.6614,143.6764,,,,,,,,,,,,,,,,,,,,,,,
apple-m4 · chrome|s2|053_r3f-ref-central_i10,apple-m4 · chrome,s2,r3f-ref-central,-,10,6220.0,30001.43,207.32345091545693,207.03933691202664,182.98261675699817,193.56625606181777,4.823381028940057,4.830000013113022,0.1753474012925428,5.060000002384186,5.159049997329709,8.36499997973442,0.0,0.0,0.4749999940395355,0.5200000107288361,4.25,4.560000002384186,0.09999999403953552,1.1507705,3.4624928500000003,6216.0,73.651,103.4839,63.2289,,,,,,,,,,,,,,,,,,,,,,,
apple-m4 · chrome|s2|054_r3f-state_i10,apple-m4 · chrome,s2,r3f-state,-,10,2200.0,30001.86,73.32878694850756,75.728890667464,49.234074452195735,58.70345416404963,13.637209090915594,13.2049999833107,1.1900308799550638,15.830000013113022,18.5551500070095,23.46000000834465,0.017272727272727273,0.0,0.8549999892711639,1.0150500151514996,3.9849999845027924,4.305150007009503,8.355000019073486,0.893833,1.7644224999999998,2199.0,157.3243,318.3179,175.9327,,,,,,,,,,,,,,,,,,,,,,,
apple-m4 · chrome|s2|055_r3f-ref+parent-state_i10,apple-m4 · chrome,s2,r3f-ref+parent-state,-,10,6206.0,30004.25,206.83736470666656,210.9704637105546,73.05376521739545,147.19778158139954,4.834716403480503,4.740000009536743,0.9098294861298086,4.919999986886978,7.342750003933808,17.09000000357628,0.00016113438607798906,0.0,0.5699999928474426,0.6600000262260437,4.075000017881393,4.309750002622604,0.07500001788139343,1.202749,3.46657964,6205.0,87.313,207.3399,91.9361,,,,,,,,,,,,,,,,,,,,,,,
apple-m4 · chrome|s2|056_r3f-ref_i11,apple-m4 · chrome,s2,r3f-ref,-,11,6143.0,30003.78,204.74086931712458,205.33880883385385,177.71821462449688,192.68064594338574,4.884222692495717,4.870000004768372,0.12907913674905738,5.040000021457672,5.16499999165535,7.4749999940395355,0.0,0.0,0.7149999737739563,0.7800000011920929,4.074999988079071,4.322899990081787,0.07500001788139343,1.190708,3.4646328,6141.0,71.9518,86.79,51.4239,,,,,,,,,,,,,,,,,,,,,,,
apple-m4 · chrome|s2|057_r3f-ref-central_i11,apple-m4 · chrome,s2,r3f-ref-central,-,11,6208.0,30001.19,206.92512530337942,206.6115700952685,178.9554198582407,192.21766477909966,4.83266591494807,4.840000003576279,0.1926505610760965,5.075000017881393,5.175000009834767,9.900000005960464,0.0,0.0,0.4749999940395355,0.5349999964237213,4.254999995231628,4.575000017881393,0.09999999403953552,1.1529785000000001,3.46145425,6204.0,74.2391,127.6459,127.6459,,,,,,,,,,,,,,,,,,,,,,,
apple-m4 · chrome|s2|058_r3f-state_i11,apple-m4 · chrome,s2,r3f-state,-,11,2219.0,30005.585,73.9528991020034,76.4525993117336,49.709650458274346,59.12516259203772,13.522120324460813,13.080000013113022,1.1839387372752022,15.704999986290932,18.672900014519747,22.985000014305115,0.014871563767462822,0.0,0.820000022649765,0.9950000047683716,3.969999998807907,4.24549999892712,8.284999996423721,0.893874,1.85265122,2218.0,170.3441,302.5238,216.1147,,,,,,,,,,,,,,,,,,,,,,,
apple-m4 · chrome|s2|059_r3f-ref+parent-state_i11,apple-m4 · chrome,s2,r3f-ref+parent-state,-,11,6239.0,30002.245,207.95110499248327,211.86440683316994,76.07408633251556,149.47539420648295,4.80882272799727,4.719999998807907,0.8550370040699964,4.890000015497208,7.27509999930852,16.240000009536743,0.0,0.0,0.5949999988079071,0.679999977350235,4.030000001192093,4.243099988102912,0.07500001788139343,1.194875,3.46787463,6238.0,85.4637,195.1131,96.5054,,,,,,,,,,,,,,,,,,,,,,,
apple-m4 · chrome|s2|060_threejs_i11,apple-m4 · chrome,s2,threejs,-,11,6232.0,30002.87,207.71346207876144,207.03933691202664,188.30675776579506,194.81027918344142,4.81432445442952,4.830000013113022,0.1740994459846106,5.060000002384186,5.144999980926514,6.419999986886978,0.0,0.0,0.4950000047683716,0.550000011920929,4.229999989271164,4.534999996423721,0.09999999403953552,1.126874,3.5178987499999996,6228.0,65.9383,153.4064,142.0259,,,,,,,,,,,,,,,,,,,,,,,
apple-m4 · chrome|s2|061_r3f-state_i12,apple-m4 · chrome,s2,r3f-state,-,12,2216.0,30011.76,73.83772227955656,76.248570283861,50.90707145894856,59.321576873082556,13.543212996385588,13.115000009536743,1.15276216986006,15.721249997615814,18.546500001847736,22.484999984502792,0.015342960288808664,0.0,0.8149999976158142,1.0085000172257415,3.9849999845027924,4.299750007688996,8.2950000166893,0.891625,1.7789757400000028,2215.0,166.962,305.905,199.7724,,,,,,,,,,,,,,,,,,,,,,,
apple-m4 · chrome|s2|062_r3f-ref+parent-state_i12,apple-m4 · chrome,s2,r3f-ref+parent-state,-,12,6215.0,30003.0,207.14595207145953,211.416490965804,72.09805335775667,145.1256507298754,4.827514078841513,4.729999989271164,0.9339952150243782,4.909999996423721,7.992999994754693,17.269999980926514,0.00032180209171359613,0.0,0.6200000047683716,0.7199999988079071,4.019999980926514,4.27500000178814,0.07500001788139343,1.197541,3.46725,6213.0,85.4304,98.1731,46.3309,,,,,,,,,,,,,,,,,,,,,,,
apple-m4 · chrome|s2|063_r3f-ref_i12,apple-m4 · chrome,s2,r3f-ref,-,12,6174.0,30002.745,205.7811710228187,206.398348863993,178.3938703019782,193.9827556911265,4.85953109815432,4.844999998807907,0.12588518104057073,5.0,5.145000010728836,7.2799999713897705,0.0,0.0,0.7150000035762787,0.7849999964237213,4.044999986886978,4.299999982118607,0.07500001788139343,1.18975,3.466458,6173.0,75.8682,90.7021,47.4942,,,,,,,,,,,,,,,,,,,,,,,
apple-m4 · chrome|s2|064_threejs_i12,apple-m4 · chrome,s2,threejs,-,12,6247.0,30001.68,208.2216729196002,207.6843199366891,185.7371819002319,194.42280726558045,4.8025740355382025,4.814999997615814,0.1793850050870999,5.055000007152557,5.139999985694885,7.265000015497208,0.0,0.0,0.4699999988079071,0.5499999982118606,4.240000009536743,4.557699988484383,0.09999999403953552,1.129291,3.52133914,6243.0,63.7779,94.2701,68.3658,,,,,,,,,,,,,,,,,,,,,,,
apple-m4 · chrome|s2|065_r3f-ref-central_i12,apple-m4 · chrome,s2,r3f-ref-central,-,12,6733.0,30003.955,224.40374943893423,223.7136465921001,190.65234398908296,209.2812496918731,4.456253527404294,4.469999998807907,0.15759899643456346,4.629999995231628,4.725000023841858,7.120000004768372,0.0,0.0,0.4050000011920929,0.5049999952316284,3.969999998807907,4.175000011920929,0.07500001788139343,1.2067705,3.46815298,6732.0,83.9489,85.3986,57.6468,,,,,,,,,,,,,,,,,,,,,,,
apple-m4 · chrome|s2|066_threejs_i13,apple-m4 · chrome,s2,threejs,-,13,6240.0,30000.025,207.9998266667698,207.46887869312835,185.86246178758293,194.41674973125126,4.807696314103519,4.820000022649765,0.18027227777032492,5.055000007152557,5.139999985694885,7.229999989271164,0.0,0.0,0.46000000834465027,0.5199999809265137,4.25500001013279,4.560000002384186,0.09999999403953552,1.119624,3.51825,6236.0,61.8613,98.4288,67.7948,,,,,,,,,,,,,,,,,,,,,,,
apple-m4 · chrome|s2|067_r3f-ref_i13,apple-m4 · chrome,s2,r3f-ref,-,13,6177.0,30003.735,205.87436864100601,206.398348863993,190.68458891272456,196.87807622534172,4.857331228754137,4.844999998807907,0.0967115809919529,5.014999985694885,5.08620000720024,7.055000007152557,0.0,0.0,0.7150000035762787,0.7800000011920929,4.050000011920929,4.256200016736983,0.07500001788139343,1.1919365000000002,3.463656,6176.0,76.5817,162.7654,145.3187,,,,,,,,,,,,,,,,,,,,,,,
apple-m4 · chrome|s2|068_r3f-state_i13,apple-m4 · chrome,s2,r3f-state,-,13,2207.0,30004.45,73.55575589623795,75.70022705286208,50.12302925511999,59.73326382325403,13.595129134566415,13.21000000834465,1.098063125721777,15.550000002980232,17.329000006914143,23.264999985694885,0.014499320344358859,0.0,0.8450000286102295,1.0793999838829047,3.990000009536743,4.230000019073486,8.355000019073486,0.894374,1.711051449999999,2206.0,126.7985,301.6567,107.6142,,,,,,,,,,,,,,,,,,,,,,,
apple-m4 · chrome|s2|069_r3f-ref+parent-state_i13,apple-m4 · chrome,s2,r3f-ref+parent-state,-,13,6200.0,30001.75,206.65461181431084,210.52631578947367,74.60396724580971,146.8296633651551,4.838991935483871,4.75,0.884739319466196,4.9200000166893005,7.7979499870539355,15.919999986886978,0.0,0.0,0.5850000083446503,0.699999988079071,4.064999997615814,4.3050500071048745,0.07500001788139343,1.201874,3.46450248,6199.0,87.3148,103.983,81.5849,,,,,,,,,,,,,,,,,,,,,,,
apple-m4 · chrome|s2|070_r3f-ref-central_i13,apple-m4 · chrome,s2,r3f-ref-central,-,13,6151.0,30001.34,205.02417558679934,204.70828983653388,180.78091419102458,191.274875046195,4.87747358153204,4.885000020265579,0.17865954828580108,5.125,5.209999993443489,7.66499999165535,0.0,0.0,0.5099999904632568,0.5600000023841858,4.269999980926514,4.5775000005960464,0.10000002384185791,1.143875,3.46225282,6147.0,72.6353,104.9229,61.4636,,,,,,,,,,,,,,,,,,,,,,,
apple-m4 · chrome|s2|071_r3f-ref+parent-state_i14,apple-m4 · chrome,s2,r3f-ref+parent-state,-,14,6203.0,30002.14,206.75191836304995,210.74815574184922,75.14195162866154,147.8214221872351,4.8367144929897625,4.745000004768372,0.8744998516723003,4.91500001847744,7.874600000381461,18.025000005960464,0.00016121231662098983,0.0,0.5850000083446503,0.6748999828100183,4.064999997615814,4.300000011920929,0.07500001788139343,1.194749,3.468541,6201.0,86.2798,143.1259,85.2186,,,,,,,,,,,,,,,,,,,,,,,
apple-m4 · chrome|s2|072_threejs_i14,apple-m4 · chrome,s2,threejs,-,14,6171.0,30003.01,205.67936350372284,205.33880883385385,183.77645556749297,192.4651157453792,4.861936477073451,4.870000004768372,0.17885728536963472,5.105000019073486,5.185000002384186,7.950000017881393,0.0,0.0,0.4699999988079071,0.5550000071525574,4.2950000166893005,4.5999999940395355,0.09999999403953552,1.125208,3.516541,6167.0,64.5568,96.4508,63.1325,,,,,,,,,,,,,,,,,,,,,,,
apple-m4 · chrome|s2|073_r3f-ref-central_i14,apple-m4 · chrome,s2,r3f-ref-central,-,14,6709.0,30002.885,223.6118293291506,223.46368744847985,195.08502206268685,208.92124918605109,4.4720353256804986,4.4749999940395355,0.14822271605590026,4.655000001192093,4.87460000038147,8.905000001192093,0.0,0.0,0.4050000011920929,0.5150000154972076,3.9800000190734863,4.280000001192093,0.07500001788139343,1.208666,3.46877354,6707.0,79.172,165.3405,52.5399,,,,,,,,,,,,,,,,,,,,,,,
apple-m4 · chrome|s2|074_r3f-state_i14,apple-m4 · chrome,s2,r3f-state,-,14,2247.0,30010.55,74.87366942629637,77.33952045219061,50.20023046414819,59.75070086806835,13.355829995541663,12.930000007152557,1.172926910235791,15.508499991893768,18.505099997520443,22.37999999523163,0.014686248331108143,0.0,0.8250000178813934,0.9850000005960464,3.9600000083446503,4.385400006175041,8.140000015497208,0.895125,2.0009368000000003,2246.0,183.5332,315.658,97.5515,,,,,,,,,,,,,,,,,,,,,,,
apple-m4 · chrome|s2|075_r3f-ref_i14,apple-m4 · chrome,s2,r3f-ref,-,14,6183.0,30004.87,206.06654853025583,206.6115700952685,177.95930273105003,194.16377618115905,4.852801229177547,4.840000003576279,0.12589098992473507,4.995000004768372,5.140000015497208,7.155000001192093,0.0,0.0,0.7150000035762787,0.7849999964237213,4.03999999165535,4.280000001192093,0.07500001788139343,1.1908535,3.4663407900000003,6182.0,73.866,91.2703,44.8721,,,,,,,,,,,,,,,,,,,,,,,
apple-m4 · chrome|s2|076_r3f-ref-central_i15,apple-m4 · chrome,s2,r3f-ref-central,-,15,6178.0,30001.845,205.92066921218498,205.54984669385132,183.14468430453041,192.42964290722418,4.856239074133831,4.864999979734421,0.18006613344308173,5.104999989271164,5.1811499992012955,8.699999988079071,0.0,0.0,0.4650000035762787,0.5150000154972076,4.284999996423721,4.594999998807907,0.10000002384185791,1.150791,3.46084434,6174.0,76.0168,105.2912,75.0222,,,,,,,,,,,,,,,,,,,,,,,
apple-m4 · chrome|s2|077_threejs_i15,apple-m4 · chrome,s2,threejs,-,15,6210.0,30002.17,206.98502808305912,206.18556726370346,187.4442579316132,194.56596101815498,4.831267310786938,4.8499999940395355,0.17252330247807454,5.064999997615814,5.1400000128149985,6.510000020265579,0.0,0.0,0.445000022649765,0.5099999904632568,4.2950000166893005,4.580000010430813,0.09999999403953552,1.1191865,3.5172827,6206.0,62.7223,153.3661,140.7321,,,,,,,,,,,,,,,,,,,,,,,
apple-m4 · chrome|s2|078_r3f-state_i15,apple-m4 · chrome,s2,r3f-state,-,15,2193.0,30007.84,73.08090152446549,75.21624678347591,48.608298143637136,58.88088505489432,13.683465572263463,13.294999986886978,1.1888526026360535,15.745000004768372,18.44239999651906,23.94999998807907,0.013679890560875513,0.0,0.9150000214576721,1.0854000079631803,3.969999998807907,4.288200023174283,8.390000015497208,0.894083,1.693854810000002,2192.0,324.2983,325.0683,78.6546,,,,,,,,,,,,,,,,,,,,,,,
apple-m4 · chrome|s2|079_r3f-ref+parent-state_i15,apple-m4 · chrome,s2,r3f-ref+parent-state,-,15,6280.0,30004.425,209.30246122022018,213.21961631308213,75.82706536418809,150.2284524837022,4.777774681530561,4.689999997615814,0.8591769791664408,4.859999984502792,7.41514999926091,15.790000021457672,0.0,0.0,0.574999988079071,0.6550000011920929,4.019999980926514,4.230000019073486,0.07500001788139343,1.203708,3.4673422400000002,6279.0,87.701,198.381,58.0519,,,,,,,,,,,,,,,,,,,,,,,
apple-m4 · chrome|s2|080_r3f-ref_i15,apple-m4 · chrome,s2,r3f-ref,-,15,6209.0,30000.62,206.9623894439186,207.46887997591972,178.1916422231256,194.5574132341911,4.83179578031966,4.819999992847443,0.13438171393091528,4.984999984502792,5.105000019073486,7.7249999940395355,0.0,0.0,0.7150000035762787,0.7899999916553497,4.014999985694885,4.24960000038147,0.07500001788139343,1.191749,3.4643652499999997,6208.0,72.6531,84.9428,75.0138,,,,,,,,,,,,,,,,,,,,,,,
apple-m4 · chrome|s3|003_r3f_i1,apple-m4 · chrome,s3,r3f,-,1,,,,,,,,,,,,,,,,,,,,,,,,,,91.22499999403954,228.50499999523163,137.2800000011921,20.00499999523163,16.156742095947266,0.0,,,,,,,,,,,,,,,,,
apple-m4 · chrome|s3|004_threejs_i1,apple-m4 · chrome,s3,threejs,-,1,,,,,,,,,,,,,,,,,,,,,,,,,,42.939999997615814,99.03999999165535,56.099999994039536,26.615000009536743,11.970062255859375,0.0,,,,,,,,,,,,,,,,,
apple-m4 · chrome|s3|005_r3f_i2,apple-m4 · chrome,s3,r3f,-,2,,,,,,,,,,,,,,,,,,,,,,,,,,86.62000000476837,222.23500001430511,135.61500000953674,21.985000014305115,17.110721588134766,0.0,,,,,,,,,,,,,,,,,
apple-m4 · chrome|s3|006_threejs_i2,apple-m4 · chrome,s3,threejs,-,2,,,,,,,,,,,,,,,,,,,,,,,,,,46.40999999642372,102.0949999988079,55.685000002384186,24.94999998807907,14.288509368896484,0.0,,,,,,,,,,,,,,,,,
apple-m4 · chrome|s3|007_r3f_i3,apple-m4 · chrome,s3,r3f,-,3,,,,,,,,,,,,,,,,,,,,,,,,,,91.55500000715256,229.625,138.06999999284744,20.805000007152557,17.101035118103027,0.0,,,,,,,,,,,,,,,,,
apple-m4 · chrome|s3|008_threejs_i3,apple-m4 · chrome,s3,threejs,-,3,,,,,,,,,,,,,,,,,,,,,,,,,,46.354999989271164,97.98500001430511,51.63000002503395,25.200000017881393,12.030372619628906,0.0,,,,,,,,,,,,,,,,,
apple-m4 · chrome|s3|009_r3f_i4,apple-m4 · chrome,s3,r3f,-,4,,,,,,,,,,,,,,,,,,,,,,,,,,86.66999998688698,225.7999999821186,139.12999999523163,22.099999994039536,20.0428466796875,0.0,,,,,,,,,,,,,,,,,
apple-m4 · chrome|s3|010_threejs_i4,apple-m4 · chrome,s3,threejs,-,4,,,,,,,,,,,,,,,,,,,,,,,,,,38.185000002384186,93.6749999821186,55.48999997973442,24.264999985694885,12.44833755493164,0.0,,,,,,,,,,,,,,,,,
apple-m4 · chrome|s3|011_r3f_i5,apple-m4 · chrome,s3,r3f,-,5,,,,,,,,,,,,,,,,,,,,,,,,,,86.39000001549721,219.3100000023842,132.91999998688698,21.57499998807907,17.447684288024902,0.0,,,,,,,,,,,,,,,,,
apple-m4 · chrome|s3|012_threejs_i5,apple-m4 · chrome,s3,threejs,-,5,,,,,,,,,,,,,,,,,,,,,,,,,,43.03000000119209,100.56999999284744,57.53999999165535,28.15999999642372,11.68056869506836,0.0,,,,,,,,,,,,,,,,,
apple-m4 · chrome|s3|013_threejs_i6,apple-m4 · chrome,s3,threejs,-,6,,,,,,,,,,,,,,,,,,,,,,,,,,41.88499999046326,141.38499999046326,99.5,26.30000001192093,12.684009552001953,17.000000000000014,,,,,,,,,,,,,,,,,
apple-m4 · chrome|s3|014_r3f_i6,apple-m4 · chrome,s3,r3f,-,6,,,,,,,,,,,,,,,,,,,,,,,,,,83.52500000596046,213.65999999642372,130.13499999046326,20.194999992847443,19.623496055603027,0.0,,,,,,,,,,,,,,,,,
apple-m4 · chrome|s3|015_r3f_i7,apple-m4 · chrome,s3,r3f,-,7,,,,,,,,,,,,,,,,,,,,,,,,,,86.71500000357628,226.65999999642372,139.94499999284744,19.37999999523163,19.624417304992676,0.0,,,,,,,,,,,,,,,,,
apple-m4 · chrome|s3|016_threejs_i7,apple-m4 · chrome,s3,threejs,-,7,,,,,,,,,,,,,,,,,,,,,,,,,,42.24500000476837,131.8100000023842,89.56499999761581,23.46000000834465,14.37790298461914,12.0,,,,,,,,,,,,,,,,,
apple-m4 · chrome|s3|017_threejs_i8,apple-m4 · chrome,s3,threejs,-,8,,,,,,,,,,,,,,,,,,,,,,,,,,44.1700000166893,96.75999999046326,52.589999973773956,26.589999973773956,12.14394760131836,0.0,,,,,,,,,,,,,,,,,
apple-m4 · chrome|s3|018_r3f_i8,apple-m4 · chrome,s3,r3f,-,8,,,,,,,,,,,,,,,,,,,,,,,,,,82.13499999046326,211.4699999988079,129.33500000834465,18.844999998807907,20.74918270111084,0.0,,,,,,,,,,,,,,,,,
apple-m4 · chrome|s3|019_threejs_i9,apple-m4 · chrome,s3,threejs,-,9,,,,,,,,,,,,,,,,,,,,,,,,,,38.82500001788139,140.5300000011921,101.7049999833107,22.804999977350235,13.945602416992188,11.999999999999986,,,,,,,,,,,,,,,,,
apple-m4 · chrome|s3|020_r3f_i9,apple-m4 · chrome,s3,r3f,-,9,,,,,,,,,,,,,,,,,,,,,,,,,,83.95500001311302,251.99000000953674,168.03499999642372,22.615000009536743,20.65595245361328,0.0,,,,,,,,,,,,,,,,,
apple-m4 · chrome|s3|021_threejs_i10,apple-m4 · chrome,s3,threejs,-,10,,,,,,,,,,,,,,,,,,,,,,,,,,41.21500000357628,98.93500000238419,57.71999999880791,26.724999994039536,11.688236236572266,0.0,,,,,,,,,,,,,,,,,
apple-m4 · chrome|s3|022_r3f_i10,apple-m4 · chrome,s3,r3f,-,10,,,,,,,,,,,,,,,,,,,,,,,,,,80.08000001311302,256.9699999988079,176.88999998569489,23.464999973773956,17.110801696777344,0.0,,,,,,,,,,,,,,,,,
apple-m4 · chrome|s3|023_threejs_i11,apple-m4 · chrome,s3,threejs,-,11,,,,,,,,,,,,,,,,,,,,,,,,,,41.44499999284744,140.2199999988079,98.77500000596046,21.99500000476837,12.25457763671875,10.999999999999986,,,,,,,,,,,,,,,,,
apple-m4 · chrome|s3|024_r3f_i11,apple-m4 · chrome,s3,r3f,-,11,,,,,,,,,,,,,,,,,,,,,,,,,,87.01499998569489,261.97499999403954,174.96000000834465,21.305000007152557,20.43023109436035,0.0,,,,,,,,,,,,,,,,,
apple-m4 · chrome|s3|025_r3f_i12,apple-m4 · chrome,s3,r3f,-,12,,,,,,,,,,,,,,,,,,,,,,,,,,87.73000001907349,228.86000001430511,141.12999999523163,24.62000000476837,15.476924896240234,0.0,,,,,,,,,,,,,,,,,
apple-m4 · chrome|s3|026_threejs_i12,apple-m4 · chrome,s3,threejs,-,12,,,,,,,,,,,,,,,,,,,,,,,,,,46.33500000834465,143.31999999284744,96.98499998450279,20.2049999833107,11.80337905883789,9.0,,,,,,,,,,,,,,,,,
apple-m4 · chrome|s3|027_threejs_i13,apple-m4 · chrome,s3,threejs,-,13,,,,,,,,,,,,,,,,,,,,,,,,,,45.28000000119209,104.0300000011921,58.75,28.00500002503395,12.27261734008789,0.0,,,,,,,,,,,,,,,,,
apple-m4 · chrome|s3|028_r3f_i13,apple-m4 · chrome,s3,r3f,-,13,,,,,,,,,,,,,,,,,,,,,,,,,,96.12999999523163,230.0300000011921,133.90000000596046,22.280000001192093,16.18217658996582,0.0,,,,,,,,,,,,,,,,,
apple-m4 · chrome|s3|029_r3f_i14,apple-m4 · chrome,s3,r3f,-,14,,,,,,,,,,,,,,,,,,,,,,,,,,86.50999999046326,229.53999999165535,143.0300000011921,22.110000014305115,16.57382869720459,0.0,,,,,,,,,,,,,,,,,
apple-m4 · chrome|s3|030_threejs_i14,apple-m4 · chrome,s3,threejs,-,14,,,,,,,,,,,,,,,,,,,,,,,,,,50.06999999284744,102.85999998450279,52.78999999165535,26.344999998807907,12.442367553710938,0.0,,,,,,,,,,,,,,,,,
apple-m4 · chrome|s3|031_threejs_i15,apple-m4 · chrome,s3,threejs,-,15,,,,,,,,,,,,,,,,,,,,,,,,,,41.09499999880791,96.27000001072884,55.17500001192093,27.270000010728836,11.95758056640625,0.0,,,,,,,,,,,,,,,,,
apple-m4 · chrome|s3|032_r3f_i15,apple-m4 · chrome,s3,r3f,-,15,,,,,,,,,,,,,,,,,,,,,,,,,,82.98499998450279,251.41999998688698,168.4350000023842,20.444999992847443,15.829052925109863,0.0,,,,,,,,,,,,,,,,,
apple-m4 · chrome|s3|033_threejs_i16,apple-m4 · chrome,s3,threejs,-,16,,,,,,,,,,,,,,,,,,,,,,,,,,49.34000000357628,134.8250000178814,85.48500001430511,22.860000014305115,12.828250885009766,10.0,,,,,,,,,,,,,,,,,
apple-m4 · chrome|s3|034_r3f_i16,apple-m4 · chrome,s3,r3f,-,16,,,,,,,,,,,,,,,,,,,,,,,,,,87.48000001907349,265.84999999403954,178.36999997496605,22.419999986886978,15.979312896728516,0.0,,,,,,,,,,,,,,,,,
apple-m4 · chrome|s3|035_threejs_i17,apple-m4 · chrome,s3,threejs,-,17,,,,,,,,,,,,,,,,,,,,,,,,,,42.50500002503395,134.29000002145767,91.78499999642372,27.150000005960464,11.71767807006836,15.0,,,,,,,,,,,,,,,,,
apple-m4 · chrome|s3|036_r3f_i17,apple-m4 · chrome,s3,r3f,-,17,,,,,,,,,,,,,,,,,,,,,,,,,,90.40999999642372,226.8100000023842,136.40000000596046,20.444999992847443,16.361875534057617,0.0,,,,,,,,,,,,,,,,,
apple-m4 · chrome|s3|037_threejs_i18,apple-m4 · chrome,s3,threejs,-,18,,,,,,,,,,,,,,,,,,,,,,,,,,45.78999999165535,100.29499998688698,54.50499999523163,25.984999984502792,13.055561065673828,0.0,,,,,,,,,,,,,,,,,
apple-m4 · chrome|s3|038_r3f_i18,apple-m4 · chrome,s3,r3f,-,18,,,,,,,,,,,,,,,,,,,,,,,,,,88.5,227.58000001311302,139.08000001311302,22.235000014305115,15.530993461608887,0.0,,,,,,,,,,,,,,,,,
apple-m4 · chrome|s3|039_threejs_i19,apple-m4 · chrome,s3,threejs,-,19,,,,,,,,,,,,,,,,,,,,,,,,,,44.10999998450279,134.31999999284744,90.21000000834465,24.650000005960464,12.076229095458984,15.0,,,,,,,,,,,,,,,,,
apple-m4 · chrome|s3|040_r3f_i19,apple-m4 · chrome,s3,r3f,-,19,,,,,,,,,,,,,,,,,,,,,,,,,,81.06000000238419,222.05499997735023,140.99499997496605,19.125,16.569788932800293,0.0,,,,,,,,,,,,,,,,,
apple-m4 · chrome|s3|041_threejs_i20,apple-m4 · chrome,s3,threejs,-,20,,,,,,,,,,,,,,,,,,,,,,,,,,44.23999997973442,139.23999997973442,95.0,27.169999986886978,11.909751892089844,17.0,,,,,,,,,,,,,,,,,
apple-m4 · chrome|s3|042_r3f_i20,apple-m4 · chrome,s3,r3f,-,20,,,,,,,,,,,,,,,,,,,,,,,,,,90.86500000953674,228.875,138.00999999046326,19.86499997973442,18.439132690429688,0.0,,,,,,,,,,,,,,,,,
apple-m4 · chrome|s3|043_threejs_i21,apple-m4 · chrome,s3,threejs,-,21,,,,,,,,,,,,,,,,,,,,,,,,,,41.520000010728836,94.63500002026558,53.11500000953674,25.285000026226044,12.248844146728516,0.0,,,,,,,,,,,,,,,,,
apple-m4 · chrome|s3|044_r3f_i21,apple-m4 · chrome,s3,r3f,-,21,,,,,,,,,,,,,,,,,,,,,,,,,,84.96000000834465,232.62000000476837,147.65999999642372,24.939999997615814,16.36153793334961,0.0,,,,,,,,,,,,,,,,,
apple-m4 · chrome|s3|045_r3f_i22,apple-m4 · chrome,s3,r3f,-,22,,,,,,,,,,,,,,,,,,,,,,,,,,81.7800000011921,225.26000002026558,143.4800000190735,20.63500002026558,20.72541046142578,0.0,,,,,,,,,,,,,,,,,
apple-m4 · chrome|s3|046_threejs_i22,apple-m4 · chrome,s3,threejs,-,22,,,,,,,,,,,,,,,,,,,,,,,,,,39.625,93.78499999642372,54.15999999642372,24.890000015497208,12.152828216552734,0.0,,,,,,,,,,,,,,,,,
apple-m4 · chrome|s3|047_r3f_i23,apple-m4 · chrome,s3,r3f,-,23,,,,,,,,,,,,,,,,,,,,,,,,,,86.75500002503395,256.43000000715256,169.6749999821186,20.375,16.330039978027344,0.0,,,,,,,,,,,,,,,,,
apple-m4 · chrome|s3|048_threejs_i23,apple-m4 · chrome,s3,threejs,-,23,,,,,,,,,,,,,,,,,,,,,,,,,,38.41999998688698,153.3599999845028,114.93999999761581,21.794999986886978,13.051765441894531,23.000000000000007,,,,,,,,,,,,,,,,,
apple-m4 · chrome|s3|049_r3f_i24,apple-m4 · chrome,s3,r3f,-,24,,,,,,,,,,,,,,,,,,,,,,,,,,86.00499999523163,234.39500001072884,148.3900000154972,21.860000014305115,16.36228847503662,0.0,,,,,,,,,,,,,,,,,
apple-m4 · chrome|s3|050_threejs_i24,apple-m4 · chrome,s3,threejs,-,24,,,,,,,,,,,,,,,,,,,,,,,,,,43.9549999833107,142.63999998569489,98.68500000238419,21.439999997615814,12.219429016113281,8.0,,,,,,,,,,,,,,,,,
apple-m4 · chrome|s3|051_threejs_i25,apple-m4 · chrome,s3,threejs,-,25,,,,,,,,,,,,,,,,,,,,,,,,,,45.025000005960464,98.59000000357628,53.564999997615814,26.540000021457672,12.396156311035156,0.0,,,,,,,,,,,,,,,,,
apple-m4 · chrome|s3|052_r3f_i25,apple-m4 · chrome,s3,r3f,-,25,,,,,,,,,,,,,,,,,,,,,,,,,,85.33500000834465,227.19999998807907,141.86499997973442,21.84000000357628,16.399287223815918,0.0,,,,,,,,,,,,,,,,,
apple-m4 · chrome|s3|053_threejs_i26,apple-m4 · chrome,s3,threejs,-,26,,,,,,,,,,,,,,,,,,,,,,,,,,38.854999989271164,136.62999999523163,97.77500000596046,23.384999990463257,12.237205505371094,17.0,,,,,,,,,,,,,,,,,
apple-m4 · chrome|s3|054_r3f_i26,apple-m4 · chrome,s3,r3f,-,26,,,,,,,,,,,,,,,,,,,,,,,,,,84.83499997854233,258.6449999809265,173.8100000023842,20.75,16.06563949584961,0.0,,,,,,,,,,,,,,,,,
apple-m4 · chrome|s3|055_threejs_i27,apple-m4 · chrome,s3,threejs,-,27,,,,,,,,,,,,,,,,,,,,,,,,,,42.61499997973442,101.27999997138977,58.66499999165535,27.969999998807907,11.86661148071289,0.0,,,,,,,,,,,,,,,,,
apple-m4 · chrome|s3|056_r3f_i27,apple-m4 · chrome,s3,r3f,-,27,,,,,,,,,,,,,,,,,,,,,,,,,,87.75500002503395,221.88000002503395,134.125,20.84000000357628,16.60917568206787,0.0,,,,,,,,,,,,,,,,,
apple-m4 · chrome|s3|057_r3f_i28,apple-m4 · chrome,s3,r3f,-,28,,,,,,,,,,,,,,,,,,,,,,,,,,85.19000002741814,265.09500002861023,179.9050000011921,21.87000000476837,16.144132614135742,0.0,,,,,,,,,,,,,,,,,
apple-m4 · chrome|s3|058_threejs_i28,apple-m4 · chrome,s3,threejs,-,28,,,,,,,,,,,,,,,,,,,,,,,,,,39.15999999642372,99.51500001549721,60.355000019073486,27.430000007152557,12.016181945800781,0.0,,,,,,,,,,,,,,,,,
apple-m4 · chrome|s3|059_r3f_i29,apple-m4 · chrome,s3,r3f,-,29,,,,,,,,,,,,,,,,,,,,,,,,,,85.30000001192093,226.16499999165535,140.86499997973442,20.259999990463257,16.37057399749756,0.0,,,,,,,,,,,,,,,,,
apple-m4 · chrome|s3|060_threejs_i29,apple-m4 · chrome,s3,threejs,-,29,,,,,,,,,,,,,,,,,,,,,,,,,,43.98499998450279,135.44999998807907,91.46500000357628,25.519999980926514,11.785274505615234,14.0,,,,,,,,,,,,,,,,,
apple-m4 · chrome|s3|061_threejs_i30,apple-m4 · chrome,s3,threejs,-,30,,,,,,,,,,,,,,,,,,,,,,,,,,44.8299999833107,99.25,54.4200000166893,24.525000005960464,12.073780059814453,0.0,,,,,,,,,,,,,,,,,
apple-m4 · chrome|s3|062_r3f_i30,apple-m4 · chrome,s3,r3f,-,30,,,,,,,,,,,,,,,,,,,,,,,,,,83.75,228.57000002264977,144.82000002264977,20.475000023841858,16.513652801513672,0.0,,,,,,,,,,,,,,,,,
apple-m4 · chrome|s4|005_threejs_i1,apple-m4 · chrome,s4,threejs,-,1,,,,,,,,,,,,,,,,,3.9600000083446503,,,,,,,,,,,,,,,94.0,52.0,42.0,0.0,0.0,6.355000019073486,8.215250001847743,6.368365383492066,6.540000021457672,1.8774999976158142,0.3449999988079071,0.0,0.0,0.04999998211860657,0.44680851063829785,,
apple-m4 · chrome|s4|006_r3f-events_i1,apple-m4 · chrome,s4,r3f-events,-,1,,,,,,,,,,,,,,,,,3.957500010728836,,,,,,,,,,,,,,,94.0,52.0,42.0,0.0,0.0,7.182500004768372,9.109250006079673,7.205961538048891,7.9849999994039536,2.197500005364418,1.0,0.29999998211860657,0.0,0.06750001013278961,0.44680851063829785,,
apple-m4 · chrome|s4|007_r3f-ref_i1,apple-m4 · chrome,s4,r3f-ref,-,1,,,,,,,,,,,,,,,,,4.009999990463257,,,,,,,,,,,,,,,94.0,52.0,42.0,0.0,0.0,6.512500002980232,8.07825001180172,6.43663461620991,6.730000004172325,2.155000001192093,0.3149999976158142,0.0,0.0,0.05500000715255737,0.44680851063829785,,
apple-m4 · chrome|s4|008_r3f-state_i1,apple-m4 · chrome,s4,r3f-state,-,1,,,,,,,,,,,,,,,,,3.867499992251396,,,,,,,,,,,,,,,94.0,52.0,42.0,0.0,0.0,11.25500001013279,12.899500006437302,11.346346154235876,11.500000014901161,2.3675000071525574,4.872500002384186,4.5374999940395355,0.0,0.07499998807907104,0.44680851063829785,,
apple-m4 · chrome|s4|009_threejs_i2,apple-m4 · chrome,s4,threejs,-,2,,,,,,,,,,,,,,,,,3.9025000035762787,,,,,,,,,,,,,,,100.0,52.0,48.0,0.0,0.0,6.60249999165535,8.32350001335144,6.63480769097805,6.794999986886978,2.269999995827675,0.33500000834465027,0.0,0.0,0.04999998211860657,0.48,,
apple-m4 · chrome|s4|010_r3f-events_i2,apple-m4 · chrome,s4,r3f-events,-,2,,,,,,,,,,,,,,,,,4.195000007748604,,,,,,,,,,,,,,,99.0,52.0,47.0,0.0,0.0,7.930000007152557,9.465499983727932,7.793557692032594,8.939999997615814,2.689999997615814,0.9900000095367432,0.27000001072883606,0.0,0.06000000238418579,0.47474747474747475,,
apple-m4 · chrome|s4|011_r3f-ref_i2,apple-m4 · chrome,s4,r3f-ref,-,2,,,,,,,,,,,,,,,,,4.010000005364418,,,,,,,,,,,,,,,100.0,52.0,48.0,0.0,0.0,6.594999998807907,8.405749997496605,6.65653846011712,6.8275000005960464,2.2574999928474426,0.26500001549720764,0.0,0.0,0.05500000715255737,0.48,,
apple-m4 · chrome|s4|012_r3f-state_i2,apple-m4 · chrome,s4,r3f-state,-,2,,,,,,,,,,,,,,,,,3.7975000143051147,,,,,,,,,,,,,,,99.0,52.0,47.0,0.0,0.0,10.82999999821186,12.79525001347065,10.950288464243595,11.074999988079071,2.0699999779462814,4.822500005364418,4.5,0.0,0.07500000298023224,0.47474747474747475,,
apple-m4 · chrome|s4|013_threejs_i3,apple-m4 · chrome,s4,threejs,-,3,,,,,,,,,,,,,,,,,3.927499994635582,,,,,,,,,,,,,,,97.0,54.0,43.0,0.0,0.0,6.617500007152557,8.570499992370605,6.684629627399975,6.8125,2.2600000202655792,0.36000001430511475,0.0,0.0,0.04999998211860657,0.44329896907216493,,
apple-m4 · chrome|s4|014_r3f-events_i3,apple-m4 · chrome,s4,r3f-events,-,3,,,,,,,,,,,,,,,,,3.955000013113022,,,,,,,,,,,,,,,96.0,53.0,43.0,0.0,0.0,7.024999976158142,8.903000003099441,7.054528300492269,8.034999996423721,1.9600000083446503,1.020000010728836,0.26500001549720764,0.0,0.06499999761581421,0.4479166666666667,,
apple-m4 · chrome|s4|015_r3f-ref_i3,apple-m4 · chrome,s4,r3f-ref,-,3,,,,,,,,,,,,,,,,,4.027500003576279,,,,,,,,,,,,,,,97.0,54.0,43.0,0.0,0.0,6.459999993443489,8.210250018537044,6.528333333907304,6.707499995827675,2.0125000029802322,0.3200000077486038,0.0,0.0,0.05500000715255737,0.44329896907216493,,
apple-m4 · chrome|s4|016_r3f-state_i3,apple-m4 · chrome,s4,r3f-state,-,3,,,,,,,,,,,,,,,,,3.7549999952316284,,,,,,,,,,,,,,,96.0,53.0,43.0,0.0,0.0,11.275000005960464,13.065999990701675,11.357547168461782,11.475000023841858,2.4899999797344208,4.979999989271164,4.620000004768372,0.0,0.07499998807907104,0.4479166666666667,,
apple-m4 · chrome|s4|017_r3f-ref_i4,apple-m4 · chrome,s4,r3f-ref,-,4,,,,,,,,,,,,,,,,,3.9525000154972076,,,,,,,,,,,,,,,96.0,52.0,44.0,0.0,0.0,6.510000005364418,8.033999997377396,6.514423074057469,6.742500007152557,2.189999997615814,0.3199999928474426,0.0,0.0,0.05500000715255737,0.4583333333333333,,
apple-m4 · chrome|s4|018_r3f-state_i4,apple-m4 · chrome,s4,r3f-state,-,4,,,,,,,,,,,,,,,,,3.959999978542328,,,,,,,,,,,,,,,95.0,51.0,44.0,0.0,0.0,10.759999990463257,13.385000005364418,10.992156861459508,11.004999995231628,1.4199999868869781,4.944999992847443,4.615000009536743,0.0,0.08500000834465027,0.4631578947368421,,
apple-m4 · chrome|s4|019_threejs_i4,apple-m4 · chrome,s4,threejs,-,4,,,,,,,,,,,,,,,,,3.947500005364418,,,,,,,,,,,,,,,96.0,52.0,44.0,0.0,0.0,6.167500004172325,8.6172499909997,6.43326923251152,6.360000014305115,1.760000005364418,0.33500000834465027,0.0,0.0,0.050000011920928955,0.4583333333333333,,
apple-m4 · chrome|s4|020_r3f-events_i4,apple-m4 · chrome,s4,r3f-events,-,4,,,,,,,,,,,,,,,,,3.935000002384186,,,,,,,,,,,,,,,96.0,52.0,44.0,0.0,0.0,7.485000014305115,9.019750018417835,7.322211543527933,8.407499998807907,2.4700000137090683,1.0349999964237213,0.27000001072883606,0.0,0.06750001013278961,0.4583333333333333,,
apple-m4 · chrome|s4|021_r3f-events_i5,apple-m4 · chrome,s4,r3f-events,-,5,,,,,,,,,,,,,,,,,3.992499992251396,,,,,,,,,,,,,,,94.0,54.0,40.0,0.0,0.0,7.107500001788139,9.134000001847744,7.306944443671791,7.934999987483025,1.9874999970197678,1.0099999904632568,0.3050000071525574,0.0,0.06499999761581421,0.425531914893617,,
apple-m4 · chrome|s4|022_r3f-ref_i5,apple-m4 · chrome,s4,r3f-ref,-,5,,,,,,,,,,,,,,,,,4.0250000059604645,,,,,,,,,,,,,,,95.0,55.0,40.0,0.0,0.0,6.305000007152557,8.555000004172324,6.627909091927789,6.590000003576279,1.875,0.29999998211860657,0.0,0.0,0.05500000715255737,0.42105263157894735,,
apple-m4 · chrome|s4|023_threejs_i5,apple-m4 · chrome,s4,threejs,-,5,,,,,,,,,,,,,,,,,4.019999980926514,,,,,,,,,,,,,,,95.0,55.0,40.0,0.0,0.0,6.800000011920929,8.291000008583069,6.669363636862148,6.979999989271164,2.354999989271164,0.35499998927116394,0.0,0.0,0.050000011920928955,0.42105263157894735,,
apple-m4 · chrome|s4|024_r3f-state_i5,apple-m4 · chrome,s4,r3f-state,-,5,,,,,,,,,,,,,,,,,3.7974999994039536,,,,,,,,,,,,,,,94.0,54.0,40.0,0.0,0.0,10.854999989271164,12.769999991357327,10.829351850681835,11.069999977946281,1.9125000089406967,4.882500007748604,4.490000009536743,0.0,0.07499998807907104,0.425531914893617,,
apple-m4 · chrome|s4|025_r3f-events_i6,apple-m4 · chrome,s4,r3f-events,-,6,,,,,,,,,,,,,,,,,3.9974999874830246,,,,,,,,,,,,,,,95.0,50.0,45.0,0.0,0.0,7.405000016093254,9.052749995887279,7.4300000005960465,8.504999995231628,2.2950000017881393,1.0449999868869781,0.3149999976158142,0.0,0.06999999284744263,0.47368421052631576,,
apple-m4 · chrome|s4|026_r3f-ref_i6,apple-m4 · chrome,s4,r3f-ref,-,6,,,,,,,,,,,,,,,,,3.990000009536743,,,,,,,,,,,,,,,96.0,51.0,45.0,0.0,0.0,6.605000019073486,8.25,6.53549019612518,6.810000002384186,2.270000010728836,0.32999998331069946,0.0,0.0,0.05500000715255737,0.46875,,
apple-m4 · chrome|s4|027_r3f-state_i6,apple-m4 · chrome,s4,r3f-state,-,6,,,,,,,,,,,,,,,,,4.069999992847443,,,,,,,,,,,,,,,95.0,50.0,45.0,0.0,0.0,11.572499990463257,13.285500012338161,11.530399999618531,11.78999999165535,2.280000001192093,5.077499985694885,4.677499994635582,0.0,0.08499997854232788,0.47368421052631576,,
apple-m4 · chrome|s4|028_threejs_i6,apple-m4 · chrome,s4,threejs,-,6,,,,,,,,,,,,,,,,,3.990000009536743,,,,,,,,,,,,,,,96.0,51.0,45.0,0.0,0.0,6.7750000059604645,8.462499991059303,6.702745099862416,6.995000004768372,2.395000010728836,0.28999999165534973,0.0,0.0,0.04999998211860657,0.46875,,
apple-m4 · chrome|s4|029_r3f-state_i7,apple-m4 · chrome,s4,r3f-state,-,7,,,,,,,,,,,,,,,,,3.844999998807907,,,,,,,,,,,,,,,101.0,64.0,37.0,0.0,0.0,11.147499993443489,12.835999998450278,11.0250781243667,11.389999985694885,2.240000009536743,4.875,4.554999992251396,0.0,0.06999999284744263,0.36633663366336633,,
apple-m4 · chrome|s4|030_threejs_i7,apple-m4 · chrome,s4,threejs,-,7,,,,,,,,,,,,,,,,,4.0250000059604645,,,,,,,,,,,,,,,102.0,65.0,37.0,0.0,0.0,6.5450000166893005,8.648000013828277,6.672769232896658,6.745000004768372,2.094999998807907,0.3400000035762787,0.0,0.0,0.050000011920928955,0.3627450980392157,,
apple-m4 · chrome|s4|031_r3f-events_i7,apple-m4 · chrome,s4,r3f-events,-,7,,,,,,,,,,,,,,,,,3.979999989271164,,,,,,,,,,,,,,,102.0,65.0,37.0,0.0,0.0,7.469999998807907,9.07000000476837,7.3493846145960005,8.314999997615814,2.2300000190734863,1.0849999785423279,0.36000001430511475,0.0,0.06999999284744263,0.3627450980392157,,
apple-m4 · chrome|s4|032_r3f-ref_i7,apple-m4 · chrome,s4,r3f-ref,-,7,,,,,,,,,,,,,,,,,4.0999999940395355,,,,,,,,,,,,,,,102.0,65.0,37.0,0.0,0.0,6.765000015497208,8.745999997854232,6.699846154909867,6.980000019073486,2.25,0.32500001788139343,0.0,0.0,0.05500000715255737,0.3627450980392157,,
apple-m4 · chrome|s4|033_r3f-ref_i8,apple-m4 · chrome,s4,r3f-ref,-,8,,,,,,,,,,,,,,,,,4.042499989271164,,,,,,,,,,,,,,,96.0,42.0,54.0,0.0,0.0,6.627499997615814,8.334499976038932,6.606785711078417,6.882499992847443,2.1599999964237213,0.3374999910593033,0.0,0.0,0.05249999463558197,0.5625,,
apple-m4 · chrome|s4|034_r3f-state_i8,apple-m4 · chrome,s4,r3f-state,-,8,,,,,,,,,,,,,,,,,3.7874999940395355,,,,,,,,,,,,,,,95.0,42.0,53.0,0.0,0.0,10.989999994635582,13.227999989688396,11.217738094074386,11.227500006556511,2.0974999964237213,5.067499995231628,4.689999997615814,0.0,0.07000002264976501,0.5578947368421052,,
apple-m4 · chrome|s4|035_threejs_i8,apple-m4 · chrome,s4,threejs,-,8,,,,,,,,,,,,,,,,,3.9149999916553497,,,,,,,,,,,,,,,96.0,42.0,54.0,0.0,0.0,6.0775000005960464,7.95274998396635,6.292380954538073,6.2774999886751175,1.824999988079071,0.3174999952316284,0.0,0.0,0.04999998211860657,0.5625,,
apple-m4 · chrome|s4|036_r3f-events_i8,apple-m4 · chrome,s4,r3f-events,-,8,,,,,,,,,,,,,,,,,3.980000004172325,,,,,,,,,,,,,,,95.0,42.0,53.0,0.0,0.0,7.034999996423721,9.026750023663043,7.117380950422514,7.9024999886751175,2.0174999982118607,0.9950000047683716,0.26500001549720764,0.0,0.06499999761581421,0.5578947368421052,,
apple-m4 · chrome|s4|037_r3f-ref_i9,apple-m4 · chrome,s4,r3f-ref,-,9,,,,,,,,,,,,,,,,,4.054999977350235,,,,,,,,,,,,,,,98.0,59.0,39.0,0.0,0.0,6.844999998807907,8.591500005125999,6.861271184884895,7.0799999833106995,2.3599999845027924,0.30000001192092896,0.0,0.0,0.05500000715255737,0.3979591836734694,,
apple-m4 · chrome|s4|038_threejs_i9,apple-m4 · chrome,s4,threejs,-,9,,,,,,,,,,,,,,,,,3.8899999856948853,,,,,,,,,,,,,,,98.0,59.0,39.0,0.0,0.0,5.864999979734421,8.203500005602836,6.17576270992473,6.044999986886978,1.604999989271164,0.32999998331069946,0.0,0.0,0.04999998211860657,0.3979591836734694,,
apple-m4 · chrome|s4|039_r3f-state_i9,apple-m4 · chrome,s4,r3f-state,-,9,,,,,,,,,,,,,,,,,3.810000002384186,,,,,,,,,,,,,,,97.0,59.0,38.0,0.0,0.0,11.300000011920929,12.956999990344046,11.117796609967442,11.519999980926514,2.594999998807907,4.894999980926514,4.544999986886978,0.0,0.07499998807907104,0.3917525773195876,,
apple-m4 · chrome|s4|040_r3f-events_i9,apple-m4 · chrome,s4,r3f-events,-,9,,,,,,,,,,,,,,,,,4.0450000166893005,,,,,,,,,,,,,,,97.0,59.0,38.0,0.0,0.0,7.155000001192093,9.172000020742416,7.146779663481955,8.01000002026558,2.0250000059604645,1.0450000166893005,0.3199999928474426,0.0,0.06999999284744263,0.3917525773195876,,
apple-m4 · chrome|s4|041_threejs_i10,apple-m4 · chrome,s4,threejs,-,10,,,,,,,,,,,,,,,,,4.060000002384186,,,,,,,,,,,,,,,98.0,59.0,39.0,0.0,0.0,7.240000009536743,8.790999990701675,7.045000001030453,7.435000002384186,2.7750000059604645,0.33500000834465027,0.0,0.0,0.04999998211860657,0.3979591836734694,,
apple-m4 · chrome|s4|042_r3f-ref_i10,apple-m4 · chrome,s4,r3f-ref,-,10,,,,,,,,,,,,,,,,,4.094999998807907,,,,,,,,,,,,,,,98.0,59.0,39.0,0.0,0.0,7.225000023841858,8.736500015854835,7.022457626916594,7.445000022649765,2.75,0.3149999976158142,0.0,0.0,0.05500000715255737,0.3979591836734694,,
apple-m4 · chrome|s4|043_r3f-events_i10,apple-m4 · chrome,s4,r3f-events,-,10,,,,,,,,,,,,,,,,,4.004999995231628,,,,,,,,,,,,,,,98.0,59.0,39.0,0.0,0.0,7.4549999833106995,8.876499992609023,7.30025423734875,8.290000021457672,2.3199999928474426,0.9750000238418579,0.26500001549720764,0.0,0.06499999761581421,0.3979591836734694,,
apple-m4 · chrome|s4|044_r3f-state_i10,apple-m4 · chrome,s4,r3f-state,-,10,,,,,,,,,,,,,,,,,3.820000022649765,,,,,,,,,,,,,,,98.0,59.0,39.0,0.0,0.0,11.245000004768372,12.822499999403954,11.029491529121238,11.480000019073486,2.405000001192093,4.855000019073486,4.5250000059604645,0.0,0.07499998807907104,0.3979591836734694,,
apple-m4 · chrome|s4|045_r3f-events_i11,apple-m4 · chrome,s4,r3f-events,-,11,,,,,,,,,,,,,,,,,3.959999978542328,,,,,,,,,,,,,,,97.0,49.0,48.0,0.0,0.0,7.310000002384186,9.244999992847443,7.38367346963104,8.199999988079071,2.2100000083446503,1.0399999916553497,0.2750000059604645,0.0,0.06999999284744263,0.4948453608247423,,
apple-m4 · chrome|s4|046_r3f-state_i11,apple-m4 · chrome,s4,r3f-state,-,11,,,,,,,,,,,,,,,,,3.782499998807907,,,,,,,,,,,,,,,96.0,48.0,48.0,0.0,0.0,11.560000002384186,12.970999985933304,11.300937499850988,11.802499994635582,2.5699999928474426,5.004999995231628,4.634999990463257,0.0,0.07499998807907104,0.5,,
apple-m4 · chrome|s4|047_threejs_i11,apple-m4 · chrome,s4,threejs,-,11,,,,,,,,,,,,,,,,,3.9950000047683716,,,,,,,,,,,,,,,97.0,49.0,48.0,0.0,0.0,7.1500000059604645,8.528999990224838,6.714897958599791,7.340000003576279,2.6800000071525574,0.32499998807907104,0.0,0.0,0.04999998211860657,0.4948453608247423,,
apple-m4 · chrome|s4|048_r3f-ref_i11,apple-m4 · chrome,s4,r3f-ref,-,11,,,,,,,,,,,,,,,,,4.054999977350235,,,,,,,,,,,,,,,97.0,49.0,48.0,0.0,0.0,7.094999998807907,8.564999997615814,6.9067346928071,7.355000019073486,2.625,0.30000001192092896,0.0,0.0,0.05500000715255737,0.4948453608247423,,
apple-m4 · chrome|s4|049_r3f-ref_i12,apple-m4 · chrome,s4,r3f-ref,-,12,,,,,,,,,,,,,,,,,4.0250000059604645,,,,,,,,,,,,,,,100.0,59.0,41.0,0.0,0.0,6.610000014305115,8.370000004768372,6.655423726570809,6.840000003576279,2.169999986886978,0.3199999928474426,0.0,0.0,0.054999977350234985,0.41,,
apple-m4 · chrome|s4|050_r3f-events_i12,apple-m4 · chrome,s4,r3f-events,-,12,,,,,,,,,,,,,,,,,3.9375,,,,,,,,,,,,,,,101.0,60.0,41.0,0.0,0.0,7.167500004172325,9.06100000143051,7.242749999960264,7.967499986290932,2.1050000190734863,1.0099999904632568,0.2749999761581421,0.0,0.0650000274181366,0.40594059405940597,,
apple-m4 · chrome|s4|051_r3f-state_i12,apple-m4 · chrome,s4,r3f-state,-,12,,,,,,,,,,,,,,,,,3.822499990463257,,,,,,,,,,,,,,,101.0,60.0,41.0,0.0,0.0,11.364999994635582,12.729749993979931,11.240916666885218,11.592500001192093,2.627499997615814,4.834999993443489,4.449999988079071,0.0,0.07499998807907104,0.40594059405940597,,
apple-m4 · chrome|s4|052_threejs_i12,apple-m4 · chrome,s4,threejs,-,12,,,,,,,,,,,,,,,,,3.8900000154972076,,,,,,,,,,,,,,,100.0,59.0,41.0,0.0,0.0,6.840000003576279,8.283000010251998,6.626610169471321,7.044999986886978,2.580000013113022,0.3349999785423279,0.0,0.0,0.04500001668930054,0.41,,
apple-m4 · chrome|s4|053_r3f-events_i13,apple-m4 · chrome,s4,r3f-events,-,13,,,,,,,,,,,,,,,,,3.9774999916553497,,,,,,,,,,,,,,,101.0,56.0,45.0,0.0,0.0,7.4749999940395355,9.077499993145466,7.436339284692492,8.427499994635582,2.3599999994039536,1.0750000029802322,0.32500000298023224,0.0,0.07000002264976501,0.44554455445544555,,
apple-m4 · chrome|s4|054_r3f-ref_i13,apple-m4 · chrome,s4,r3f-ref,-,13,,,,,,,,,,,,,,,,,4.050000011920929,,,,,,,,,,,,,,,102.0,57.0,45.0,0.0,0.0,6.814999997615814,8.412000000476837,6.8264035096294,7.074999988079071,2.384999990463257,0.30000001192092896,0.0,0.0,0.05500000715255737,0.4411764705882353,,
apple-m4 · chrome|s4|055_r3f-state_i13,apple-m4 · chrome,s4,r3f-state,-,13,,,,,,,,,,,,,,,,,3.810000002384186,,,,,,,,,,,,,,,100.0,55.0,45.0,0.0,0.0,11.375,12.934500017762184,11.268181815472516,11.609999984502792,2.6350000202655792,4.9000000059604645,4.534999996423721,0.0,0.07500001788139343,0.45,,
apple-m4 · chrome|s4|056_threejs_i13,apple-m4 · chrome,s4,threejs,-,13,,,,,,,,,,,,,,,,,3.947500005364418,,,,,,,,,,,,,,,101.0,56.0,45.0,0.0,0.0,7.167500004172325,8.712500005960464,7.051517858569111,7.375000014901161,2.7999999970197678,0.32999998331069946,0.0,0.0,0.050000011920928955,0.44554455445544555,,
apple-m4 · chrome|s4|057_r3f-events_i14,apple-m4 · chrome,s4,r3f-events,-,14,,,,,,,,,,,,,,,,,3.9950000047683716,,,,,,,,,,,,,,,92.0,51.0,41.0,0.0,0.0,7.479999989271164,8.9375,7.332549018602745,8.395000010728836,2.3899999856948853,1.0099999904632568,0.27000001072883606,0.0,0.06499999761581421,0.44565217391304346,,
apple-m4 · chrome|s4|058_threejs_i14,apple-m4 · chrome,s4,threejs,-,14,,,,,,,,,,,,,,,,,3.9375,,,,,,,,,,,,,,,93.0,52.0,41.0,0.0,0.0,6.632499992847443,8.486749993264675,6.624230768245,6.825000002980232,2.322500005364418,0.32999998331069946,0.0,0.0,0.050000011920928955,0.44086021505376344,,
apple-m4 · chrome|s4|059_r3f-ref_i14,apple-m4 · chrome,s4,r3f-ref,-,14,,,,,,,,,,,,,,,,,4.090000003576279,,,,,,,,,,,,,,,92.0,51.0,41.0,0.0,0.0,7.185000002384186,8.680000007152557,6.977352941737456,7.430000007152557,2.7849999964237213,0.33500000834465027,0.0,0.0,0.05500000715255737,0.44565217391304346,,
apple-m4 · chrome|s4|060_r3f-state_i14,apple-m4 · chrome,s4,r3f-state,-,14,,,,,,,,,,,,,,,,,3.844999998807907,,,,,,,,,,,,,,,92.0,51.0,41.0,0.0,0.0,11.399999976158142,13.237499982118607,11.445196075182334,11.639999985694885,2.3649999797344208,5.169999986886978,4.769999980926514,0.0,0.07500001788139343,0.44565217391304346,,
apple-m4 · chrome|s4|061_r3f-events_i15,apple-m4 · chrome,s4,r3f-events,-,15,,,,,,,,,,,,,,,,,3.9874999821186066,,,,,,,,,,,,,,,101.0,70.0,31.0,0.0,0.0,7.862500011920929,9.173250000178815,7.6200714307171955,8.730000004172325,2.812500014901161,1.0249999910593033,0.3100000023841858,0.0,0.06999999284744263,0.3069306930693069,,
apple-m4 · chrome|s4|062_threejs_i15,apple-m4 · chrome,s4,threejs,-,15,,,,,,,,,,,,,,,,,4.064999997615814,,,,,,,,,,,,,,,102.0,71.0,31.0,0.0,0.0,6.594999998807907,8.582499995827675,6.671338029730488,6.810000002384186,2.2399999797344208,0.3500000238418579,0.0,0.0,0.04999998211860657,0.30392156862745096,,
apple-m4 · chrome|s4|063_r3f-state_i15,apple-m4 · chrome,s4,r3f-state,-,15,,,,,,,,,,,,,,,,,3.877499997615814,,,,,,,,,,,,,,,101.0,70.0,31.0,0.0,0.0,11.635000005364418,13.245000010728836,11.458571430189268,11.872500002384186,2.4950000047683716,5.042500004172325,4.667499989271164,0.0,0.07499998807907104,0.3069306930693069,,
apple-m4 · chrome|s4|064_r3f-ref_i15,apple-m4 · chrome,s4,r3f-ref,-,15,,,,,,,,,,,,,,,,,4.03999999165535,,,,,,,,,,,,,,,102.0,71.0,31.0,0.0,0.0,6.819999992847443,8.455000013113022,6.862957745790482,7.054999977350235,2.365000009536743,0.3050000071525574,0.0,0.0,0.05500000715255737,0.30392156862745096,,
apple-m4 · chrome|s4|065_r3f-state_i16,apple-m4 · chrome,s4,r3f-state,-,16,,,,,,,,,,,,,,,,,3.8400000035762787,,,,,,,,,,,,,,,97.0,49.0,48.0,0.0,0.0,11.205000013113022,12.941000014543533,11.192346939627004,11.455000013113022,2.2000000178813934,5.050000011920929,4.659999996423721,0.0,0.06999999284744263,0.4948453608247423,,
apple-m4 · chrome|s4|066_r3f-ref_i16,apple-m4 · chrome,s4,r3f-ref,-,16,,,,,,,,,,,,,,,,,4.100000023841858,,,,,,,,,,,,,,,99.0,51.0,48.0,0.0,0.0,6.919999986886978,8.58500000834465,6.8536274509102695,7.155000001192093,2.199999988079071,0.3449999988079071,0.0,0.0,0.05500000715255737,0.48484848484848486,,
apple-m4 · chrome|s4|067_threejs_i16,apple-m4 · chrome,s4,threejs,-,16,,,,,,,,,,,,,,,,,3.939999997615814,,,,,,,,,,,,,,,99.0,51.0,48.0,0.0,0.0,6.284999996423721,8.495000004768372,6.500980392390606,6.480000019073486,1.9500000178813934,0.3149999976158142,0.0,0.0,0.04999998211860657,0.48484848484848486,,
apple-m4 · chrome|s4|068_r3f-events_i16,apple-m4 · chrome,s4,r3f-events,-,16,,,,,,,,,,,,,,,,,4.202500015497208,,,,,,,,,,,,,,,98.0,50.0,48.0,0.0,0.0,7.104999989271164,9.622500005364419,7.454200001955033,8.029999986290932,1.6449999958276749,1.0375000089406967,0.3199999928474426,0.0,0.06000000238418579,0.4897959183673469,,
apple-m4 · chrome|s4|069_threejs_i17,apple-m4 · chrome,s4,threejs,-,17,,,,,,,,,,,,,,,,,4.0,,,,,,,,,,,,,,,98.0,57.0,41.0,0.0,0.0,6.435000002384186,8.552000004053115,6.499649123664488,6.625,2.020000010728836,0.33500000834465027,0.0,0.0,0.04999998211860657,0.41836734693877553,,
apple-m4 · chrome|s4|070_r3f-state_i17,apple-m4 · chrome,s4,r3f-state,-,17,,,,,,,,,,,,,,,,,4.014999985694885,,,,,,,,,,,,,,,96.0,57.0,39.0,0.0,0.0,11.61999997496605,13.23600001335144,11.507017544487066,11.844999998807907,2.165000021457672,5.090000003576279,4.685000002384186,0.0,0.08500000834465027,0.40625,,
apple-m4 · chrome|s4|071_r3f-events_i17,apple-m4 · chrome,s4,r3f-events,-,17,,,,,,,,,,,,,,,,,4.014999985694885,,,,,,,,,,,,,,,97.0,57.0,40.0,0.0,0.0,7.040000021457672,8.998000007867812,7.271842105869661,7.800000011920929,2.030000001192093,0.9449999928474426,0.2900000214576721,0.0,0.06499999761581421,0.41237113402061853,,
apple-m4 · chrome|s4|072_r3f-ref_i17,apple-m4 · chrome,s4,r3f-ref,-,17,,,,,,,,,,,,,,,,,4.069999992847443,,,,,,,,,,,,,,,98.0,57.0,41.0,0.0,0.0,6.419999986886978,8.582000005245208,6.564824561800873,6.619999974966049,1.9449999928474426,0.33000001311302185,0.0,0.0,0.05500000715255737,0.41836734693877553,,
apple-m4 · chrome|s4|073_threejs_i18,apple-m4 · chrome,s4,threejs,-,18,,,,,,,,,,,,,,,,,3.9749999940395355,,,,,,,,,,,,,,,94.0,53.0,41.0,0.0,0.0,6.719999998807907,8.644000005722045,6.80509433825061,6.895000010728836,2.3900000154972076,0.3050000071525574,0.0,0.0,0.050000011920928955,0.43617021276595747,,
apple-m4 · chrome|s4|074_r3f-state_i18,apple-m4 · chrome,s4,r3f-state,-,18,,,,,,,,,,,,,,,,,3.830000013113022,,,,,,,,,,,,,,,94.0,53.0,41.0,0.0,0.0,11.290000021457672,13.039999997615814,11.361132076326406,11.51000002026558,2.2300000190734863,5.020000010728836,4.645000010728836,0.0,0.07499998807907104,0.43617021276595747,,
apple-m4 · chrome|s4|075_r3f-events_i18,apple-m4 · chrome,s4,r3f-events,-,18,,,,,,,,,,,,,,,,,3.969999998807907,,,,,,,,,,,,,,,94.0,53.0,41.0,0.0,0.0,7.485000014305115,8.990000003576279,7.42877358704243,8.245000004768372,2.3550000190734863,1.050000011920929,0.3149999976158142,0.0,0.06999999284744263,0.43617021276595747,,
apple-m4 · chrome|s4|076_r3f-ref_i18,apple-m4 · chrome,s4,r3f-ref,-,18,,,,,,,,,,,,,,,,,4.010000020265579,,,,,,,,,,,,,,,95.0,53.0,42.0,0.0,0.0,6.245000004768372,8.338999992609024,6.276698112487793,6.465000003576279,1.9099999964237213,0.28999999165534973,0.0,0.0,0.05500000715255737,0.4421052631578947,,
apple-m4 · chrome|s4|077_r3f-state_i19,apple-m4 · chrome,s4,r3f-state,-,19,,,,,,,,,,,,,,,,,3.8299999982118607,,,,,,,,,,,,,,,102.0,68.0,34.0,0.0,0.0,11.022499978542328,13.04200000166893,11.071397059104022,11.257499992847443,2.2474999874830246,4.875,4.519999995827675,0.0,0.07499998807907104,0.3333333333333333,,
apple-m4 · chrome|s4|078_r3f-events_i19,apple-m4 · chrome,s4,r3f-events,-,19,,,,,,,,,,,,,,,,,3.9925000071525574,,,,,,,,,,,,,,,102.0,68.0,34.0,0.0,0.0,7.499999985098839,8.993250006437302,7.361250003471094,8.372499987483025,2.4300000071525574,0.9675000011920929,0.25999999046325684,0.0,0.06499999761581421,0.3333333333333333,,
apple-m4 · chrome|s4|079_r3f-ref_i19,apple-m4 · chrome,s4,r3f-ref,-,19,,,,,,,,,,,,,,,,,4.120000004768372,,,,,,,,,,,,,,,102.0,68.0,34.0,0.0,0.0,7.16499999165535,8.670000006258487,7.064705880687518,7.397499993443489,2.625,0.3400000035762787,0.0,0.0,0.05500000715255737,0.3333333333333333,,
apple-m4 · chrome|s4|080_threejs_i19,apple-m4 · chrome,s4,threejs,-,19,,,,,,,,,,,,,,,,,3.917499989271164,,,,,,,,,,,,,,,103.0,68.0,35.0,0.0,0.0,6.249999985098839,8.353249990940094,6.326470586745178,6.44250001013279,1.9124999940395355,0.32999998331069946,0.0,0.0,0.04500001668930054,0.33980582524271846,,
apple-m4 · chrome|s4|081_r3f-events_i20,apple-m4 · chrome,s4,r3f-events,-,20,,,,,,,,,,,,,,,,,4.159999996423721,,,,,,,,,,,,,,,100.0,54.0,46.0,0.0,0.0,7.612499982118607,9.196750001609326,7.523148149251938,8.530000001192093,2.3999999910593033,1.0,0.2550000101327896,0.0,0.06000000238418579,0.46,,
apple-m4 · chrome|s4|082_threejs_i20,apple-m4 · chrome,s4,threejs,-,20,,,,,,,,,,,,,,,,,3.9100000262260437,,,,,,,,,,,,,,,101.0,55.0,46.0,0.0,0.0,6.719999998807907,8.56249998807907,6.733545456149361,6.925000011920929,2.4200000166893005,0.32999998331069946,0.0,0.0,0.04999998211860657,0.45544554455445546,,
apple-m4 · chrome|s4|083_r3f-ref_i20,apple-m4 · chrome,s4,r3f-ref,-,20,,,,,,,,,,,,,,,,,4.074999988079071,,,,,,,,,,,,,,,101.0,55.0,46.0,0.0,0.0,6.734999984502792,8.468000009655952,6.770272726904262,6.965000003576279,2.1800000071525574,0.30000001192092896,0.0,0.0,0.05500000715255737,0.45544554455445546,,
apple-m4 · chrome|s4|084_r3f-state_i20,apple-m4 · chrome,s4,r3f-state,-,20,,,,,,,,,,,,,,,,,3.875,,,,,,,,,,,,,,,100.0,54.0,46.0,0.0,0.0,11.177500009536743,13.159499987959862,11.286759260627958,11.405000001192093,2.1749999970197678,5.040000021457672,4.6624999940395355,0.0,0.07499998807907104,0.46,,
apple-m4 · chrome|s5|005_threejs_i1,apple-m4 · chrome,s5,threejs,-,1,,,,,,,,,,,,,,,,,,,,,,,,,,,,,,,,,,,,,,,,,,,,,,,9219.0,18365.0
apple-m4 · chrome|s5|006_r3f-state_i1,apple-m4 · chrome,s5,r3f-state,-,1,,,,,,,,,,,,,,,,,,,,,,,,,,,,,,,,,,,,,,,,,,,,,,,3539.0,6105.0
apple-m4 · chrome|s5|007_r3f-ref_i1,apple-m4 · chrome,s5,r3f-ref,-,1,,,,,,,,,,,,,,,,,,,,,,,,,,,,,,,,,,,,,,,,,,,,,,,8639.0,17949.0
apple-m4 · chrome|s5|008_r3f-ref-central_i1,apple-m4 · chrome,s5,r3f-ref-central,-,1,,,,,,,,,,,,,,,,,,,,,,,,,,,,,,,,,,,,,,,,,,,,,,,8461.0,17481.0
apple-m4 · chrome|s5|009_r3f-ref_i2,apple-m4 · chrome,s5,r3f-ref,-,2,,,,,,,,,,,,,,,,,,,,,,,,,,,,,,,,,,,,,,,,,,,,,,,9043.0,17785.0
apple-m4 · chrome|s5|010_r3f-ref-central_i2,apple-m4 · chrome,s5,r3f-ref-central,-,2,,,,,,,,,,,,,,,,,,,,,,,,,,,,,,,,,,,,,,,,,,,,,,,9422.0,18595.0
apple-m4 · chrome|s5|011_r3f-state_i2,apple-m4 · chrome,s5,r3f-state,-,2,,,,,,,,,,,,,,,,,,,,,,,,,,,,,,,,,,,,,,,,,,,,,,,3628.0,6143.0
apple-m4 · chrome|s5|012_threejs_i2,apple-m4 · chrome,s5,threejs,-,2,,,,,,,,,,,,,,,,,,,,,,,,,,,,,,,,,,,,,,,,,,,,,,,9119.0,18081.0
apple-m4 · chrome|s5|013_r3f-state_i3,apple-m4 · chrome,s5,r3f-state,-,3,,,,,,,,,,,,,,,,,,,,,,,,,,,,,,,,,,,,,,,,,,,,,,,3596.0,6082.0
apple-m4 · chrome|s5|014_r3f-ref_i3,apple-m4 · chrome,s5,r3f-ref,-,3,,,,,,,,,,,,,,,,,,,,,,,,,,,,,,,,,,,,,,,,,,,,,,,9657.0,18209.0
apple-m4 · chrome|s5|015_r3f-ref-central_i3,apple-m4 · chrome,s5,r3f-ref-central,-,3,,,,,,,,,,,,,,,,,,,,,,,,,,,,,,,,,,,,,,,,,,,,,,,8285.0,18646.0
apple-m4 · chrome|s5|016_threejs_i3,apple-m4 · chrome,s5,threejs,-,3,,,,,,,,,,,,,,,,,,,,,,,,,,,,,,,,,,,,,,,,,,,,,,,9010.0,17847.0
apple-m4 · chrome|s5|017_r3f-state_i4,apple-m4 · chrome,s5,r3f-state,-,4,,,,,,,,,,,,,,,,,,,,,,,,,,,,,,,,,,,,,,,,,,,,,,,3601.0,6068.0
apple-m4 · chrome|s5|018_r3f-ref_i4,apple-m4 · chrome,s5,r3f-ref,-,4,,,,,,,,,,,,,,,,,,,,,,,,,,,,,,,,,,,,,,,,,,,,,,,9361.0,18368.0
apple-m4 · chrome|s5|019_threejs_i4,apple-m4 · chrome,s5,threejs,-,4,,,,,,,,,,,,,,,,,,,,,,,,,,,,,,,,,,,,,,,,,,,,,,,9122.0,18009.0
apple-m4 · chrome|s5|020_r3f-ref-central_i4,apple-m4 · chrome,s5,r3f-ref-central,-,4,,,,,,,,,,,,,,,,,,,,,,,,,,,,,,,,,,,,,,,,,,,,,,,8864.0,19330.0
apple-m4 · chrome|s5|021_threejs_i5,apple-m4 · chrome,s5,threejs,-,5,,,,,,,,,,,,,,,,,,,,,,,,,,,,,,,,,,,,,,,,,,,,,,,8819.0,17394.0
apple-m4 · chrome|s5|022_r3f-state_i5,apple-m4 · chrome,s5,r3f-state,-,5,,,,,,,,,,,,,,,,,,,,,,,,,,,,,,,,,,,,,,,,,,,,,,,3580.0,6189.0
apple-m4 · chrome|s5|023_r3f-ref-central_i5,apple-m4 · chrome,s5,r3f-ref-central,-,5,,,,,,,,,,,,,,,,,,,,,,,,,,,,,,,,,,,,,,,,,,,,,,,8293.0,18580.0
apple-m4 · chrome|s5|024_r3f-ref_i5,apple-m4 · chrome,s5,r3f-ref,-,5,,,,,,,,,,,,,,,,,,,,,,,,,,,,,,,,,,,,,,,,,,,,,,,9010.0,18280.0
apple-m4 · chrome|s5|025_r3f-state_i6,apple-m4 · chrome,s5,r3f-state,-,6,,,,,,,,,,,,,,,,,,,,,,,,,,,,,,,,,,,,,,,,,,,,,,,3583.0,6222.0
apple-m4 · chrome|s5|026_r3f-ref-central_i6,apple-m4 · chrome,s5,r3f-ref-central,-,6,,,,,,,,,,,,,,,,,,,,,,,,,,,,,,,,,,,,,,,,,,,,,,,9019.0,18516.0
apple-m4 · chrome|s5|027_r3f-ref_i6,apple-m4 · chrome,s5,r3f-ref,-,6,,,,,,,,,,,,,,,,,,,,,,,,,,,,,,,,,,,,,,,,,,,,,,,8768.0,16914.0
apple-m4 · chrome|s5|028_threejs_i6,apple-m4 · chrome,s5,threejs,-,6,,,,,,,,,,,,,,,,,,,,,,,,,,,,,,,,,,,,,,,,,,,,,,,8889.0,17156.0
apple-m4 · chrome|s5|029_r3f-state_i7,apple-m4 · chrome,s5,r3f-state,-,7,,,,,,,,,,,,,,,,,,,,,,,,,,,,,,,,,,,,,,,,,,,,,,,3653.0,6489.0
apple-m4 · chrome|s5|030_r3f-ref-central_i7,apple-m4 · chrome,s5,r3f-ref-central,-,7,,,,,,,,,,,,,,,,,,,,,,,,,,,,,,,,,,,,,,,,,,,,,,,8430.0,17872.0
apple-m4 · chrome|s5|031_r3f-ref_i7,apple-m4 · chrome,s5,r3f-ref,-,7,,,,,,,,,,,,,,,,,,,,,,,,,,,,,,,,,,,,,,,,,,,,,,,8675.0,16876.0
apple-m4 · chrome|s5|032_threejs_i7,apple-m4 · chrome,s5,threejs,-,7,,,,,,,,,,,,,,,,,,,,,,,,,,,,,,,,,,,,,,,,,,,,,,,9231.0,18001.0
apple-m4 · chrome|s5|033_r3f-state_i8,apple-m4 · chrome,s5,r3f-state,-,8,,,,,,,,,,,,,,,,,,,,,,,,,,,,,,,,,,,,,,,,,,,,,,,3405.0,6522.0
apple-m4 · chrome|s5|034_r3f-ref_i8,apple-m4 · chrome,s5,r3f-ref,-,8,,,,,,,,,,,,,,,,,,,,,,,,,,,,,,,,,,,,,,,,,,,,,,,9295.0,18471.0
apple-m4 · chrome|s5|035_threejs_i8,apple-m4 · chrome,s5,threejs,-,8,,,,,,,,,,,,,,,,,,,,,,,,,,,,,,,,,,,,,,,,,,,,,,,8517.0,16777.0
apple-m4 · chrome|s5|036_r3f-ref-central_i8,apple-m4 · chrome,s5,r3f-ref-central,-,8,,,,,,,,,,,,,,,,,,,,,,,,,,,,,,,,,,,,,,,,,,,,,,,8849.0,17155.0
